작성자,댓글,좋아요수,작성일
@10m_economy,"(08:13) 오타가 있습니다. 영상에 2024년 상반기 판관비가 6495라고 아니라 3495 입니다. 이미 영상에서  전년 대비 판관비가 4.7%p 개선됐다고 설명했고 바로 뒤에 어느 부분에서 줄었는지도 설명하고 있습니다. 단순 오타이고 컬리를 폄훼하려는 의도가 전혀 없음을 다들 아시리라 생각합니다. 영상 수정하는 법을 몰라 관련 부분 숫자를 블러 처리 했습니다. 영상에서도 누차 말하고 있지만 개인적으로 컬리 대표가 경영철학이 있는 ceo며, 구영배 대표와는 다른 사람이라고 생각합니다. 그리고 그 능력으로 위기를 헤쳐나가리라 보고 있고요. 오해 없으시길 바랍니다. 그리고 댓글은 지우지 않습니다. 최신순으로 해서 보시면 모든 댓글 다 나옵니다.

(07:30) 내용의 오류가 있습니다. 비상장 기업이라고 해서 모두 정기보고서(사업/분기/반기) 공시 대상에서 제외되는 것은 아니라고 합니다. 주권상장법인 외에도 다른 조건이 만족되면 정기보고서를 공시해야 합니다. 알려주신 분께 감사를 표합니다.",182,2024-10-16T04:34:06Z
@teasky3360,그러고보니 코로나때 의지할 곳이 컬리였는데... 외출도 못할 시기 커피부터 시작해서 각종 먹거리를 담날 배송해주던 고마운 곳. 힘내세요,0,2025-08-24T06:39:59Z
@dkyang4411,업체 운영하시는분들은 아시겠지만 정산주기 늘리는거 진짜 피말립니다... 어휴,0,2025-06-30T10:47:53Z
@user-loee7dk6rrt,중국자본들어가면 홈플러스 꼴남 . 컬리는 중국자본이 먹었음,0,2025-06-24T10:47:30Z
@Aloevera988,중국 자본인데 왜 써야함?,3,2025-06-24T10:17:20Z
@포그해피,"ceo가 여자지?
그럼 정상인거야
정해진 길을 걷는 것일뿐",0,2025-06-24T10:00:44Z
@현재의자유함과부유함,"컬리는 중국자본
쿠팡은 미국자본.
답 나왔죠?",1,2025-06-21T13:55:46Z
@Llllililillllllliiill,중국자본 투자받았데서 앱 삭제함,1,2025-06-19T07:50:34Z
@kyurijung6840,난 컬라에서 이어폰 삿는데 반품한건진 누가쓰던게 옴 ㅎㅎ 너무황당해섶다음부터 안씀 ㅡ 직원이 문젠지 시스템이 문젠지 ㅡ 반송도 귀차나서 그냥쳐박아버리고 컬리안씀,0,2025-06-15T06:27:19Z
@차카게살거라,이 채널도 망하겠군,0,2025-06-15T00:01:32Z
@Mdro-f8c,난 쿠팡 싫어서 컬리 잘쓰는중,0,2025-06-14T15:48:22Z
@superman-v9w2g,쿠팡이 너무 강력해서.,1,2025-06-14T08:59:32Z
@okso4642,컬리의 정체성 회복이 필요함. 비싸도 사고싶어지는 물건이 더 많아져야함.,2,2025-06-13T04:01:46Z
@Planet_LALAL,"컬리 왜 망했는지 아나? 결제 안하면 몇달뒤에 1만원 쿠폰이 날아옴 ㅡㅡ 자주 사는 사람은 쿠폰 안주면서, 한두달 안사면 4만원이상 구매시 1만원할인 쿠폰을 주는데 쿠폰 생길때마다만 사지 쿠폰 없을 때 왜 삼",1,2025-06-08T00:59:19Z
@병약소년구바나나,"컬리 가격이 다른곳에 비해 1.5배ㅡ2.0배정도 비쌈
맛도 2배면 좋은뎅
맛은 1배더라구요",0,2025-06-07T19:36:26Z
@user-ahf3xcv5ej1,한국은 벤쳐나 엔젤들이 너무 설치고 그 사람들이 시장을 끌어가다 보니 스타트업들은 투자를 받아야 회사를 키울슈 있는 그 수준이라 자금줄 막히면 망하는거지머. 내가 청창사 나와서 vc 투자 제안 다 거절하고 이제 300억 매출 나오는데 채무가 0원이다. 한국 이름있는 스타트업들 보면 동네 치킨집 보다 못한 경우도 너무 많다. 특히 몸집 키워 엑싯으로 돈벌려는 수준떨어지는 창업자들도 많아지고 있고. 생태계를 죽이는데 vc 들이 한몫했음.,1,2025-06-06T02:17:24Z
@shuuminaify,컬리 모델이나 바꿔  아님 아예 쓰지 말던가 언제적 이효리야😅,1,2025-06-05T23:25:42Z
@romulus4677,컬리 화이팅~,0,2025-06-03T05:34:50Z
@happytoday469,비싸서 그래. 넘 비싸서 손절,1,2025-06-02T09:02:22Z
@5752380,"컬리 그동안 이용했던 사람들은 다 알거임
초창기 컬리? 미쳤음
가격도 미쳤는데 그거 알면서 시킬만했음
왜냐면 리얼 신선했거든...
새벽에 눈떠서 신선식품을 받는다? 각종 나물들 아침마다 소량으로 무쳐서 일주일먹으면 너무 좋았음
근데 최근에 생연어랑 샐러드 등 시켰는데 와;;;;ㅋㅋㅋ 상자까자마자 홍어냄시가 났음
연어가 다 상해서 온거;;
이게 컬리가 신선식품만하지 괜히 나대서 친환경+뷰티에 집중하다보니까 이따구임
보온박스 제대로 된거 사용도안하고 다 종이면서 연어는 박스 오른쪽에, 얼음팩은 박스 왼쪽에 있으니까 연어가 다 상한거임
배달온지 1시간만에 상자를깠는데 그랬다는건 이전부터 그냥 오랜시간 방치되었다는거임
실제로 배송타임보니까 노답임..
내가 무슨 오지에살면 이해라도함. 서울 한복판인데;;

아무튼 뷰티 이후에 신선쪽 관리를 너무 못함
여기에 더해서 컬리 정기구독자에게 주는 혜택이 거의 전무함
정기구독자 할인쿠폰 -> 상시뿌리는 할인쿠폰이랑 중복적용이 안됨. 근데 할인률은 상시쿠폰이 더 높음 -> 구독쿠폰 다 버리기 일쑤
무료배송 -> 무료배송 컷 개높음. 쿠팡프레시랑 비교됨.. 구독해도 무료배송컷이 만만해지지 않음
구독자 전용상품 -> 확실히 싸긴함 ㄹㅇ. 근데 구매제한 1개ㅋㅋ 그리고 대부분 안사는 식품들 또는 사더라도 가~끔 살까말까한 애들뿐임

결론은 정기구독하던 사람들 다 떠나감....",3,2025-05-31T18:44:11Z
@QuickTrustFunds,기술기반이 아닌 노동력을 착취해서 기업가치가 잠깐 올라갔다가 그 거품이 꺼졌을 뿐,2,2025-05-31T09:33:13Z
@NGP_review,"컬리는 입점사들이 입점을 꺼려하고있어요
재고가 한달안에 다안팔리면 입정사들에게 보관료도 요구하고, 한박스에 3개이상 넣지 못하게하니, 박스비,발송비 상당히 많이 나옵니다 그러니 입점사들은 가격올리거나 퇴점밖에 답이 없습니다",2,2025-05-30T22:44:32Z
@ellalee9642,초창기에 식품만 주력했을때는 넘사벽이라 이용했었는데 지금은 흔한제품 기성제품 가격도 쿠팡이 더싸서 사실 잘 이용안함 쿠팡로켓프레쉬는 밤12시이전까지 다음날 새벽배송이라 더 편함..,0,2025-05-29T01:08:26Z
@blrusian,컬리의 몰락을 말하겠다면서 그 대표의 학력과 그 학교 출신이 누군지까지 알아야 하나요? 하하하하. 채널 차단할께요.,0,2025-05-25T23:22:53Z
@김재윤-s6t7l,10년을 채 못가네요.요즘 신생기업들의 수명이 그렇죠,0,2025-05-20T04:18:01Z
@Leo-ct5hc,"새벽배송을 위해 아파트 공동출입문 출입 비밀번호를 저장해 두어도  문앞 배송은 커녕 공동현관 앞에 두고 배달완료 했다고 알림  보낼꺼면 현관 공동출입번호 등록은 왜 하라는거임.

이후로도 동일하게 배송해서 가입해지 하고 쿠팡으로만 주문하게됨.

두 번 주문해보고 이  회사  오래 못갈것 같다고 생각했었는데 아니나 다를까 이런 사정도 있었네요",0,2025-05-13T08:08:42Z
@siam-m3z,"컬리는 알바하는 사람들 정말 힘들게합니다
사실 정신적으로 육체적으로 더힘든곳이컬리고
쿠팡은 몸만힘들지요
계약직들이 알바를 갑질하는컬리
결국은 이익을 인건비에서
건졌다는것은
열명이할일을 한사람이했다고 보면됩니다
얼음 한개넣어야할곳에
두개넣었다가 걸리면
사실확인서 작성해야합니다",0,2025-05-13T02:08:37Z
@user-hz7ec1fh3y,한국 인구가 작은데,0,2025-05-12T22:55:05Z
@김기환-o5p2n,으막 끄라!!!,0,2025-05-12T10:30:40Z
@jhope8755,컬리 비싸기만함,0,2025-05-12T07:04:45Z
@김재윤-s6t7l,식품만을 대상으로한 e유통은 분명한 한계가 있게 마련.스펙트럼을 공산품으로도 확대했어야,0,2025-05-08T06:29:24Z
@서윤이랑,망할줄 알았슴 ㅋㅋㅋ,0,2025-05-05T03:17:50Z
@ssungh6725,"전지현 광고시작할때
망할거 예감했다.",0,2025-05-04T22:10:33Z
@Two_Aatow,이건 전혀 다른이야기지만 뭔가 색상 보라색이 좀 영 안어울리는것 같네요... 그냥 개인적인 생각,0,2025-05-04T10:58:29Z
@ddoli1212,난 일단 전지현이 광고하는건 거르고 봄,3,2025-05-03T20:05:46Z
@하루써니,컬리ㅡ 신선한 식료품으로 좋았는데ᆢ 이제는 ㅡㅡ 컬리어플 지움 배송되는게 없음 뭐만하면 품절이래,0,2025-05-03T03:57:19Z
@youngahkim8045,"쿠팡은 악마 같은 회사라 
배달 노동자들이 죽어나간다
멀쩡한 기업주 좀 많아졌으면 좋겠다",0,2025-05-03T00:50:40Z
@영양실조초롱이,"컬리 파트타임 알바하고 새벽1시에 끝나고 집에오면 새벽3시...샛별배송 주문해봤더니 새벽2시에 도착함.
개깜놀함.",0,2025-05-02T09:02:23Z
@burgerking8536,"처음 먹어보는거, 콜라보 많았는데. 아쉽군. 대표가 뻘짓했지뭐.",0,2025-04-30T23:15:29Z
@쪼꼬미초코,컬리가 퀄리티에 비해 비싸고 종류도 얼마없고. 처음에는 좀 이용했는데 지금은 이용안함.,0,2025-04-30T16:52:36Z
@따라쟁이-j6z,"1.김슬아 대표 이력이면 붕어빵을 차려도 투잡 받음
2.컬리 투자자들이 컬리가 국내에서 쿠팡과 경쟁상대가 될거다 해서 투자한건 아님
3.컬리 상장 못한게 큼
4.컬리는 단순한 플랫폼이 아니라 컬리 비즈니스 와 노하우로 해외에 진출하겠다는 계획이 있었음  근데 못함",0,2025-04-30T15:50:26Z
@Park-YoungJin,"사람을 사람으로 안 보는 사람에게 뭔 철학을 얘기하나
새벽 배송이란 것은 사람을 사람으로 본다면 생각이 들더라도 바로 접어 버려야 되는 것이다

이렇게 말하면 누군간 새벽 경매 시장, 도매 시장 얘길 하겠지
그것과 이건 질적, 양적으로 다르다

사회를 지옥으로 만드는 것과
그 사회의 속을 비춰 인간이 어떻게 영위하는 것인지 알게 되는 차이랄까

참담한 거지
김범석이나 여기나 마찬가지다
돼먹지 않은 자들에게 투자하는 자들도 마찬가지고

경제 이야기를 하고 싶으면 사람 얘기부터 해야 된다

한국은 기본이 안 돼 있어 기본이

=======

여러분이 근사하게 생각하는 나라 중에 새벽 배송 하는 나라 있던가

대댓글 달아보라",0,2025-04-30T14:18:35Z
@오아시스-l9u,가입후 아무리 비번찾으려해도 못찾았다 멍충이 회사다,0,2025-04-29T08:35:48Z
@오아시스-l9u,가입이어려워 나도 포기했다 멍충이들이다 꾸팡을 봐라,0,2025-04-29T08:35:16Z
@이정훈-f7g2e,애국하려면 컬리써야하는데,0,2025-04-28T08:53:51Z
@큰그림촬영팀,"이럴줄알았음

CS가........
너무 허접해....연락도없이 오후1시에..배송해주고 냉동냉장 다 상하고 녹아없어졌는데 삼천원 쿠폰.? 받으실? 안받으실람 말구.우린 모르겠음. 헐ㄹㄹㄹㄹㄹ어이없었어..
초심을 잃지 말자 컬리..",0,2025-04-27T12:38:12Z
@JangJang-11085,1710,0,2025-04-26T17:48:40Z
@JangJang-11085,1710,0,2025-04-26T17:47:53Z
@사슴처자,뷰티컬리는 폐기하고 다시 예전으로!,1,2025-04-26T10:45:12Z
@bne1920,쿠팡에 팔리겠지..,1,2025-04-23T21:54:15Z
@nomuralee8060,"어찌되었던 사업초기의 장점이 다른경쟁사에 의해 희석되어버린것은 사실임
컬리만의 아이덴티티를 다시 찾아내지 못하면 앞으로 가시밭길이 될것이고 제일 중요한 문제는 매출만 있고 수익개선을 어떻게 해결할것인가임 ->수익이 없는데 투자자들 빚으로만 더이상 버티기 힘든상황이 아닌가함
가치가 낮게평가되었어도 3~4년전 상장을 추진했어야 했고 개인적으로도 엑시트했어야 한다고보여지고
 물론 내부적 반발도 있었겠자만 그부분이 조금 안타깝다고 보여집니다 현재는 상장은 고사하고 유지도 힘든타이밍이 아닐지",0,2025-04-23T12:22:54Z
@bryandaniel2350,쿠폰 엄청 뿌리네요. 많이 힘든가 봅니다.,0,2025-04-23T01:48:48Z
@윤초심-s6y,컬리ㅡㅡ중국자본,2,2025-04-22T20:23:38Z
@abeufhke,컬리 중국자본 애국자라면 삭제,1,2025-04-22T06:51:39Z
@영림하-j6h,"컬리가 훨씬 경쟁력 있었는데 인력관리부터 개판 오분전이 되다보니 더 힘들어진거임.지금 뷰티컬리 접고 신선식품 하나만 제대로 잡고 차별화하고 인력관리,배송시스템,부자재 관리 똑바로 하면 쿠팡과는 다른 인지도를 갖게 되지 않을까 하네요.솔까 쿠팡은 뭐 밑빠진 독에 물붓기 개념이니 알아서 하라고 하시고요.",0,2025-04-22T05:02:57Z
@ykl4175,"김선아가 뭐라고? 자기가 직접 산지 돌아다니면 뭐 아나? 이마트 롯데마트 홈플러스애는 특정 카테고리만 수 십년 담당한 md들 넘쳐나는 데? 그냥 이미지만 있고 실체는 없는 기업임... 그 이미지로 올리브영 같은 거라도 했어야 하는데... 쿠팡처럼 규모의 경제도 안되고... 올리브영처럼 키테고리 킬러도 아니고 다이소처롬 대체 불가능한 틈새시장에 자리를 잡은 것도 아니고... 손정의 같은 호구(?)도 못 잡고... 욕심은 많아서 한참 물 들어 올 때매각도 안하고 경영권 유지랑 IPO만 노리다 이도 저도 아니게 됐음... 대한항공이 2,000억에 팔라는 거 5,000억 부르며 배짱 부리다 조용히 사라진 한성항공 꼴 나기 생겼음... 이젠 네이버나 롯데에 팔려도 겨우 수 천억... 지분이 한 5% 6%니 그거 라도 건지고 시마이 하는게 나을 듯...",1,2025-04-22T01:05:43Z
@Hhhh65556,계집은 경영하면 안돼,1,2025-04-22T00:37:24Z
@sophiakim6801,컬리도중국자본이개입됐다고들었습니다,1,2025-04-21T13:01:29Z
@짤랑잉,"컬리 거의 모든제품이 최근제조라 좋은데..
주2회 시키고 새벽에 기다렸다가 넣을정도로 배송도 빠르고
쿠팡은 생필품만사고 신선은 컬리만사봐서 상태도좋고
신상과자 입점도 제일빠름",0,2025-04-20T15:31:31Z
@dreani10,판관비는 사람 줄였나보네,0,2025-04-20T04:28:27Z
@lmnophjh,"컬리에게
넘나 감사하는1인입니다
제발 부흥 하시길 기원합니다",1,2025-04-19T23:17:29Z
@미쁘다-o2u,컬리와 쿠팡을 비교할순없음~쿠팡은 질떨어져서 못쓰겠음,0,2025-04-19T17:15:44Z
@grace-ex8bh,비싸...,0,2025-04-19T06:47:21Z
@감사함hsm,가격이 비싸도 신선 제품 퀄리티에 컬리 사용했는데 요즘은 쿠팡이 더 나음ㅜㅜ 거기다 반품ㆍ교환은 어찌나 까다로운지.,1,2025-04-18T14:39:32Z
@구뜨-g4c,컬리는 중국! 쿠팡은 미국! 아닌가~쿠팡  이 좋다!,3,2025-04-17T23:14:40Z
@Mcssg2,새벽배송이 혁신?  우유 새벽 배송이 혁신이니?  신문 새벽 배송도 혁신이겠네?,1,2025-04-17T16:30:47Z
@기지마-g6o,잘 해먹고 갑니다.,0,2025-04-17T08:28:23Z
@bhyen9,빨리망해라,0,2025-04-17T06:54:48Z
@real_life3429,"컬리 제품이 예전의 차별화, 믿을만한 상품의 질이 다 사라져버림. 차라리 쿠팡 로켓프레쉬가 더 저렴하고 질이 좋음.",0,2025-04-17T04:14:29Z
@Da1004-i9d,컬리는 근데 cs가 개구림 진짜,0,2025-04-17T04:04:07Z
@eastpure,댓글보면 정병걸리겠다.. 컬리 담당자는 일단 음식들 먹어보고 팔기를! 못먹겠는 맛대가리없는 걸 싸지도 않게 팔던데 먹어보고 진심 욕나옴;;,0,2025-04-16T22:56:30Z
@윤석열트럼프,"컬리 중국자본 들어갔읍니다,쓰지마시길",1,2025-04-16T18:27:37Z
@timothykim7007,바지사장? ㅜㅜ???,1,2025-04-16T15:33:04Z
@LongRun100,"배민  비마트랑 비교해보면 야채신선도가 떨어짐..첨엔 안그랬는데..이제 왠만하면 컬리에서는 공산품, 냉동, 실온만 사게 되네요",0,2025-04-16T13:35:47Z
@졸리졸리-p6x,특이한 소스 파스타면  일부러 찾아가야 할만한 제품 사려고 이용했는데 이젠 쿠폰이나 줘야 들어간다,0,2025-04-15T07:54:45Z
@tolltoll8181,콜라 고객이였는데 과일 야채  값이 너무 너무 비쌈,0,2025-04-15T07:42:25Z
@tolltoll8181,MD 구려지고 패키지문제로   손실 심각할듯 .,0,2025-04-15T07:41:33Z
@메이포,새벽배송 했어야했니? 노동자들  죽어나가는,0,2025-04-14T12:22:03Z
@dicxyyang-9584,"에호^^  참 딱하요! """"보스톤,맥킨지,베니컴퍼니,거슨리만 컨설퍼에서 몸 담거나 한 애덜 100%  그냥 사기꾼집단임. 속지 마시요""""  ㅡ 맥킨지,베인&컴퍼니,보스톤,테마섹,가슨리만 등 싹~ 사기꾼 컨설팅업체란 걸 아시요! 그냥 HACCP, ISO등 수많은 인증 대서빵 하는 수준이랑 다른게 없어요...단지 저 컨설팅 뽑을땐...컨설팅영업 위해서...대기업그룹인맥 있는 미국 유학생중 거대기업 3세랑 폰연락 하는 것들 뽑아서...그룹산하본부단별 100억씩 정상회계전표처리케 전그룹컨설팅후 여의도 HACCP인증시키는구조랑 단 0.0001%조차 다르지 않게... 거의 비용발생이 없는 컨설팅 업체가 1)60% 현금으로비자금 회장테 횡령후 돈 바침 2) 사람 짜르는 핑게를 회장은 컨설팅으로 전가 3)회사채 얻을때만 상기컨설팅 으로 서로 짜고치는 조금 사채이자유리 ..따라서 보스톤,맥킨지,베니컴퍼니,거슨리만 컨설펌은 그냥 사기꾼집단임!",0,2025-04-13T16:21:32Z
@윤미라-v4i,스트로폼 박스 너무 많이나와 안 씀..,0,2025-04-13T13:53:50Z
@petetroglodyte1860,"아 정말 좋네 ㅋㅋㅋㅋㅋㅋㅋㅋ 폭망해라 ㅋㅋ
Low interest rate environment 에서 흑자 없이 growth 만 추진하다 funding crisis 생긴거 너무 뻔한 스토리. 퍼블릭 마켓 이었으면 주가 빠졌을텐데 vc 놈들이 mark down 응 안해서 안보이는거뿐",0,2025-04-13T13:47:08Z
@patzzy-w7x,회원 가입했다가 살게 없어서 걍 탈퇴..펫프렌즈처럼 반려품목이 많으면 좋을텐데..뷰티는 안사도 그만이지만 개고양일 굶길순 없으니,0,2025-04-13T13:02:53Z
@jjhh0011,소수 정예로 고가로 갓어야지,0,2025-04-13T11:12:00Z
@이은지-z7p,아니..사실무근이라고 시작하면서 말하는 영상을 어떻게 올리는거지?,0,2025-04-13T08:46:18Z
@ahahah700,컬리가 왜 그런 선택을 했는지 지금도 이해가 안되요. . . 그리고 전지현을 모델로 했던가? 이미지가 오히려 구려졌었요. .,0,2025-04-13T06:11:39Z
@Ksybxlofaakirfbkl,쿠팡 있는데 왠 컬리? 😅,0,2025-04-12T23:21:51Z
@ABBACAA,쿠팡 컬리가 신기술이라고 생각하는거 자체가 머리에 문제가 있는거😂 그리고 새벽배송이 컬리가 독점할수도 없는거😂,0,2025-04-12T19:58:32Z
@reekie-w6x,가격 낮추지 않음 힘들어요. 바나나처럼 일상 주변에서 얼마든지 싸게 살 수 있는 걸 바가지 쓴다는 느낌 받으면 안사죠. 전체적으로 비싸단 느낌이에요. 물론 신경쓰지 않는 이들도 많겠죠. 지나치게 공격적인 쿠팡과 대등해지면 좋겠어요.,11,2025-04-12T19:52:24Z
@sglee-yy8pz,"철학은 무슨요, 어차피 다 사기꾼들. 다 남의 돈으로 사업.",0,2025-04-12T13:34:42Z
@user-ti8sn5oo6i,결국 상품제공자  고혈로 버티고 있다는건데..,0,2025-04-11T13:06:15Z
@하얀바다-w9l,"컬리에 믿음이있는 고객이 많아서
꼭 살아남았으면",3,2025-04-11T09:30:07Z
@FawkesKorea,"혁신 이었으나 신선식품 보장이 😢
안됨 새벽배송 인프라가 한정적 😢",2,2025-04-10T12:14:28Z
@259-p2x,"제목이 컬리의 몰락이라니… 그래놓고 댓글로는 그런. 의도는 아니라니…
컬리가 식품 장보기로 버티기 힘들어 뷰티까지 나오긴했다
여자들이 주로 장을 보니까.",0,2025-04-10T04:30:38Z
@innessjung,컬리가 중국자본이라고 해서 안씀,1,2025-04-08T12:25:49Z
@2233n8t,아니 할인된 제품에 쿠폰을 썼는데도 알고보면 다른 사이트가 더 저렴해요…. 그 뒤로 열받아서 이용 안합니다!!,9,2025-04-08T11:18:26Z
@ppjjww5750,새벽배송 주문시 컬리와 쿠팡에서 똑같이 장바구니 담아놓고 가격 비교해서 주문하는데  결국 컬리로 가게될때가 많은 이유는 '상품구색'을 컬리만큼 갖춰놓은데가없음.간단 장보기는 쿠팡도 괜찮지만 소소한거도 같이 사야할때는 컬리가 훨씬다양함.,1,2025-04-07T00:49:56Z
@ppjjww5750,컬리 응원합니다!!,3,2025-04-07T00:46:23Z
@shokeymall,"컬리에서 만원 쿠폰주길래 딱히 살것도 없어서 화장지 샀는데 추가금 냈는데도 품질이 하..
이제 쿠폰 뿌려도 안삼.
망하는데는 이유가 있는법",1,2025-04-06T19:30:34Z
@부르릉바박,컬리는 걍 농협에 넘겨라,0,2025-04-06T08:00:59Z
@소망y3n,마켓컬리는 중국자본이 들어갔다고 하는데 확인이 필요할 거같습니다.  만약 중국 자본이  많이 들어갔다면  저는 마켓컬리를 경계해야 된다고 생각합니다,6,2025-04-06T03:57:10Z
@Bitmann11,해외 도피?? ㄷㄷ,0,2025-04-05T01:56:06Z
@박박콰-s7e,컬리은 그냥 쿠팡의 부분 하위호환 그것조차 안되는 회사다.,0,2025-04-05T01:23:01Z
@raylim-r3f,한녀라서 망했지,0,2025-04-04T10:25:23Z
@selfcodi,소리 듣기 싫어요,0,2025-04-03T07:18:36Z
@이레m7e,"이제는 쿠팡에서도 다 구입할수 있고
컬리에서 할인 가격이 쿠팡에서는 정상가로 판매하는데
누가 컬리에서 구입하냐
가격이 비싸도 제품만 좋음
시골 사는 나도 구입할건데",3,2025-04-03T01:59:38Z
@joonhan1541,귀찮게 무슨 쿠폰을 남발하냐?,0,2025-04-02T04:32:23Z
@archurban,왜 그렇게 잘났는데 지금 그모양이니? 인간이 아무리 똑똑해도 아무 소용이 없다. 지들이 똑똑하다고 떠들지만 전혀 아니다.,0,2025-04-01T08:13:56Z
@최종태-s5x,믿을 만한 식품을 보내주는지 알았는데 저질 말린대추 받아보고 관리가 안되는구나 생각하고 그 이후로 손절했슴😢,0,2025-04-01T07:16:48Z
@박기태-t8i,컬리 미국에다.상장 실패하면서 쿠팡과의 경쟁에서 완패,0,2025-04-01T06:30:51Z
@하이방가-i2y,말안듣고 대충하고 항상 말썽 잃으키는것들은 컬리야 정말짜증나,0,2025-04-01T01:05:17Z
@newyorkqnz-xm4vy,정치학.. 정치학 하던애가 기업을..ㅋㅋㅋ 코믹하다 코믹해,0,2025-03-31T06:08:22Z
@헨리-j9p,여기 누구한테 또 투자받았나요? 자본이 1~2천억밖에 없는데 뭘로 유지하는 거.,0,2025-03-29T10:37:44Z
@Iaan0928,"문제점
쿠팡대비 물건이 적다
검색하면 물건 찾기 어렵고 자꾸 화장품이 뜬다
가끔 오는 할인 쿠폰이 오히려 독이 되었다.
쿠팡의 쿠팡플레이 이츠 연계에 경쟁력 딸림
전지현 광고가 안 보임",0,2025-03-25T04:41:07Z
@Jelody-mj1ng,"컬리에서만 장보는 사람으로서 컬리에만 있는 품목들, 신선식품 포장 상태나 1인 가구에 적당하게 소분된 다양한 팩 식품들, 월 1,900원만 내면 무료 배송 등 저는 너무 애용하고 있어서 앞으로 더 성장하고 흥하길 바람!",0,2025-03-24T14:05:06Z
@Lililiya8,나 컬리 좋은데 ㅠㅠㅠㅠㅜㅜ 신기한거 많아서 …다시 잘 됐으면 …….,6,2025-03-24T12:32:49Z
@편안한의자-l9t,이런 기업분석 영상 너무 재밌어요!!,1,2025-03-24T09:15:50Z
@아무개-k3o,저정도면 중간에 엑시트를 충분히 할수있었을텐데 왜 안했을까?,0,2025-03-23T14:14:59Z
@1000djrd,컬리 우리아이가 어릴때 한줄기 빛이었음..그때는 쿠팡프레쉬가 없어서 진짜 사랑이었음,0,2025-03-23T10:00:02Z
@foodiefooding,반품 환불 안되는게 치명적인문제점임.  이번에 쿠팡으로 갈아탐,0,2025-03-23T08:06:27Z
@bonheurdnjfem,내가  그냥  전화통화 하면서 누군가에세  씨부린   새벽 배송 아이디어가  그렇게  대단한   혁신인가?  ㅋㅋㅋㅋㅋ   웃참,0,2025-03-23T07:58:02Z
@문명5수학,"컬리는 힘들다! 쿠팡도 배달차 기름값도 못 결재 하다가 겨우 나스닥 상장으로 목숨 건졌다!! 그외 기업은 계속적인 추가 투자를 받아야 하는데, 그게 쉽지 않음!! 손정의 같은 구세주가 과연 있을까??",0,2025-03-23T00:01:52Z
@정최강김이신외국6-e1o,납품업체들이 불쌍해,0,2025-03-22T14:07:36Z
@김승수-z9i,"컬리 과포장 보면 욕 나온다.
해도 해도 너무한 과포장
굳이 비용 들여 과대포장하는 이유가 뭔지...
쓰레기만 쌓이고 환경문제는  또 어떻하고",0,2025-03-21T22:52:12Z
@phonyeu,"본업에 아무 연관없는 고비용 연예인 광고하는 기업은 언제나 투자 거르고 관망한다.
내 생각처럼 망하는지.

여담이지만, 은행업은 어떻게든 예대마진 극대화 하는지 잘 먹더라. 대출 이자 안 낮추고 대출자들 고혈 빨아먹으며.
그래서 은행은 투자를 안한다.
내가 하고말지.",0,2025-03-21T17:21:10Z
@랑선생언니,컬리 좋아요 ❤ 응원합니다,0,2025-03-20T13:49:24Z
@yonasoh2921,ㅈ됬스까,0,2025-03-19T22:40:58Z
@파인쿨-x1w,"저기 물건들 종류봐라
쟤들 전략저으로 어짜피 어느정도 성장시키고 매도할생각이었음",0,2025-03-19T00:33:08Z
@마늘파종식이-q9c,쿠팡한테 될수가 없잖아 ㅜㅜ,0,2025-03-18T03:13:58Z
@mozzimozzi8550,그냥 비싸고 살만한게 한정적임,0,2025-03-17T07:09:25Z
@nukacolaa,"마켓 컬리 주 고객층은 허영심이 많은 20~30대 여자들임. 남자들은 가성비가 떨어져서 컬리를 이용하지 않고, 주부들도 똑같은 이유로 이용하지 않음. 결국 남은 고객층은 ""나는 유기농 신선한 채소를 챙겨먹는 도시 여자야~"" 라는 이미지를 즐기는 여자들 밖에 안남음. 이런 상황에 흑자로 전환하려면 대중성을 노릴게 아니라, 오히려 더 고품질, 고가의 제품으로 허영심을 채워주는 전략을 썼어야됨.",0,2025-03-16T04:58:33Z
@물총새-l4k,"뭐 딱히 한마디로
영원한건 없음ㆍ",0,2025-03-15T06:05:42Z
@lsw0400,돈끌어다쓰는 회사들은...도박,0,2025-03-12T23:34:03Z
@오훈-h7u,"배송비만 좀 없애주세요.
1만원 이상 무료배송이면 두배는 더 사먹을 것 같아요.
그리고 특이한 것 많이 팔아주시고요.",0,2025-03-10T04:16:29Z
@Rich-eb2cy,"컬리  단한번도 사본적없음 
2~3일후에 도착해서 먹으면되지
굳이 왜 새벽배송이 필요한지 이해불가
새벽배송이라는  이유로 그만큼 비싸고  컬리때문에 동네상권들만  피보는  경제적악순환!!!!!!!",0,2025-03-07T21:21:17Z
@슈퍼루스퍼,기업이 철학이 없어지면 날라가는 케이스.,0,2025-02-28T08:38:18Z
@주은과초코tv.4368,"컬리도 쿠팡만큼 이직률이 높아요. 야간 관리자급 처우 최악!!! 
점점 직원들이 빠져나가는 이유기도 한데... 직원들끼리도 어지건하면 주문안하는 구조... 왜인지 한번 생각해보면 좋을거 같은데... 내가 주문한 그 한박스때문에 새벽1시에 퇴근 못한다. pm4-am1이라는데 대부분 3-2이상 근무지만 야근에 대한 수당 없습니다. 야간근무자들 처우 개선 없으면 아무래도 직원이직율만 오르고 적당한 경력만 쌓고 이력서 한줄 넣을 회사로 다들 생각하고 있습니다. 
쿠팡 컬리 1년개기면 유통물류쪽에서 경력직으로는 꾀 쳐주는 편이라네요.",0,2025-02-27T14:17:53Z
@yj3883,"배경음악이 너무 장신 사납네요,,",1,2025-02-25T18:49:33Z
@winwin9151,컬리는  쿠팡이기려면 오토바이  한시간배송 가능하게 해야 이기지  저런 마트는 배민한테 다  잡힌다  배민 피마트 이거 예술이다,0,2025-02-25T13:02:24Z
@highersoulsonly,"아니 배송도 안오고 쿠팡처럼 안뜯은 물건 반품도 안됨 신선식품은 문제있을시만 반품접수 가능하고, 상온식품(가루) 성분표보고  놀래서 반품 신청했는데 심지어 판매자가 '반품신청거부' 가능 ㅋㅋㅋㅋㅋㅋㅋㅋㅋㅋㅋㅋㅋㅋ",0,2025-02-15T00:42:32Z
@지옥-v3r,가격은 비싸고 양은 적음,0,2025-02-11T10:28:03Z
@kim-k6y-p9u,쿠팡 보다  잘 해야 성공하는거 아닌가?ㅎ,0,2025-02-08T22:09:00Z
@Ryan_Kim_,5:24 망했네. 경영 진짜 못했네; 부채 7493억,2,2025-02-08T14:22:57Z
@anfwoijwej1742,"유기농 신선식품을 새벽 배송하던 게 원래 사업 방향이고 그걸로 뜬 건데,, 언젠가부터 종합쇼핑 사이트로 바뀜;; 아니 이미 쿠팡이랑 네이버쇼핑이 있는데 경쟁이 되겠냐고 ㅋㅋㅋ",0,2025-02-08T07:53:39Z
@towerfoster863,새벽 배송 ??  누구나 할 수 있는것 결국 도산할거다,0,2025-02-07T12:43:22Z
@민스터-g5x,컬리는 안쓰다보면 쿠폰 주는데 그때만 삼 ㅋㅋ,0,2025-02-06T01:52:46Z
@코드제로-j7u,위기라해봤자 창업자가  때돈벌고  뭔   초심이  있겠노   누구나 똑같지   이제  누가 인수하겠지    돈많은  호구가,0,2025-02-05T00:47:25Z
@Seotda,"뭐 말이 많아 쿠팡 때문에 망햇지 뭐 
전형적이 폰지 사기",0,2025-02-04T14:06:23Z
@xhRl-uo4kd,가만잇지 이사는 왜가서,0,2025-02-03T12:59:23Z
@davidchang4559,So worried...,0,2025-02-02T23:53:59Z
@ycpark6549,컬리는 그나마 상품이라도 팔앗지.. 당근봐라..처참하다. 갸들은. 상품도 없는. 복덕방 중개업수준이라. 더 답없다.,0,2025-02-01T10:32:35Z
@erik9083-g3o,7년동안 4군데 옴겻네,0,2025-02-01T04:09:29Z
@사랑평화행복,힘든시기가지나면 또다시도약하는기회가올듯합니다 힘내세요~👏👏👏,0,2025-01-30T10:58:35Z
@sound_2237,원래 대표가 책쓰면 망하기 시작함,2,2025-01-27T14:37:25Z
@MisunKang-g6e,같은 상품도 더 비싸서 결국 쿠팡만 쓰게됐어요,5,2025-01-27T05:28:57Z
@Rhcrp-u2p,컬리는 쿠팡이랑 대적이 안될거같고  네이버가 그나마 버텨 주고 있는데 쿠팡 지금도 몇주단위로 제품들  몇백원씩 티안나게 야금야금 올리는데  독과점 하는날 진짜 상상만 해도 끔찍하네요,2,2025-01-23T06:40:18Z
@마추피추-i5g,"컬리 애용하고 있어요.
아직도 좋은 식품들 많아요.
컬리 성장하길 응원합니다.",9,2025-01-23T03:55:46Z
@멸공-j6g,유기농땅콩버터 여러병 샀는데 한통따서 먹는데 쩐내가 너무나서 미개봉 이라도 반품해달라했더니 개인생각이라며 나보고 택배비 내라함..개봉도 아니고 미개봉이고 맛이없다도 아니고 견과류의 특유 쩐내가 너무 심했고 후기에도 엄청 쩐내난다고 버린사람도 있었음 .. 결국 배송비없이 환불받았지만 카드취소 하는데 10일이나 걸림.. 회원탈퇴함 서비스최악,0,2025-01-23T01:05:33Z
@jun-hm9mj,"컬리서 휴대폰 파는거보고 여긴 더이상 예전컬리가 아니구나 했음 
새벽배달에 목숨건 그저그런 플랫폼",2,2025-01-19T21:45:53Z
@llelee-b9k,똑같은 제품인데 쿠팡보다 비싸   쓸 이유가 전혀 없음  그것도  쿠폰 중고 서버 쿠팡보다 비싸,3,2025-01-16T14:08:11Z
@Moodzoon,유키즈만 나갔다고 하면 다 망하고 안좋은 뉴스 나오는듯 유키즈 뭐 있는가,5,2025-01-14T16:25:52Z
@현영박-j4m,전부 권도형 스타일들,0,2025-01-14T06:09:36Z
@tae-heepark6792,가격대비 물건이 너무 안좋던데…,1,2025-01-13T16:37:32Z
@MARK-t3h8m,"신선식품,샐러드는 쿠팡보다 훨 좋음.",1,2025-01-13T16:16:23Z
@Palantir_Anduril,"컬리는 오너리스크 있습니다.
주식하면서 가장 큰 리스크가 뭘까요? ㅋㅋㅋㅋㅋㅋㅋㅋ",0,2025-01-13T00:28:53Z
@쿤란-s3l,컬리가 상장할라고 매출 부풀리기 했다는걸로 업계에선 이미 유명하던데 결국 실패 한거지 뭐,1,2025-01-12T02:40:24Z
@폭망삼파장,여기 한달동안 안쓰고 있음 25% 할인되는 시크릿 쿠폰주는데 그때만 씀 ㅋㅋ,0,2025-01-11T17:13:36Z
@nrmkknoc1,지방살아서 컬리 새벽배송은 한번도 해본적 없음 지방에는 서비스 없어서 근데 쿠팡로켓프래시 새벽배송 생기면서 써봤는데 너무 좋아서 쿠팡만 계속씀 그 전에는 컬리 새벽배송 아니더라도 종종 택배배송으로 컬리 시키고 그랬는데 ... 쿠팡만큼 거대자본 끌어와서 전국적인 유통망 확보 못한게 패착이지 뭐..,0,2025-01-10T08:10:46Z
@문어머가리,4천억도 과하다,1,2025-01-09T20:58:24Z
@user-eq7is4vh7j,"야채,과일 신선도 유지만 잘되고 품질만 좋다면 고객들이 사랑한다",3,2025-01-08T04:11:44Z
@isquare777,신선식품이 규모의 경제가 가능 할려면 공장에서 찍어내야 가능하겠지. 공장 돌리는 만큼 공급이 무한대로 늘어나는 공산품 처럼. 가뜩이나 한국의 농수산물 가격은 세계 최고 수준에 국민들 소득도 떨어지는데 어떻게 이익을 낼 수 있나. 공장에서 찌어 내는 물건이나 팔아야 수익을 낼 수 있으니 이제 화장품 파는거지,0,2025-01-07T17:18:16Z
@dfghjjk-n9d,마켓컬리가 정상화 궤도에 올라와야 쿠팡과 경쟁을 하면서 소비자들에게도 이득일텐데 아쉽네요,57,2025-01-07T16:05:43Z
@Xxzydoejdywk91,"컬리 서비스 좋다는건 다 옛말... 배송도 이중 배송시간 시스템으로 변해서 좀 일찍 주문하면 밤 열두시전 배송임. 친환경 포장이라 다 종인데 아침에 보면 그 종이가 녹아 다 찢어져있음.
공동현관 비밀번호 잘못 적어놓으면 밤 열시에도 세대호출이나 전화연락없이 건물앞에 던져두고 감. 컬리에서만 살수있는 특별한 물건도 점점 없어짐. 뷰티컬리는 왜있는지도 모르겠음. 쿠팡이 독점할까봐 불편감수하고도 컬리썼는데 고객서비스 개선안되는거보고 탈퇴엔딩",2,2025-01-06T21:26:38Z
@likejhu,"마켓컬리인지 포니테일인지, 첨시켯는데 우리층 집문앞이 아니고 1층 공동현관 밖에 두고가서 손절함.",2,2025-01-02T22:26:51Z
@justwon322,4조일때 자기도 지금 거품 엄청꼈을때 상장해야겠다는거 알았을텐데 그놈의 욕심때문에 다날렸네 ㅋㅋ,0,2024-12-30T23:27:52Z
@cookiewookie2625,제품이 비쌈 그래서 안씀,3,2024-12-30T14:25:09Z
@mount7582,초기 반짝했던 광고 효과 끝나고 제품 경쟁력이 타사와 별 차이 없음을 알게 된 소비자들이 안사기 시작한 거지 요즘 쿠팡도 새벽배송 잘 옴,0,2024-12-27T05:28:00Z
@빛다리,"쿠팡,컬리 둘다사용 하는 고객입장에선 쿠팡에서 고추장 유통기한 4개월 남은거 받은 이후로 신선제품이나 중요한 식재료는 무조건 컬리에서 시키고 가공식품이나 간식, 물건은 쿠팡에서 시킴. 만약 같은 가격이면 신뢰가 더 가는 곳은 컬리임. 쿠팡이 독점하면 퀄리티 더 낮아질듯. 컬리없어지면안되용",28,2024-12-25T13:32:01Z
@jao2022,"컬리가 뭔 4000억이냐..

40억 값어치도 없지",0,2024-12-25T12:27:26Z
@goodhope757,분명 선물용으로 비싼 화장품 그리고 홍삼 구매해도 물건이 던져져 온다는것 !!! 상품가치 훼손 !!!,0,2024-12-25T08:15:01Z
@김동규-p5o2z,컬리쓸바에 이마트씀,0,2024-12-25T06:59:08Z
@nirvanabanana,와우 존못,0,2024-12-24T17:20:54Z
@orangemoon_15,"컬리는 수도권 사람만 이용하는 데 아닌가? 
유기농 식품 사려고 한 두 번 시켜봤는데 지방은 배송 느린 건 둘째치고 저녁시간에 결제도 안됨
재고시스템이 이상해서 샛별배송 부터 물건을  빼놓는건지 장바구니에 물건을 담아놔도 저녁에 결제가 안되고 낮에 사든지 밤늦게 사든지 해야되더군요. 빡쳐서 앱지우고  절대 안씁니다. 지금은 바꿔었는지 모르겠지만 이런 어이없는 시스템으로 운영하는 곳이 잘될리 없죠",0,2024-12-23T07:01:17Z
@RemFelt,컬리 맨날 7천원 쿠폰준다고 문자오는데 비싸서 안씀,0,2024-12-23T06:56:43Z
@Ms.Integrity,영상을 언제 만드신건지 모르겠지만 오아시스는 배송을 멈춘지 오래되었습니다..,0,2024-12-23T04:44:12Z
@Make_ROK_GREAT_again_1,4천억 ㅋㅋㅋㅋ  이미 파산,0,2024-12-23T02:59:15Z
@bandj8485,컬리 개비싸...,0,2024-12-22T22:20:47Z
@뽀어멈-y4h,엇.. 평범한 중산층 맞벌이 가정 잘 써요. 이정도 퀄 제품이 잘 안보여요. 😢 오래가자 컬리..,2,2024-12-22T02:15:43Z
@user-xjxjsijsnxjkdo298,"실체없는 사업. 나였으면 고객 소비내역 품목으로 맞춤 구매리스트를 짜준다던가.
사이트안데 기술적인 부분 소비자 편의성으로 풀었을텐대. 마켓컬리의 본질이 그거 아니였음?
소비자의 편의성을 생각해서 새벽 배송을 하던. 그걸 곁들인 뻔한 이커머스.",0,2024-12-17T07:22:39Z
@user-xjxjsijsnxjkdo298,"신선식품 배송은 이미 쿠팡이 해놨고 화장품 배송은 올리브영이 있는데 어캐 이김.
이래서 원딜 포지셔닝이 중요한 이유임..",0,2024-12-17T07:17:12Z
@케로피-d3p,"쿠팡, 컬리 둘다 신선식품 쓰레기 ㅋ 쿠팡에서 판 루꼴라 쓰레기 오고 컬리에서 온 양파도 쓰레기 옴
근데 쿠팡이 좋은건 바로 반품 요청하면 환불해줌 걍
근데 컬리는 걍 썩은양파왔다고 리뷰쓰는거 끝...
컬리 본사가 우리집 근처라 항상 보라색 후리스 보기 때문에 고생하는 것 알겠다만 ㅎ
뷰티를 파서 흥하는 게 아니라,
상품 퀄리티의 차별화만이 컬리의 답이라고 생각함.
솔직히 컬리 물건? 배민 b마트랑 쿠팡이 훨씬 싸요~ 그걸 이길려면 컬리의 압도적 퀄리티를 제공해야 하는데
언제까지 고급인 '척' 강남아줌마들이 선호하는 '척'으로 살아남을건가요 슬아씨",0,2024-12-14T10:18:18Z
@보라돌이ioi,"예견된 몰락..  쿠팡이나 컬리나 지속 불가능한 사업였음

결국 쿠팡과 컬리나 빚 오지게 받고 진행하다가 돈 다써서 수익화 하려니까 초기의 서비스는  모두 버리고 .. 
 옥션과 다를바 없어짐.. 옥션은 사기 제품이 별로 없었는데 쿠팡은 옥션보다 질이 안좋음..",0,2024-12-13T15:16:01Z
@정재이-z4s,"쿠팡이랑 다르게 컬리는 컬리 독점으로 판매하는 제품들이 많아서 참 매력있었는데 ,.. 사업을 확장하면서 뷰티? 이런거 생기고 그런쪽은 아예 안보게 되던데 ㅠㅠ 그래도 비슷한 가격이면 쿠팡보다는 컬리를 사게되던데 ! 없어지지 말았으면 ㅜㅜ",0,2024-12-13T11:42:51Z
@maryfly86,송파 컬리 출고라인 직원이였습니다 3년전이지만 진짜 답없는데가 컬리 맞아요 몰락원인은 머 여러가지 이유가 있겟지만 좋은상품 = 컬리 = 차별화 = 비싸도 물건좋으니 사먹는다!!   이런 이미지에서 어설프게 이것저것 다팔다보니 이미지가 동네마트 수준으로 떡락한게 몰락에 원인은듯 싶어요,15,2024-12-11T04:23:16Z
@ivori-h8d,뷰티컬리를 도대체 왜 론칭한걸까. 제발 새벽배송에 신선함이 목표였다면 거기까지만 욕심내라 기업들아.. 그냥 초창기부터 사용하던 나로써는 계속 보면서 불안감만 늘어가네요. 잘되길 바랐는데..,0,2024-12-10T05:37:25Z
@EMS근력PT,MD와 인사가 많이 아쉽죠뭐...,0,2024-12-09T03:45:28Z
@꼬마와광대1,비싸요 비싸 그리고 살 것이 없어요,1,2024-12-08T07:27:38Z
@goldenage0205,"컬리는 망해야 정상인 회사
 수익낼 수 있는 구조가 없음
 좋은재료 판다는 컨셉이었는데, 그냥 세일쿠폰 주면 가성비로만 삼
 기다리다보면 4만원이상 13500원까지 할인해주더라. ㅋㅋㅋㅋ 
 그 때사면 마트보다 훨씬 싸서 삼
 그 이외엔 안 씀",1,2024-12-07T21:12:45Z
@O2nyamnyam,뭔가 예전만큼 특별한 느낌이없어서 쿠팡으로 갔다가 구독료 오르고 노동자 사망문제 + 품질 이슈 때문에 다시 컬리로 넘어옴ㅋㅋ,3,2024-12-04T14:33:15Z
@morees6601,"컬리가 품질이 좋고 이연복 최현석같은 쉐프요리도 있어서 좋아요 식자재 두부 채소 같은것도 1인 2인가구 소비할 만큼 소량도 팔고요 쿠팡은 싸고 많은양 그리고 과일은 너무 맛이없어요 
컬리 아주 잘 이용하고 있으니 잘 됐으면 좋겠네요 
식자재는 믿고사는 컬리이용하고 공산품은 쿠팡이용해요",1,2024-12-03T22:24:33Z
@유강-t2i,이 여자 회사 매각하고 돈자랑 욤뵹 떨때 알아봤다,0,2024-12-03T01:11:02Z
@유리유리네,마켓컬리 잘쓰는뎅 ㅠㅠ,0,2024-12-02T23:59:13Z
@stkim6512,컬리 따라한 오아시스도 폭망...,0,2024-12-02T18:09:23Z
@초이그뤠이스,스타마케팅대신 퀄리티에집중했어야함.신선식품 급이 확떨어지고 환불도 못해준대서 탈퇴함,1,2024-12-02T11:36:04Z
@manzanillak.4675,주변에 다 쿠팡 사용.. 허영기 있는 젊은 아줌이나 비싼 컬리 사용..,1,2024-12-01T15:36:25Z
@사랑평화행복,마켓컬리의아이디어는좋았던것같은데 너무식재료에만의지한게아니었나보네여 4조원이넘었을때 다양한제품을구비하여온라인를잠식했더라면 지금쿠팡보다도더잘나갈수있었을텐데 앞으로라도다시마켓컬리로 온라인쇼핑몰1위자리에오르길기대해봅니다~👏,0,2024-11-30T05:10:14Z
@hanlee8764,"컬리는 완전 끝났다. 자기 돈 거의 없고, 신규 투자자는 커녕 기존 투자자들도 언제 돈을 빼는지 시간문제다. 이래서 외형만 키운 적자성장은 의미가 없다",4,2024-11-30T04:59:38Z
@finestoffering,"쿠팡 : 흑자전환 플랜을 가진 계획적 적자
90배 : 물건 장사에는 관심없고 회사 장사에만 관심있는 한탕꾼
컬리 : 재무가 약한 장인 스타일",2,2024-11-29T06:58:14Z
@mondoorian6982,이익없이 매줄액만 늘면서 기업가치 늘리는사업구조는 오래 못감!,0,2024-11-28T15:41:14Z
@UTube69,좋았는데 품질이 바닥이라 포기한 회사.,0,2024-11-27T04:43:42Z
@Hexagon8027,곧 부도입니다.,2,2024-11-26T16:20:26Z
@Crown-Brasil,이럴수록 현금 결재로 원가를 낮춰야 하는데,0,2024-11-26T13:22:47Z
@훈박-x9k,"이 회사는 전지현 쓴거랑 , 태생부터가 비호감이였음",1,2024-11-26T12:44:59Z
@장정숙-i2s,아이 소풍용 과일이 신선하고 맛도 좋고 반찬들도 좋아서 코로나 시기에 잘 이용했어요. 4만원 이상 무배에 맞춰  신선식품이상 잘 구입했는데 어느순간 배달온 과일의 신선도를 보고 실망했어요. 시들고 무르기 시작한 과일샐러드를 아이도 남기고 안먹었어요. 쓱배송과  쿠팡을 더 이용하게 되더군요 ~^,0,2024-11-25T14:01:51Z
@hwi217,더럽게 비싸서 망함,1,2024-11-24T12:06:48Z
@양아치-u8r,김슬아 대표 미모가 ㅎㄷㄷ 합니다. 거의 모델급임,0,2024-11-24T07:56:02Z
@lllIllillljllllII,컬리 비쌈..,1,2024-11-23T10:01:17Z
@뻐꾸기-m3r,일명 컬팡이 되버린 답 없는 상태!,0,2024-11-23T06:30:04Z
@notmypresident00115,김승아=이재용 😂,0,2024-11-23T01:34:25Z
@팡이-j1y,그냥 ipo욕심안내고 상장한다음에 뉴스로 주가뻥튀기하고 유증때리고 주가내려가면 감자탕 끓이고 또 bw cb 무한발행하고 또유증때리고 ㅋㅋㅋ 국장 개미돈빼먹기 콤보 후려갈기면 자금문제 해결될듯?ㅋㅋㅋ,0,2024-11-22T08:36:04Z
@주쮸-d5c,"컬리는 묶음상품을 다른곳  묶음상품보다 약간 싸게 가격을 책정해 노출시켜놓고 주문하면 1개만 배송오는데 그제서야 상세정보 보면 개당 가격이라고 작은 글씨로 맨 아래쪽에 써놓은게 보임
이 한개 가격이 다른곳의 2~3배 가격임
이거 두번 당하고 절대 안시키고 이런곳은 곧 망할거라 확신했음",3,2024-11-22T04:33:23Z
@SWube082-jh3mc,"ㄴㄴ 제 생각은 좀 다른데. 김슬아 대표 같은 사람이 나와서 성공해야 좋은 먹거리. 좋은 음식이 나옴. 그리고 컬리에서만 찾을 수 있었던 독보적인 아이템들. 그런 상품을 파는 사람도 잘 되고 상생할 수 있는 모델이었는데. 최저가로 노동자 쥐어짜고 배송을 더 빨리하고 그런게 먹히는 대한민국이 돈 조금 더 주더라도 더 좋은 걸 누릴 의지가 없는 사람이 점점 다수인 시장까지 되어버림. 이 로켓배송, 새벽배송에 익숙해진 사람들이 과연 하루 배송을 견딜수 있을까.",1,2024-11-21T13:14:34Z
@slowglory,"일단 프로모션이 짜도 너무 짰고. 
고급산지배송이라면서 더 싸고 빠른 쿠팡이랑 다른 차이를 못느낀게 크지. 
가뜩이나 야채값비싼 한국에서 홀로 여포짓하다가 자멸한 케이스",1,2024-11-21T12:58:13Z
@edla-vv2tp,럭키 스베누,0,2024-11-20T06:22:03Z
@정인경-g7i,컬리에서 환불 한번 해보고 컬리는 오래 못갈거라는걸 직감함. 요즘은 대부분 환불 배너 한번만 누르면 되는데 그런 배너조차 없고 전화연결은 아예 불가능하고 카톡상담도 일을 제쳐두고 몇시간을 기다려야했음. 일처리도 느려서 문앞에 내놓은 반품 택배상자가 일주일동안 놓여있었음.,13,2024-11-18T22:39:00Z
@센스쟁이-h7d,고수들은안다 네이버 쇼핑이 젤싸다 싸게사는방법을 안다😅,2,2024-11-18T13:49:15Z
@peace2874,물가상승에 가성비 찾지않나,0,2024-11-17T18:01:10Z
@임동국-z6u,oem제품도 비싸서 쿠폰을 주긴하지만 그래도 비쌈,1,2024-11-17T16:06:20Z
@palmblad-y7c,컬리는 존나 비쌈 걍 비싸서 안먹음,1,2024-11-17T11:11:52Z
@김창식-u7g,조회수76만...쿠팡 참 대단하다...몇백따리가..76만 조회수나온다고 갑자기...마켓컬리 죽이고 새벽 신선식품 자리 차지하려고... ???????,0,2024-11-17T06:54:44Z
@단지피아노쌤,부자걱정을 다하고 있네 ㅋㅋㅋㅋ 가난뱅이인 내가ㅋㅋㅋㅋ,0,2024-11-17T02:59:31Z
@dnjddnjddl,쿠팡이 짱!,1,2024-11-17T01:44:50Z
@ioup5875,"❤  처음에는 고급이고 신기한건 컬리에서, 공산품은 이마트에서, 기타 잡다한것은 쿠팡에서 샀다. 그러다보니 정신이 없었다. 그래서 귀찮아서 그냥 쿠팡에서 다 부른다. 쿠팡에 다 있다. 모델이고 광고고 고급이고 다 필요없다. 그냥 아이뒤 비번 여럿 안 치고 한번으로 한곳에서 끝내는 쇼핑이 편하다.",0,2024-11-16T19:31:37Z
@kirinpeak5676,롯데택배 슨것도 한몫함. 서비스 제일 개판인게 롯데인데;;,0,2024-11-16T15:52:01Z
@Heajin-mn3oi,지마켓 요즘 배송빨라짐,0,2024-11-16T10:21:41Z
@Heajin-mn3oi,쿠팡에서 인수 할듯,1,2024-11-16T10:21:16Z
@Heajin-mn3oi,포장 잘해도 비싸면.주문못하지,0,2024-11-16T10:16:16Z
@Heajin-mn3oi,"쿠팡 망해야되는데
쿠팡땜에 그런듯",0,2024-11-16T10:11:42Z
@비비-n7u,지금 가입하면 물티슈 준다고 공격적으로 마케팅 할 때 호기심으로 가입해서 써봤는데.. 매번 신선 식품이 물러 터져서 오기를 반복... 3~4번 반복 되니까 그냥 탈퇴하고 앱을 지움.. 다른 곳보다 비싸게 팔던데.. 철저하게 고급화 전략으로 가려면 식품 신선도는 기본 아닌가.....ㅉㅉ,1,2024-11-15T23:57:28Z
@ydfgn8641hjnokoo9,처음 한두번 이용하고 말았는데 그후에  아무리 티엠동의했다지만 일주일에 두세번 쇼핑권고 전화받고 질려서 떨어져나옴,1,2024-11-15T22:32:09Z
@bligemalibu606,"컬리멤버스를 가입해봤자 2,000적립금으로 회원료(1,900)를 회수해주는 것 밖엔 메리트도 없음.
차라리 멤버스 탈퇴를 해야 몇 일에 한 번 꼴로 문자로 쿠폰이 오기때문에 멤버스 탈퇴를 하는 게 오히려 나음 😂

그래서 무언가 컬리의 시스템에 문제가 있고, 혁신이나 특별한 가치는 없구나를 깨닫게되어 손이 잘 안 가게 됨.",3,2024-11-15T04:51:36Z
@sunnyson7928,사람 바이 사람임. 난 컬리에서 밀키트나 식품 사는데 나쁘지 않음. 뭐 회사 망하는건 알빠노임.,0,2024-11-15T00:05:08Z
@Queen라-9z,컬ㄹㅣ에서 자주 사야겠네 쿠팡이 독점하면은 소비자만 피해볼거임,0,2024-11-14T23:50:03Z
@권영신-z3m,요즘 컬리 서비스 안좋음. . 반품 환불 전혀 안됨,1,2024-11-13T15:02:02Z
@JamieJM_,컬리나 쿠팡이나 왜 야채위에 얼음팩을 직접 닿게 주는지 . 얼음팩 닿는 부분에 야채는 소생도 안됨. 몇번 얘기했으나 고쳐지지않음. 교환 반품도 귀찮아서 음쓰 만들기 싫으니 그냥 마트가서 직접 삼,0,2024-11-13T12:05:26Z
@조영호-f4p,"김슬아 얘 정말 천재야 아니면 무식한거야?
정말 용감한 애라고 생각했다. 새벽배송 사업을 20년전에 경험한 나로서는 그 용기에 경외심까지 들었다. 하지만 내 기획안에서는 탄탄한 베이스없이는 100%파산이란 결론을 내렸기 때문이다.
특히 새벽배송이라는 문제점은 장난이 아니기에 더욱 그렇다. 현장경험도 없이 고객우선주의로 고 품질을 유지하며 흑자를 보는  것은 특히 식품 농수산물의 경우 불가능하다고 생각한다.
적자를 보며 품질을 높이고 배송서비스까지 높이면 매출은 폭등하게 되있다. 하지만 신선 식품, 농수신물의 경우 가격에 정말 민감하다. 3년전부터 나는 김슬아가 쪽박을 찰 것이라고 수 없이 장담했다. 소비자는 말만번지르르하게하는 마켓팅에 절대 현혹되지 않는다. 이부문이 김슬아는 너무 과했다. 즉 사기를 친 것이다. 고객에게 번지르르하게 현혹을 시킨 것이다. 신선제품을 다룰 때에는 말보다 현실적인 현장 경험이 풍부해야한다. 김슬아 마켓팅방식은 결국 피라미드식 판매의 조희팔의 말로와 유사하게 될것이라고 내가 강조한적이 있었다.",1,2024-11-13T08:15:59Z
@spacecowboy7549,컬리는 솔직히 살게 별로 없음. 그게 가장 큰 문제.,2,2024-11-13T07:29:26Z
@BoxMS99,이젠 자본금으로 밀어부치지 않으면 기존의 산업에서는 정말 살아남기가 어려워졌네요,0,2024-11-13T02:13:27Z
@Ggaemu,기업은 그 기업만의 색깔을 잃어버리면 끝임...,0,2024-11-12T21:05:26Z
@neihupark,"ㅈㄴ 비싸고, 된장질 컨셉으로 적자경영하던 곳인데 잘 될리가 있나. 최대 수혜자는 대표겠지. 대표는 돈잔치 했으니 망하든 말든 관심 있겠나. ㅋㅋㅋㅋ",1,2024-11-12T09:30:22Z
@성이름-x9r,결국은 우리나라에서는 독점을 하지 못하는 한 이득을 보기 힘들게 된 구조가 되었다 봄..,0,2024-11-12T08:49:05Z
@stephenLee321-d2x,김슬아 끝난듯,1,2024-11-12T02:08:21Z
@muarillu,"아무거나 먹이고 싶지 않은 우리아이 간식, 매일아침 고민중인 건강식, 요즘 유행하는 특별한 먹거리, 부모님 명절선물과 재철과일 등 컬리만이 할수 있는게 많은데.. 쿠팡은 이미 저만치 가있고 따라잡으려 하지말고 독보적인 길을 개척해서 나란히 F&B 투탑으로 올라가 주셨음 해요. 아무래도 입에 들어가는것까지 알리에서 사고싶진 않거든요.",1,2024-11-12T01:18:00Z
@마광수-w4o,대학생때 물류알바 하루 갔었는데 담당자 개싸가지없어서 절대 안씀,5,2024-11-11T14:04:43Z
@오리-q7h,"컬리가 망한 이유는 너무 비싸서이지, 딴 이유 없다! 강남만 쳐다 보고 장사 하니까 망한거고, 쿠팡은 전국민을 보고 장사하니까 성공한거지! 난 딱 컬리 망할껄 다 예상하고 있었지",2,2024-11-11T11:58:42Z
@nkwn49,투자 솜실인듯,1,2024-11-11T08:17:23Z
@stickcandy10,"뷰티에 의류에 온갖가지 들어오기 시작하니 식품에 집중 못하는 느낌
식품만 할때거 좋았다ㅜ",1,2024-11-11T03:11:37Z
@user-ahf3xcv5ej1,줏대 없는 대표와 본인 지분이 바닥이라 휘둘릴수 밖에 없는 상황이였고 그렇다고 쿠팡처럼 소뱅같은 막대한 자금줄이 있는 것도 아니고 결국 투자자들은 수익실현을 위해서 대표를 압박했을것이고. 자연스럽게 망하는 회사의 길로 가는거지. 투자 안받으면 회사를 못하는 대한민국 스타트업 시장의 분위도 한몫했음ㅋ,1,2024-11-11T01:01:27Z
@dada28-a,"배송도 별로, 가격 경쟁력도 별로임. 그나마 선택에 있어 특별한 선택지를 줬는데 그것도 이제 별로임.",1,2024-11-10T22:21:11Z
@hhk4658,투자를 쿠팡 만큼 받았으면 버텼겠지...경쟁자들 죽이면서...부족했어...-_-;,0,2024-11-10T22:15:43Z
@thinkalinkle,컬리는 직원으로서 좋은 얘기를 단 한번도 들어본 적이 없음. 개발자로서 좋지 않냐? 전혀 아님. 오히려 어떻게 여기까지라도 왔을까 싶음.,1,2024-11-10T21:39:04Z
@제키쿡,끝났네 고급화로 강남 아줌마한테 장사나 할 것이지 전국적으로 사업규모를 늘린다는 거에서 부터 쿠팡한테 이길게임이 아님,0,2024-11-10T17:33:29Z
@장은주-i3k,"가격 비싸고. 새벽 배송 받은적 없음 
물건 품절품절..실망 
아쉽습니다. 너저분",0,2024-11-10T16:00:38Z
@고릴라손가락,사천억도 큰돈인데,1,2024-11-10T14:31:50Z
@Ced78ii7lh,외국 오래 살았는데 그냥 외국 슈퍼마켓에서 파는 그저 그런 공장 식품들을 너무 그럴듯하게 과포장해서 팔았음….,9,2024-11-10T11:19:35Z
@김수연-n5k,"오이가 상해서 왔어요 메모남겼지만 무응답.,",1,2024-11-10T10:51:58Z
@bonobono-12,계집이 운영하면 그렇게 되는거야 이명희같은분 뺴고 ㅋㅋㅋㅋㅋㅋ,1,2024-11-10T10:46:05Z
@getitgo6473,걍 유행인거임,0,2024-11-10T07:30:56Z
@iamruru8912,물건 재입고도 엄청 오래 기다려야 하고 기다리다 기다리다보면 걍 없어진 상품도 있어서 결국 ㅋㅍ에서 구매하는 경우가 계속 되다보니 걍 ㅋㅍ 으로 자연스럽게~ 가게 되는 듯.. 그리고 컬리 처음에 이용하게 된 이유는 다른데서 구매하기 어려운 수입상품이나 좀 특별한 것들이 있었는데 지금은 완전 무슨 어우 머냐;;;;,2,2024-11-10T03:26:40Z
@jovo8881,새벽배송이라 해놓고 유통기한 임박한 제품으로 당일 밤 12시 전에 도착. 모르고 잠들면 신선제품 밖에서 방치하는 꼴,1,2024-11-10T03:06:49Z
@도로시엘리스,"배송이 쓰레기던데
기사가 ㅋㅋ진짜
지하 주차장 동 입구에
던져놓는거보고 안쓰게됨",0,2024-11-09T15:21:43Z
@마포잔챙이,이런업체 상장해봤자 개미무덤만 된다,1,2024-11-09T08:46:33Z
@Illilllliiiiililiiìii,"어제보니까 인스타82 옷들도 팔던데 온갖거 다 갖다 파는 82느낌남. 그렇다고 가격 경쟁력이 있지도않음. 브랜딩된 이미지가 고급스럽지만 멤버쉽서비스 이용하는 회원들만 좋지, 라벤더 등급에선 이젠 일반임. 가끔 할인쿠폰 주면 사는 정도",2,2024-11-09T05:42:27Z
@DDD-zh9mn,"조금 비싸도 컬리에서 샀던 건강한 농산물과 식품들 좋았습니다.
다시 돌아오길 바래요",1,2024-11-09T02:40:09Z
@성이름-b3e4n,경영철학이 먼진 모르겠지만 살아남을려면 쿠팡처럼 노동자 착취하고 정계출신 임원들 대거 영입했었어야지,1,2024-11-09T02:19:50Z
@익명-t2l,초심 잃고 고객 뒷통수 치니 망한거지,0,2024-11-09T01:40:45Z
@xvwsxvws,"새벽 배송이 김슬아 대표가 최초로 창안한것으로 나오고 있는데 
품목은 기억 안나는데 90년대에 이미 있었고 우리 집에서도 시켰었죠.
그 발상을 대형 식품 배달 회사에서 해보자 했을수있고 적어도 최초는 아니죠.",0,2024-11-08T20:35:19Z
@Goodnwisdom,"쿠팡이 안좋은 노동조건에 긴 정산기간.등 이미지가.양아치라 식품 야간배송은 컬리.주로 이용하는데,
일단 보다 환경에ㅜ도움이 되는 포장이어서 마음에 듬.

상품 종류도 많아지고 규모의.경제로 가격도 낮아져서
쿠팡의 경쟁업체로 버텨줬으면 좋겠음.",0,2024-11-08T17:11:04Z
@JLee-np2sp,당랑 몇년...ㅠㅠ,0,2024-11-08T16:11:17Z
@yuyu-sy1ut,걍 팔고~얘나 키우는게 남는거다,1,2024-11-08T14:50:44Z
@TiJ-ps9sn,난그래도 뭔가 좋은걸 사고싶을땐 아직도 컬리에서 시킴 쿠팡은 그냥 좀 저렴이 느낌만 사고,0,2024-11-08T13:58:39Z
@H_H-rx2oh,"컬리 제일 jot 가튼게;; 무의미한 할인쿠폰 제도임. 이것 저것 할인해주는척 하지만  정작 중복 쿠폰 적용이 안되서 무용지물. 있으나 마나한 시스템;; 
우유 할인 쿠폰 있다해놓고, 나중에 무배 쿠폰이나 전체 할인 쿠폰 쓸려면 하나는 포기해야함; (웃낀건 우유 몇백원 쿠폰 중복 해주기 싫어서 꼼수부리면서 더 큰 금액의 시크릿 쿠폰은 남발함;; 근데 그 쿠폰줘도 내가 장볼 타이밍 아니면 안쓰게 되니까 차라리 상품할인 쿠폰을 중복되게 해주는게 소비자 입장에서는 훨씬 긍정적 이미지가 되고 회사도 금액 면에서도 이득인데 왜 저렇게 하는지 이해가 안됨)

오히려;; 뭔가 장난질 당한기분이라 기분 뭣 같아짐;;; 그리고 뭔 되도 않는 화장품 들여와서 페이지만 정신없고;; 어후....;; (올영대비 가격차이 엄청 나는데 누가 사겠음;; 심지어 올영은 바로 배송서비스까지 있는데;;) 

그래도 빠른 새벽배송과 (우리집같은 경우는 새벽은 커녕 저녁 9~자정 12시 되기도 전도 온적도 많음;;) 일반 대형마트에도 잘 없는 해외 식품 보유한 점은 장점이라 아직은 유용하다고 생각함.  어떨땐 채소 같은게 대형마트보다 상태나 가격면에서 나을 때도 있어서 몇품목은 그런 믿음이 있으니까 아직은 시킴. 다만 내가 언급한 그런 짜치는 부분들 좀 개선하면 무지성 시크릿 쿠폰 나눠주는것보다 영업 이익 나올거라고 생각함.",15,2024-11-08T11:00:14Z
@TV-qs7ty,컬리는 배송이 정말 마이너스요. 맛있는 거 팔면서 다 녹아서 떡이 되어 옵니다. 몇번 얘기해도 변화가 없어요,2,2024-11-08T09:35:38Z
@yena8812,경제학과 졸업후 회계일을 하고 있으면서도 기업의 재무재표를 분석하고 현상황과 미래가치에 대해 생각해 보는걸 귀찮아하던 제게ㅠㅠ 귀에 쏙쏙 들어오게 정리해서 분석한걸 알려주시니 처음부터 끝까지 너무 흥미롭게 봤습니다..! 구독 눌렀는데 종종 영상 찾아보고 공부하러 올게요~ 감사합니다❤,1,2024-11-08T08:12:24Z
@깜찍이다요,컬리 살꺼없고 비쌈 쿠팡이 나아요 컬리 처음 생겼을때 전지현 모델썼을때 알아봤음,2,2024-11-08T05:41:26Z
@깜찍이다요,컬리보면 카페베네가 생각남,0,2024-11-08T05:40:10Z
@세상산책,우린  쿠팡에서 컬리로 바꿈,2,2024-11-08T04:54:12Z
@jhkim4578,마켓컬리는 물건이 드럽게 비싸서 첫가입쿠폰 쓰는 거 아니면 안 삼,0,2024-11-08T03:34:23Z
@크친6,"이제 컬리 이용하는데 신선도 좋음 배송도 새벽 배송에 빨리 옴 
쿠팡은 다신 이용 안함",0,2024-11-08T03:21:36Z
@-mdro6741,쿠팡승,1,2024-11-08T02:25:34Z
@ykl4175,컬리는 성장하고 있음... 사주와 멍청한 투자자들만 몰락하는 거지...,0,2024-11-07T20:19:22Z
@공다혜-y6y,"마켓컬리는 맛이 중상은가요 ㅋㅋ 믿고써요 ㅠ 쿠팡은 가끔 이걸 먹으라고 주는건가 싶은게
있음",0,2024-11-07T17:11:28Z
@user-nice0415,단순 아이디어로 모래위애 쌓은성.,1,2024-11-07T16:14:25Z
@azerc6459,신선식품과 차별성으로 떴지만 정작 뜨니까 다른 마트랑 차별성도 없고 신선식품도 딱히 메리트가 없어짐 결국 신선식품 온라인유통은 돈이 안된다는거지 안고가야할 리스크는 큰데 그거 다감안하다 보면 가격경쟁력이 떨어지고,0,2024-11-07T12:35:57Z
@sunshine_0318,그냥 샛별배송에나 집중하지.. 지금은 어중이 떠중이 ..  예전엔 단골고객에게도 참 잘해줬는데 지금은 안그렇기도하고. 클렌즈쥬스있을때 컬리에만 있어서 이용했는데 이제 그 쥬스도 안팔고.. 컬리에 파는 거 딴데도 다 있어서..  그래도 아직 좋은 게 많다,0,2024-11-07T11:26:22Z
@paulcho3235,제가 사는 곳 근처에 서울복합물류센터가 있는데 그곳에 컬리가 있었습니다. 그래서 구직하던 시절에 일당으로 몇 번 가서 일한 적도 있었죠. 코로나 시절 많은 자영업자분들이 그곳에 와서 일하시는 걸 봤어요. 그러다 23년에 복합물류센터의 임대료가 높다고 시설을 철거하더라구요. 컬리가 힘들구나 느꼈는데 영상을 보니 정말 심했구나 알게 되네요. 지금 컬리가 다시 회생하려고 노력하는 것 같은데 쿠팡이 워낙 강세이다 보니 힘든것 같네요.,2,2024-11-07T05:52:47Z
@polytag523,"컬리 자주 사용 하는 편인데 컬리의 문제가 너무 자주 쿠폰을 준다는 거임. 
이게 처음 줄땐 좋네 하다가 길들여지면 쿠폰 없이 컬리에서 쇼핑 하기가 싫어진다는 점이 치명적임. 
당장 나만 봐도 뭐 사야 한다 싶으면 바로 사지 않고 쿠폰 기다리고 있으니 말이죠.
컬리는 장점이 PB 상품의 퀄리티가 좋고 빠른 배송에 있기 때문에 쿠폰 발행보다는 직관적인 가격 경쟁을 해야 살아남을 수 있다고 봄.",1,2024-11-07T05:03:16Z
@spencercrm,신선식품의 창고 배송 포장 비용의 획기적인 운영혁신이 없으면 당초 성립될 수 없는 비즈 모델입니다.,0,2024-11-07T03:54:51Z
@co2594,난 쿠팡만 쓰다가 최근 컬리도 같이 사용하는데 예전엔 더 좋았는지 모르겠지만 지금도 쿠팡보다는 확실히 신선식품 질이 좋고 반찬도 더 맛있어서 컬리를 더 많이 사용함. 1인가구를 위한 소분 식품도 저렴하고 잘되어있음. 쿠팡이 더 싼 몇가지가 있어서 쿠팡도 쓰긴하는데 컬리에 쓰는 소비액이 더 커짐. 컬리 잘 운영해서 살아남았으면 좋겠다.,81,2024-11-07T02:58:06Z
@그래나다-c8c,요즘 컬리박스 를 본적이 없다 쿠팡도 흑자전환해서 그 규모에 천억 이천억인데  쿠팡마냥 비젼펀드에서 밑빠진독에 물붓듣이 아주 퍼부어야 될까 말까인데  .... 적자줄인것도 분식회계한거 같은데,3,2024-11-07T02:09:39Z
@달빛소년-b6f,맥킨지의 피쳐폰에 집중하라는 잘못된 보고서로 LG 휴대폰 사업부가 날아간 건 유명하죠.,0,2024-11-06T22:39:08Z
@김은진-z6e,"컬리 여전히 너무 잘 이용하고 좋아하는 사람으로서 개선점 생각해보면,

1. 포장 차별점 - 지금은 박스가 너무 여러 개인데, 1-2박스에 넣어서 주는 것 

2. 쿠팡과 차별과 필요 - 배송료 없음 또는 1만원도 배송 가능하면 더 자주  주문 할 수 있음. 

3. 뷰티컬리 너무 비싸요... 
아예 보지 않게 되더라구요. 쿠팡이나 네이버가 훨씬 저렴. 일반 식품 컬리로 쭉 가는게 좋을 것 같아요 

4. 개인적으로는 쿠팡에 상품평 적으며 물품 무료로 받을 수 있는 메리트가 매우 크더라구요. 좋은 퀄리티 좋아하는 젊은 세대 아니면 이것에 묶인 40대이상 분들은 쿠팡 떠나기가 쉽지 않은 것 같습니다. 이런 메리트를 넘는 것이 필요할 것 같아요~~

그리고 가격이 높다는 이야기가 있는데, 이 부분은... 저는 약간 가격이 있어도 퀄리티가 좋고 맛있다면 괜찮은데, 보통의 소비자들은 가성비를 보니... 요 이미지도 타파한다면 정말 좋을 것 같습니다!!

야채가 너무 신선하고, 밀키트도 너무 좋고, 수정해서 발전하시길 바랄게요!!!",4,2024-11-06T22:35:50Z
@gerrardlee1511,같은제품도 비쌈....결국 끝.,1,2024-11-06T18:27:54Z
@박차고-k5l,"진짜  컬리  망할줄 알앗음  왜냐고 이건
다른 업체하고 뭐가 틀림  처음에는 발로 뛰던게  보이던대 지금은 그저 뮐 배송 할건디 이건 망함",1,2024-11-06T15:30:49Z
@한주연-l2m,4천억도 비싸 수익성이 아예 없을거 같늠,1,2024-11-06T14:09:59Z
@ninja69891,"컬리 박스를 본적이 없어,,,,,,",0,2024-11-06T12:01:47Z
@구경중-q5y,컬리 예전엔 비싸도 퀄 좋아서 사줬는데 이제는 그냥 비싸서 안삼ㅋㅋㅋㅋㅋ,0,2024-11-06T09:50:39Z
@qpwuwysgvjsjsb,흑자내면 착취한다고 욕 처먹고... 적자보면 투자 손실 남 일이고...,0,2024-11-06T08:13:20Z
@dodsdssdi,"대표님 아직 안늦었어요~
창원인가 거기 지방센터 정리하시고
뷰티도정리하세요.
쿠팡처럼 오만 잡다한거 다팔지마시고
육류 과일 신선제품에 집중하고
서울 경기남부만 배송하세요",26,2024-11-06T08:04:59Z
@naragood5721,"요거트 2~3일전에 산것보다 유통기한이 더 짧은 요거트 보내고   친환경 양상추 4개 모두 속이 다 썩어 있는거 보내면서 영업손실 줄였구나 24년.... 
VIP 전용 판매상품은 스마트폰 앱에서나 열람가능하고 들어가보면 술,고기밖에 없드만....
머천다이징을 배춧잎 갯수가 큰거만 하나요?   그리고 오배송은 요즘들어 자주 생기는데 일용직 더 줄였나....",0,2024-11-06T07:19:53Z
@yzxxkiodbgxxjmz,400억도 비쌈~ 투자자들뻥튀기로 거품 겁...나낀 회사중 1위!,1,2024-11-06T07:13:38Z
@verandada,쿠팡보단 컬리가 깔끔하고 믿을수있어서 훨씬좋음. 망하면 안됨~쿠폰만 많이 뿌려준다면 완젼땡큐요^^,0,2024-11-06T03:17:44Z
@ymc2604,"솔직히 박스 포장을 나누는 것부터 낭비라 생각함. 쓰레기 너무 많이 나와서 이용을 안 하게 됨. 비오는 날은 다 젖어서 안에 든 물건, 특히 종이포장 상품 젖어서 오는 것도 최악임. 가장 큰 문제는 차별성이 있던 다양한 상품이 줄고 어디서나 구입할 수 있는데 가격 경쟁력은 떨어진다는 것임. 결제 시스템도 비효율적임. 결제 후에 부분 취소 안 되는 거 진짜 단점임.",1,2024-11-06T02:09:34Z
@로꼬-d2z,한 번 기울어진 사업 잃은 신뢰도는 못찾습니다 시장에서 사장 될 뿐,0,2024-11-06T01:42:17Z
@beaglee99,욕심이 과했어 진즉에 엑싯하고 런 했어야 했다,0,2024-11-06T00:47:32Z
@봄풀향기,"저의 새벽배송 1위는 오아시스
2위는 컬리 3위가 쿠팡입니다
오아시스가 컬리보다 저렴하고 쇼핑이 편하더라구요",0,2024-11-06T00:32:57Z
@m.m.m6725,컬리를 누가쓰냐ㅋㅋㅋㅋㅋ 그냥 쿠팡써,1,2024-11-05T22:23:03Z
@ds-k7878,"내 예감은 정확히 적중했음.  쿠팡은 처음 출시 했을 때부터 결국 이렇게 시장 잠식 할 줄 알았고. 마켓컬리는 처음 출시 한 순간 결국 이런식으로 사업방향 흘러가다가 결국 망할거 100% 직감했음. 
마켓컬리가 여기서 다시 터닝 해서 4년 이내에 매출 10배 이상 재 성장 + 적자 탈출 -> 흑자 전환 할 수 있는 방법을 알고 있는데, 구태여 가르쳐 줄 이유도 없고, 시켜도 어차피 안 할꺼라 공개 안함.ㅋ",0,2024-11-05T19:29:14Z
@M몰리,중소기업 제품 뺏어서 자기 PB로 만들더니 ㅉㅉ 잘됐다,0,2024-11-05T16:13:03Z
@seungjaeyu1293,가능합니다. 컬리만한 회사 없습니다.,0,2024-11-05T15:00:33Z
@개나리-x9c,컬리 상품의 질이 좋았는데 지금은 쿠팡프레시와 별 차이가 없어요ㅠㅠ 시들 시들...,0,2024-11-05T13:44:13Z
@Ironical_Etrange,부산인데 초창기 컬리는 서울만 새벽배송 한다길래 한 번도 안 썼어요. 서비스 확대한줄도 몰랐네요.,0,2024-11-05T12:26:24Z
@user-Id5dj9qg1l,오배송 지림 ㅋㅋㅋㅋ열번 중 다섯번은 잘못옴 언제 한번은 인도ㅠ가운데 찍 놔두고 배송완료햇다고 사진 왓길래 후다닥 뛰어나감,1,2024-11-05T09:47:10Z
@니니닝-z4v,bgm을 조금만 줄여주시면 오디오 설명이 더 잘 들릴 것 같아요!!,1,2024-11-05T08:43:44Z
@구좨,나레이션 목소리가 너무 졸려요 😥,0,2024-11-05T07:00:56Z
@김수민-o2f6n,"배송기사만 잘 교육시켰어도 좋았을텐데
비번 모른다고 공동현관 문앞에 틱 던져놓고 가는 건 컬리만의 독보적 스킬이었지",2,2024-11-05T04:50:10Z
@insightmarket5035,사기 아무리 쳐도 정신 박인 투자자는 돈안되는 사업은 절대 투자 안한다.. 세상이 그렇게 호락호락하나,0,2024-11-05T04:08:00Z
@제이드-p9v,중국자본 끌어들이려다 망해서 꼴좋네요,0,2024-11-05T03:54:46Z
@ny7816,구독박고갑니다.,0,2024-11-05T03:15:39Z
@ForeverRich-r5s,쿠팡처럼 판매자를 조져야지 그래야 성공함,0,2024-11-05T00:34:01Z
@YJ-wx4wj,컬리 포장재값만 좀 줄여도...;;,1,2024-11-05T00:00:43Z
@aaaaatttttttttt,좋은 컨텐츠네요 구독하고 갑니다.자주 업로드 해주세요,1,2024-11-04T22:56:18Z
@김김-k7n,가격만 비쌈,1,2024-11-04T21:58:36Z
@kevinshin1964,"구멍가게도 운영안해본 대표가 경력에서 보듯 허파람만 잔뜩들어 남돈으로 그동안 잘먹고 잘살고 회사가 망해도 본인은 어딘가에 살거는 만들어놓는게 저런 얘들 머리구조 
판만 키우면 계속 투자는 일어날수밖에 없는 구조로 간거고
한번도 흑자가 없는 구조 
투자사기다
사업구조가 그냥 사기인데 이컨머스시장 참 🤦 황당하다 
또라이 하나가 또 시끄럽게 하겠네",1,2024-11-04T21:58:18Z
@eunbitko4766,"컬리 너무 비싸고 재고가 소량인지 매진도 금방되고 상품이 다양하지 않음
컬리보다 쿠팡이 배송이 훨 빠르고 
가격도 싸고 무료배송 기준도 작아서 쿠팡씁니다 컬리는 탈퇴함",1,2024-11-04T17:01:56Z
@aimhigh4747,"다른데서 구하기 힘든 소스류 같은 식품이나 맛집음식이 있어 좋고 특히 칫솔, 세제 등 친환경 제품류가 있어서   좀 비싸고 과한 포장이 버겁지만 이용합니다. 컬리경영진은 재래시장, 대형마트와 차별화되는 점 계속 고수하시길",0,2024-11-04T14:50:44Z
@harutoday9729,"애초에 가능성 없는 사업이었는데 그게 코로나때 반짝 히트를 친것 뿐.... 콩짜가리 만한 나라에서 죄다 수도권에 모여살고 동네 어딜가도 대형마트, 슈퍼, 시장이 근거리에 위치하고 있고 다른 대안이 너무 많은데 아무 메리트가 없는 마켓컬리가 무슨수로 성장하고 무슨 수로 이익을 내겠냐 ㅋㅋㅋ 지금도 그냥 어쩔 수 없이 빚내가면서 끌고 가는거고 조만간 부도날 것 같다.",3,2024-11-04T14:05:49Z
@shapa49,외상정산? 이거  딱 큐텐 구씨 스타일인데...,0,2024-11-04T13:43:09Z
@finn_n_jake,컬리에서 처음으로 주문한게 새우완탕이였는데...  냉장고 맛이 났음...  그 뒤로 다시는 컬리 쳐다도 안보게 됨...,0,2024-11-04T12:58:11Z
@김지혜-k1m8r,전 늘 컬리 잘 이용해요. 일단 새벽 시간 잘 지켜 오구요. 채소가 신선하고 계란 유제품 두부 콩나물 등 기본 제품이 모두 신선해요. 그리고 컬리 박스 이용하면 과대 포장도 줄일 수 있어요. 컬리 카드 이용하면 2000원 쓰고 다시 돌려 받고. 2만원 무배도 이용 가능해서. 전 컬리 너무 좋아해요.,1,2024-11-04T12:35:39Z
@gonran4661,"그 대단한 컨설팅 업체에서 나와서 수년간 고생한 업체의 주요 경쟁력은 인력갈아넣기
이거 그냥 간판만 번지르르하지 알맹이는 영…",0,2024-11-04T11:01:08Z
@prior21,초심 잃은거 같던데. 쿠팡이 분명 위고 차별화 잇어야하는데 그냥 쿠팡 작은회사 느낌 아닌가,0,2024-11-04T07:14:58Z
@kangp-nv7cl,김슬아 대표의 지분은 이미 2020년쯤부터 10프로 미만이었음. 상장하려고 투자사에서 감나와라배나와라하면서 제품 구성이 잡화점이 됐음. 대박 치고 싶은 VC들이 자기 발등 찍은거임.,2,2024-11-04T05:55:03Z
@Ju.12lee,"쿠팡이 제일 좋더라
배송.반품 다 맘에 들고
쿠팡없이는 못산다",1,2024-11-04T05:27:27Z
@센티피드-r5m,"재밌게도 컬리는 그나마 눈치가 빠른 축임.

시장이 냉각되기 전에 마지막 라운드 투자를 크게 받아서 우여곡절 끝에 에비따 기준 흑자. 

쉽게 말해 신축 물류센터들 내용연수까지는 생명연장이 가능해졌음.

하지만 당시 시장 분위기 못읽고 기업가치 내리기 싫어하던 콧대높은 스타트업들? 

다 죽었거나 숨도 못쉬고 구조조정 함.

아직 살아서 발버둥치는 컬리 뒤에는 이미 죽어서 식어버린 자칭 유망 스타트업들이 널려있음.",0,2024-11-04T01:13:20Z
@아룡이-c7y,"배우 이재훈님 여기 투자해서 대박났다던데
아니구나..",0,2024-11-04T00:42:40Z
@awsrevelion,새벽배송이 뭐가 혁신임 ㅋ 비용을 기존 배송이랑 비슷하게 비용을 써서 새벽배송을 할 수 있어야 혁신이지,0,2024-11-03T23:01:33Z
@박유환-d2b,"새벽배송은...업체들이 몰라서 안했던게 아님.. 시작하는순간 업계 치킨게임 헬시작이라 쉽게 못했던거지.. 유통업계에서 수배송비용이 차지하는게 얼마나 어마어마한지 일반 사람들은 잘 모름
인건비와 수배송비의 상쇄를 업체가 어디서 뽑아내겠음? 지금 쿠팡을 보면 결과가 나옴",0,2024-11-03T22:33:18Z
@s파파,몇번 사보고 망할줄 알았음. 컬리에서는 왠만한 물건들 마트보다 비싸게팜. 처음에 가격 안보고 사는 여자들이나 걍 사다가 결국에 비싸게 파는거 알게되고 결국 안삼. 가격보면 사기당하는 느낌마저 들게됨. 그런식으로 소비자 기만하면 망하는건 당연함,2,2024-11-03T22:15:53Z
@내가젤잘되게해주세요,컬리 쿠팡 알바가봤는데 컬리는 어수선함...,1,2024-11-03T20:09:29Z
@Elmoreno-p7v,"마켓컬리를 2016년도에도 납품했던 회사를 다녀서 아는데.. ..2018년에 파머스에서 컬리로 바뀐게 아닐텐데..
2015년도에도 마켓컬리였음..",0,2024-11-03T17:49:03Z
@jaeyoungpark9294,시발것들이 음식물외식자재를 주문하면 길거리에 버려두고 배달했다는것들인데....길가다 뭔박스인지 찿아보다보면 어떤건다른집에서 어떤건내가 줌 문 물건들이....그냥지나치면 없어지는...컬리에 문의하면 니가알아서 찿아쳐먹으라는 답변...말그대로 변이온는데...누가더이상의 즈문을할건지....난 절대주문하면안되는곳이 컬리란.걸알기에 더이상줌 ㄴ안한다,1,2024-11-03T15:20:12Z
@8elements,브랜딩만 남았음...,0,2024-11-03T15:10:01Z
@TV-ky7bs,"농협하나로마트에서 직접 가서 농협표 냉동돼지갈비 직접 사와서 구워먹다가, 컬리에서 쿠폰줘서 비슷한거 먹고 입버림 ㅠㅠ 역시 온라인은.... 별로예요. 우리애들 먹을껀 제가 직접 나가서 사옵니다.",0,2024-11-03T14:33:21Z
@TV-ky7bs,"새벽배송 한번도 안해보고, 머리 쓸 생각 안하고 돈으로 그냥 ""새벽배송"" 이러면 성공할 줄 알았나...??",0,2024-11-03T14:29:38Z
@Way-hv3xn,기업가치 4천억이면 여전히 한국 상위 0.001% 갑부네요.,0,2024-11-03T13:22:11Z
@뮤즈-g2g,시골 소도시 군지역까지 이미 쿠팡이 배송보급로 다 뜷어놨다 게임 끝났다 ㅎㅎ,1,2024-11-03T11:35:33Z
@뮤즈-g2g,한국내수는 점점 마이너스로 갈텐데 지금이라도 빨리 접어라,0,2024-11-03T11:26:16Z
@litey3227,애초에 수익을 내지 못하는 사업모델이므로 4천억 기업가치도 많다고 보여지는데,0,2024-11-03T10:01:17Z
@오잉오잉-x4e,그냥 주제 파악 못 하고 거품마케팅에 돈 쳐바른게 몰락의 이유지 뭐. 이런 거품마케팅이 아줌마들한테는 잘 먹히지만 소비층이 그 아줌마들로만 한정된다는거ㅋㅋ,0,2024-11-03T09:56:52Z
@정태영-k7q,코로나 때문에 반짝성장 아님? ㅋㅋ,0,2024-11-03T09:53:29Z
@재형-c3x,적립금 많이 뿌리던데 발빼려는거 아닌가?,0,2024-11-03T09:14:02Z
@나를밝히기싫어-b5g,"중갅물류배송업체들이 때부자 됐지
물류배송비 내려오면 기사들한테는 60퍼 70퍼만 내려오지 자가용쓰면서 아 우린 법적으로 영업용냉장차씁니다속이고 ㅋ
컬리에서 관리감독이 전혀안함 돈이 많이 세지",1,2024-11-03T07:19:28Z
@HeroNatural,여자가 리더를 하면 어쩔수없음,1,2024-11-03T06:23:53Z
@아이건좀-c2f,"몸집 키우려다가 정체성 산으로 감.
대표가 일찍 매스컴 노출하면서 기업공개에 야욕을 보인 것도 마이너스였음. 잘 키우고 싶다는  메시지와 상장을 위한 괴도한 기업가치 내세우는 기사가 중첩되면서 먹튀로 인식되기 시작했음.",2,2024-11-03T05:09:12Z
@soundslike82,뷰티 컬리를 굳이 만들고 컬리 지들 자체 상품 만들고 하면서 그냥 배송 빨리해주는 평범한 온라인 마트로 변함..매출은 올렸겠지만 매니아층은 잃음…,0,2024-11-03T04:53:05Z
@메메롱-k3k,무신사랑 합병했어야 서로 시너지가 좋았을텐데 참 아쉽다. 식자재는 쿠팡의 그 쿠팡잇츠랑 쿠팡플레이 서비스 때문에 경쟁력이 떨어지고 뷰티는 올리브영 때문에 경쟁력 떨어지고 .....,0,2024-11-03T02:47:46Z
@상머슴-g6k,너무 쿠팡을 따라하려 했어... 전혀 다른 회사인데...,0,2024-11-03T02:21:25Z
@천-l8w,"쿠팡처럼 물 들어왔을 때 계속 노 저으면서 성장 했어야 했는데, 물 제대로 들어왔을 때 노를 제대로 젓지 못 해서 이제는 더 성장하기가 너무 힘들지. 물 들어왔을 때는 경쟁 업체도 거의 전무 했는데, 이제는 다른 기업들이  컬리가 했던 사업 분야에 자리를 잡아 버려서, 저들을 몰아내고 1등 차지하기는 하늘의 별 따기일 듯.",0,2024-11-03T01:48:44Z
@youngpark2928,컬리음식이 난 안심이 되요,0,2024-11-03T01:11:33Z
@불한당-q3i,남자가해도힘든데. 여자는 큰일을하면 안됩니다. 타고난건 무시못해요,1,2024-11-02T23:51:40Z
@minasang-y2b,쿠팡독점은 가격인상의 길인데..컬리가 살아있으면 좋겠네요,0,2024-11-02T23:22:34Z
@김민정-e8q1y,난 그래도 컬리 사랑하는데;; ㅠㅜ,0,2024-11-02T16:15:44Z
@jjdemo3903,한국인들은 문제가 매출만 신경 쓰고 수익성을 전혀 고려하지 않습니다. 허세 문화 국민성때문인 것이죠,0,2024-11-02T16:14:17Z
@jjdemo3903,컬리가 망할 줄 처음부터 알았고 경고 했습니다.,0,2024-11-02T16:12:28Z
@수아레즈1919,내가 봤을 때는 새벽배송 비지니스 모델에 문제가 많다.  자본은 엄청나게 많이 들어가고 진입장벽은 낮음.   게다가 인력 관리 자체가 너무나 빡셈.,0,2024-11-02T15:43:15Z
@e_1474,컬리에 살 게 없어. 비싸기만 오지게 비싸고 예전에는 맛있는 빵 많았는데 요즘은 그다지,0,2024-11-02T13:42:57Z
@음하-t3c,이론만 가지고 운영하면 저렇게 되는거지 뭐..,0,2024-11-02T12:24:26Z
@ssoggongfamily,"몇번썻더니
지겹게 연락옴 팝업 
푸쉬 및 문자

하루4번이상연락옴",0,2024-11-02T11:17:28Z
@아이가릿-w8w,기업가치 높아보일때 대기업에 팔고 튈라했으나 실패함,0,2024-11-02T10:34:28Z
@두두나-h2v,컬리에서 산 소스들… 유통기한이 짧아요… ㅜㅜ 대부분 6개월 정도?? 남았던 제품 받았었는데 최근에 홈플러스 갔더니 다양한 소스 종류가 참 많은데 그 중에 컬리에서 샀던 소스들… 유통기한이 1년에서 그 이상이네요… 그동안 소스들 몇번 못쓰거 버렸던… 이유가 … 좀 충격이었어요.,1,2024-11-02T10:02:32Z
@토실토실-w9s,이마트만한곳이 없어요♡ 이십년 가까이 충성중😊ㅋㅋ,0,2024-11-02T08:39:51Z
@Ai-GOME,"차별화 전략으로 밀고 갔어야지, 제너럴라이즈로는 타 플랫폼에 먹힘",0,2024-11-02T08:14:26Z
@kkj7463,암탉이 쳐울면 쳐망한다,0,2024-11-02T07:43:02Z
@hkcho8789,"여기에 해당 되는건 절대아님
여자는 자고로 큰일 하면 안됨",0,2024-11-02T06:45:05Z
@KL-fy5sx,"4천억도 아깝다. 
사이트 들어가봐라. 한심한 수준이다.
컬리에서 건질건 저 브랜드 로고. 컬러 뿐이다. 초기 전지현을 등에업은 마케팅.",0,2024-11-02T03:29:00Z
@bageloooo,여기를 아직도 이용하는 사람이 존재하나요???? 😂😂😂😂,1,2024-11-02T00:57:18Z
@bageloooo,컬리 진짜 쓰레기임. 후회하지마시고 쓰지마세요. 그리고 컬리는 중국자본입니다!!!! 😮😮😮😮😮,1,2024-11-02T00:56:22Z
@던육,쓰잘때기없는 포장에  힘이 너무 드감.!!!,0,2024-11-02T00:39:57Z
@prijudas703,매출액 많아봐야 허구다 실질적인건 영익이다  sk네트워크 봐라 매출액이 11조가 넘는데 영익은 꼴랑 천원대다 ㅋㅋㅋ 그러니 10년넘게 주가가 그꼬라지지  매출액은 전라 어마 어마한데 영익이 안나오면 중간에 많이 빼먹는다는거다  매출액 - 매출원가 = 매출 총이익   판관비에서 광고비니 물류비 접대비 임금등 이런저런 곳에서 다 매출액 나온거 다 날려  처먹는다는 소리임,0,2024-11-02T00:38:08Z
@haydenchris5648,좋은 컨텐츠네요!! 이런거 보면 참 대표의 길은 어렵고 복잡할 수밖에 없네요,1,2024-11-02T00:27:46Z
@luckgood4866,한국 내수봐라 전세계가 성장하는데 한국 GDP 0프로에 소비재내수 -몇프로임. 인구줄고 코스피 개꼴등에 한물갔어,2,2024-11-01T16:10:46Z
@luckgood4866,오아시스가 최고임,0,2024-11-01T16:03:40Z
@luckgood4866,슬아 개먹튀,0,2024-11-01T15:55:39Z
@luckgood4866,기술이없는회사 장벽이 없는 모래성,0,2024-11-01T15:54:33Z
@rainyday1114,컬리 소고기 가성비 최고임. 뷰티컬리는 잘모름. 남자라,0,2024-11-01T14:52:48Z
@Dany_918,없어지지마 ㅠㅠ,0,2024-11-01T13:20:03Z
@marumaru5786,망하지마세요 난 애용한단말야요,0,2024-11-01T13:12:32Z
@simsimsim7209,컬리에서 하루 알바해봤었는데 사람 갈아넣어서 하는 시스템... 적자가 계속될수밖에,0,2024-11-01T12:26:15Z
@lfiwernien9397,이도저도 아니게 됨,0,2024-11-01T10:03:59Z
@vhyeon,뷰티 제품 들어오고 비건을 검색하면 화장품이 더 많이 떠서 잘 이용 안하게 됐습니다.. 전엔 특별한 재품들이 많았는데 요즘은 그것도 잘 모르겠구요 그냥 저렴한 것만 가끔 사요,0,2024-11-01T08:33:20Z
@kimcircle9652,컬리를 4조가치로 본 사람들이 경.알.못,0,2024-11-01T06:57:38Z
@heyhihiho,사업보고서는 컬리가 원해서가 아니라 비상장법인도 증권소유자수가 500인 이상일 경우 공시의무가 생겨요 그래서 비상장에서 많이 거래되는 토스 컬리 야놀자 같은 법인들이 공시하는거고요,0,2024-11-01T03:40:36Z
@바야흐로-p8k,일하는 노동자들 블랙리스트 작성해서 관리했던 기업인데 무슨 미래가 있어,1,2024-11-01T01:42:10Z
@장연재-o6g,"물건값도 비싸고.. 조금 덜 사면 다음달에
바로 등급하락해있고.. 쿠폰도 적립도 점점 짜지고… 살 이유가 점점 사라짐",0,2024-11-01T00:51:11Z
@krug0674,그냥 exit plan을 잘못 짠거지 뭐..,0,2024-11-01T00:35:43Z
@victorju1085,처음 샛별이면 영원히 샛별 포지션으로 밀고 가야지.,0,2024-10-31T23:10:47Z
@하비에르바르댕댕이,"헬로네이처가 제품 좋은 게 많았는데 사업 접어 충격이었는데
컬리가 망하면
새벽배송 어디서 시켜야 하나
쿠팡안티라 쿠팡은 절대 안 쓸건데..",0,2024-10-31T17:06:02Z
@real-big-wave,인간 갈아넣는 서비스는 지양해야,0,2024-10-31T16:02:01Z
@yksujin,어휴 난 컬리 좋아해 ㅜㅜ살아남아라,1,2024-10-31T15:45:06Z
@Qazplm12-x8j,컬리 화이팅,0,2024-10-31T13:41:33Z
@청담동박감독,컬리 유행지나고 무관심. 아직 살아있군요.,0,2024-10-31T11:55:28Z
@_rasputin731,오아시스 쓰셈 저렴하고 품질 좋음,0,2024-10-31T10:59:18Z
@tenbaggerich,컬리는 샐러드가 최고임,0,2024-10-31T09:59:42Z
@mardaekku,"식품을 배송기사 임금만 비싸지게 왜 새벽에 배송하지? 아침에 출근하느라 바빠 죽겠는데..
차라리 낮에 주문하고 저녁에 배송 받는게 낫지 않나?
요리도 대부분 저녁에 하는데",0,2024-10-31T09:14:23Z
@jhjeon888,"유통망에 따라, 내가 받는 서비스에 따라 상품 가격이 다르다는것을 소비자들이 받아드리질 못함",0,2024-10-31T03:35:58Z
@움짓이면빵,"컬리만 특이한 외쿡제품 쉽게 구할 수 있어 컬리에서만 시키는데😢 제발 안 망햇으면,,,",0,2024-10-31T02:48:00Z
@언제나지금처럼-z6g,"컬리 이용한지 6년째 
아직도 월 6~8회 이용중~
급하게 필요한 식재료 안전하게 배송받아 나름 만족함",0,2024-10-31T02:28:27Z
@보름달-n4g,쿠팡은 결국 외국회사인데. 요새 태도도 너무 얄밉고.,0,2024-10-31T01:09:42Z
@빠담빠담-s3n,살게 없는데 배송만 혁신해놓으면 뭐하나 ㅋㅋ 이제 배송은 다들 새벽배송인디 ㅋㅋ,1,2024-10-31T01:02:18Z
@유성winner,단순유통으로 수익을 내기는 지금은 어려워요,0,2024-10-30T23:55:47Z
@고슴도치1352,컬리는 문제가 비싼데 맛이 없다. 예전엔 독점을 했는지 인터넷에선 구하기 어려운것들이 많았고 맛도 괜찮았는데 어느순간 맛이 ㅡㅡ,0,2024-10-30T23:10:33Z
@tv-gf4dl,한국의 몸집은 어린아이인데 어른 팬티를 입으려고 하니 자꾸 흘러내리지...,0,2024-10-30T22:25:29Z
@galaxysky27,이런 경우에는 그냥 미국가서 사는게 제일  좋지요,0,2024-10-30T20:19:02Z
@채현아범,그놈의 ipo가 뭔지,0,2024-10-30T18:30:26Z
@불편한진실-o5w,7:00 딱히 다를 바 없는데 겁나 빨아주네 ㅋㅋ,3,2024-10-30T16:16:23Z
@불편한진실-o5w,1:22 어릴때부터 관심이 많던 X / 뉴욕에서 이미 성공한 스타트업을 보고 O,11,2024-10-30T16:14:05Z
@Narara1004can,"비싸요,,, 이러면 쿠팡이랑 경쟁이 안되잖아요,,, 
아님 좀 좋은 제품 위주로 해주면 좋을텐데 
아무래도 같은 상품끼리 경쟁하면 가격이 메르트가 있어야죠,,",0,2024-10-30T15:54:00Z
@Christina_Yeo,컬리 신선식품 해산물은 되게 좋은데..,0,2024-10-30T15:00:18Z
@nkodpwmx,"망해가는 
컬리를 쓰는사람들이있네",1,2024-10-30T14:51:39Z
@친일행동하지말자,쿠팡처럼저질제품유통회사로가는건희,1,2024-10-30T13:34:25Z
@친일행동하지말자,김범석이가장나쁜넘,1,2024-10-30T13:30:54Z
@친일행동하지말자,품질이갈수록개판,1,2024-10-30T13:25:55Z
@친일행동하지말자,사기꾼업체,1,2024-10-30T13:24:17Z
@swb4917,아직 안 망한게 신기한 회사,0,2024-10-30T13:14:55Z
@yhleehyunlee,넘 비싼것이 문제..가격비교사이트에서  가격비교하면  안 망하는것이 이상함..,3,2024-10-30T12:13:09Z
@Cxdcc-j1u,난 쿠팡도 망할것같은데,0,2024-10-30T11:13:24Z
@Themagicpuppy,"마포구1인가족입니다. 컬리에서만 파는 거 살때 이용해요 올리브유, 먹어보고싶지만 멀어서 귀찮아 가기힘든 유명한 빵집, 파티할때  차릴수있는 멋스런 음식들 서치할때, 특히 두루마리 휴지 살때 컬리 좋아요! 구정때 압구정 사시는 지인에게 배 선물보낼때도 이용했어요! 보통은 동네 홈플러스 익스프레스에서 행사상품 수시로 확인하여 장봐요.",0,2024-10-30T10:40:00Z
@santana5478,몇년전 상장할거라고 하더만 결국 안했었구나,0,2024-10-30T10:39:21Z
@h거부기,다른회사보다 경영방침이 나은 듯하여 이용했습니다. 특히 잘 구하기 힘든 맛집 밀키트나 비싸도 고급진 먹거리가 있어 좋았는데요. 최근 아무래도 물가상승에다가 실질소득 감소로 인해 아무래도 지출을 줄이게 되니 컬리 이용이 저부터도 줄게 되었네요.,0,2024-10-30T10:37:51Z
@하하동동,"ㅋㅋㅋ 왜 적자인줄 모르나?
신선채기 때문이지",0,2024-10-30T10:04:52Z
@jaewoo6363,특색이없고 거품만 키웠으나 거품 사라지니 망...별거있나.. Value가 쿠팡 대비 떨어지는거지뭐,0,2024-10-30T09:40:16Z
@루루-b5n7o,"애초에 기성,완제는 쿠팡이고 오가닉, 친환경은 오아시스마켓이 최고임",0,2024-10-30T07:46:05Z
@예슬마녀-q1o,과대포장+비싼물건값=^^,0,2024-10-30T05:47:57Z
@홍대빠박이,떡갈비 삿는데 개맛없어서 컬리 이용안함 쿠폰줘도 안삼,1,2024-10-30T05:12:32Z
@parkjh1677,"결국 성장이 한계에 왔다는거고 수익성을 위해서 이전보다 상품의 질이 좋을 수 없다. 뭐 그런건가? 
이 점을 미리 예견하고 대비했어야 함. 매출규모도 중요하다고 보겠지만 컬리만의 특색을 살릴 수 있어야 시장에서 살아남을 것임. 
그럼 매출규모 축소는 불가피해 보임. 이제 옥석을 가려서 핵심되는 것에 집중해야겠네.",0,2024-10-30T04:59:23Z
@momosyndrome,애초에 거품이 너무 컸음 원래대로 내려간 것 뿐임,2,2024-10-30T04:12:17Z
@deltax9471,선센제품 동일제품이어도 쿠팡보다 더 상태가 좋은데 가격도 좋아서 쿠폰뿌릴때만 이용...,1,2024-10-30T04:02:21Z
@coffeecatlover,컬리 새벽배송이라 해외사는 사람은 급하게 출국해야하거나 컬리에서만 파는 냉동 먹고싶을 때 많이 썼는데.. 계속 유지되길 바라면서 일단은 소비하고 있어요. 초반에 컬리한정 냉동 나올 때가 정말 좋았는데 말이에요,0,2024-10-30T03:37:08Z
@coffeecatlover,컬리 새벽배송이라 해외사는 사람은 급하게 출국해야하거나 컬리에서만 파는 냉동 먹고싶을 때 많이 썼는데.. 계속 유지되길 바라면서 일단은 소비하고 있어요. 초반에 컬리한정 냉동 나올 때가 정말 좋았는데 말이에요,0,2024-10-30T03:36:30Z
@hhh7441,"망하지마ㅠㅠ컬리.. 나 멤버십도 쓰는데 신선식품에 이것보다 좋은게 없다구..

근데 뷰티컬리는 진짜 별로긴 해요. 항상 네이버나 쿠팡이나 다른데보다 더 비싸구(쿠폰써야 그나마 비슷), 
굳이 비싼 백화점 제품을 그렇게 빨리 받아서 써야되나 싶어요. 사실 네이버나 이런데 공홈도 너무 잘돼있구 오늘도착 도착보장 이런것도 넘 많아서ㅠㅠ 난 코덕인데도 뷰티컬리 잘 안써요
뷰티보다 마켓에 집중해라",2,2024-10-30T03:09:23Z
@ganakara112233,똑같은 제품을 쿠팡보다 비싸게 파는데 컬리에서 살리가,0,2024-10-30T03:07:16Z
@일솝,"여성친화기업은 성장하기 힘듬 , 야근하면서 일할생각을 안하거든 ㅋㅋㅋ",1,2024-10-30T00:50:27Z
@heliot74,저도 컬리빠인데 댓글들 좀 웃긴게.. 컬리특 제품들 여전히 꽤 있고 그런것만 팔면 망함.  소비자도 컬리에서만 파는 특별한걸 사면서 동시에 평소 먹고 쓰는거 한꺼번에 배송 받아야지 뭘 쿠팡 물건 판다고 구려 졌다고 개소릴.. 쿠팡보다 비싸도 특별한거 사면서 쿠팡에서 또사가 귀찮으니 한꺼번에 사는거지. 그리고 컬리 리뷰 보면 온갖 다양한 인간들의 의견을 볼 수 있음.  누군 과대포장 싫다 하는데 누군 덜렁 제품만 왔다고 지렁  박스 없다고 지렁. 흙이 묻어 있는 신선한 재품이라고 극찬 흙 묻은거 그냥 판다고 지렁… 어케 다 맞춤?  방구석에서 편하게 받아 먹는 비용 생각은 안함? 쿠팡 배송기사가 사람이 아니고 푼돈에 로켓이 됐다가 과로사 하는게 다 그런 거지근성들 때문임,2,2024-10-30T00:28:05Z
@user-aEWUJv9DKpPJD,컨설팅 회사 출신은 거르는게 맞습니다... 겉만 번지르르하지 기술적인 부분은 아무것도 몰라요,4,2024-10-29T23:50:36Z
@onedaysoon99,ㅋㅋㅋㅋㅋㅋㅋㅋㅋ컬리 쓰다가 안쓰는 사람들이 수두룩빽빽이네ㅋㅋㅋㅋ맞아요 우리집도 그래요 컬리초반에 유니크함 품질력 배송의 깔끔함이 이제 다 사라졌음 너무별로에요 컬리는 클레임 해도 안들어요 오히려 너덜너덜한 후래쉬백에 오는 로켓배송이 물건 깨끗하것어.. 그건 수거해서 닦고 쓴다는데 그게 더 친환경적이여,1,2024-10-29T22:51:32Z
@skyroad21c,샛별배송 ㅅㅂ 지겹다,0,2024-10-29T20:42:43Z
@moohyun1946,마켓컬리가 망하지 않기를 바랍니다.마켓 컬리 좋은거 같은데 왜 망할까..,17,2024-10-29T19:23:57Z
@무지-e6h,요새는 알리 K베뉴가 최고ㅋㅋ 쿠팡은 월에 한 번정도로 크게 줄임.,0,2024-10-29T16:06:16Z
@융-r5i,"나 먹을것만 쫌쫌따리로 사먹어서 컬리 애용하는데 , , ㅠ ㅠ 없어지지마 컬리 ㅠ ㅠ 😢",1,2024-10-29T15:42:55Z
@Bs쿠엔토,오아시스가 더 나음 컬리는 계란도 매번 깨져오고 그래서 오아시스로 갈아탐 더  싸고 조음,1,2024-10-29T15:15:50Z
@이뿌다-c7h,뷰티컬리는 없애는게 좋겠다,0,2024-10-29T15:04:24Z
@kakekukyu,컨설팅 출신의 빅아이디어맨이 사업을하면 이런꼴이난다 ...,1,2024-10-29T14:25:13Z
@ur-l4328,컬리를 이렇게 다루는 이유가 뭔지... 비싸고 한3년전에 울집은 새벽 안된다길래 그 이후론 관심 없었더랬지,0,2024-10-29T14:22:58Z
@hny-o2c,솔직히 망할줄 알았음..,0,2024-10-29T14:21:46Z
@ThinkWithSteven,컬리보다 내 인생이 더 위태롭다..,9,2024-10-29T14:08:47Z
@도치-f4u,컬러 당골인데 너무 안타깝네요,0,2024-10-29T14:05:12Z
@Stephano753,신선식품이 아니라 냉동식품 전문이 되어버림,0,2024-10-29T13:58:14Z
@글로리엠,시골인데 새벽배송으로  바뀌고 두번이나 낮에 받음. 이후로 그냥 쿠팡이용. 쿠팡에서 못미더운건 마트에서 오전에 시킴 어파치 오후에 오는건 마찬가지니까 .쿠팡 상품이 싸구려같아서 안썼었는데 급할땐 빠른게 최고더라.,2,2024-10-29T13:55:05Z
@김지원-y7q2i,"한번이라도 컬리가서 일해봤으면 안다
센터장이나 본사 직원이라는 색상 틀린 조끼 입은애들이 일을 어떻게하는지
경영에 대해서 모르는 사람이 하니까
밑에 애들도 고따구로 일하는거다

어차피 목적은 상장해서 엑시트 하는걸텐데 어림없다
안망하는게 이상하지",8,2024-10-29T13:48:35Z
@찰스디킨스-y3e,기업공개를 최대한 일찍했어야 돈이 모여서 더 커지지,0,2024-10-29T12:59:17Z
@yoonevalee,컬리는 배송 최저금액이 높아서 안써요. 쿠팡은 반값,0,2024-10-29T12:52:42Z
@이백남-g7m,"애초에 시장성이 없음. 안그래도 유통업계 경쟁자 포화인 상태에다가 이 자그마한 나라에서 수요가 늘어나는 것도 아니고, 더군다나 요즘 다 맞벌이인데 새벽에 식자재를 배송시켜서 아침을 해먹고 출근한다?ㅋ 강점은 그냥 UI가 이쁘다는거빼고 없음",2,2024-10-29T12:39:37Z
@이사도라-d7u,나도 쿠팡보다 컬리가 더 고급지던데,0,2024-10-29T12:00:10Z
@leonardlee5176,플랫폼 회사는 시장점유율이 핵심이야. 1등 기업이 이익을 대부분 가져가고 2등은 조금 가져가고 3등부터는 손가락만 빠는 게 플랫폼 비즈니스야. 근데 컬리 시장점유율이 5%도 안 되더라. 이말인즉슨 그냥 망하는 비즈니스라는 이야기.,1,2024-10-29T11:56:50Z
@Q-v1q,쿠팡양아치 손절하고 컬리 이용함,0,2024-10-29T11:53:13Z
@Q-v1q,컬리주문하러가야지.,0,2024-10-29T11:51:57Z
@tenddjidedx,컬리 망하디마 힘냉~,0,2024-10-29T11:46:19Z
@Q-v1q,쿠팡보다 믿고 컬리에서 사는데,3,2024-10-29T11:46:11Z
@혼궁-o6l,쿠팡 에게 타작 당하다 ㅠ,0,2024-10-29T11:24:35Z
@kkw1207,뷰티를 한게 뭔가 과욕깥았음,0,2024-10-29T10:46:35Z
@user-pe1wg7pw8w,신선ㆍ고급ㆍ마트에없는것도 구입가능,1,2024-10-29T10:40:32Z
@user-pe1wg7pw8w,쿠팡보다 컬리❤,1,2024-10-29T10:40:08Z
@MyKimjae,그냥 물건이 다양하지 않아서 안 사게 되었고 대부분 어짜닥 쿠폰 주면 쓸까말까임.  밑에 포장가지고 뭐라는분들 있는데 제품에 문제가 있지 않는 이상 포장 지적은 너무 억까다. 그리고 4조가 애초 말이 안되는거라 봅니다.,0,2024-10-29T10:25:58Z
@휴철김,애초에 쿠팡도 신선쪽은 적자라는데 컬리가 뭐라고..,1,2024-10-29T10:25:09Z
@신짱81,전엔 비싸도 신선식품 퀄리티가 좋았는데 지금은 싸지도않고 신선하지도 맛도 없음,1,2024-10-29T10:00:26Z
@흰수염고래-q3q,컬리 계란 예술임 꼭 사서 드셔보세요,0,2024-10-29T09:42:42Z
@Precious-c5h,"인구가 1억은 되야 내수로먹고살수있다는 연구결과가있음 5천만명 이하인 나라에서 너무많은 e커머스,대형마트, 소상공인들이 있다는건 딱답이나오지않겠음?",2,2024-10-29T09:36:38Z
@HJ-dx4mb,전 컬리 상품 다양성이 넘 좋습니다. 고급스런 제품부터 일반 신상 과자에 신선식품류까지요. 샐러드를 자주 사먹는데 이렇게 다양하게 것도 세일까지 자주 하는 곳에서 먹을 수 있어서 만족스러워요. 패션 뷰티는 거의 구매 안하는데 그래도 종종 딱 필요한거 세일 퐁 때려줄 때 있어서 기쁩니다. 컬리가 비싸다고 해도 세일 품목만 잘 봐도 꿀이에요. 멤버스면 무배도 몇번이나 쓸수 있고요. 쿠팡과는 결이 다릅니다. 예전에 헬로네이쳐 없어졌을 때 서운했어서 컬리는 꼭 유지해줬으면 좋겠어요,88,2024-10-29T09:31:25Z
@Precious-c5h,나같으면 젊은고객들이 접근힘든 카페나 베이커리를연결해서 새벽배송해주면 윈윈할듯 홈카페즐기고싶은사람들많은데,0,2024-10-29T09:26:59Z
@Precious-c5h,욕심이과했네 먹거리는 늘 한계가온다,0,2024-10-29T09:24:27Z
@Jeichang-vn,"컬리
새벽배송 안하고 여름에도 전날 밤에 갖다놓고 냉동 식품 다 녹게 하면서 계속 장사하겠다고? 초심을 잃은 기업은 망할 수 밖에 없다.",0,2024-10-29T09:20:05Z
@watertree4320,컬리 포기 못해요. 컬리자체제품 가성비 정말 좋고 선물해야 할  제품들은 컬리에서 삽니다.,2,2024-10-29T08:35:05Z
@둡-q4v,인터넷 쳐보면 나오는데 너무 대놓고 비쌈 ㅠㅠㅠㅠ조금비싸고 퀄리티 좀 낮으면 오히려 좋을텐데....,0,2024-10-29T08:29:45Z
@방구석코난-i5v,그냥 퀄리티도 별로인데 졸라비쌈 그게다임,0,2024-10-29T08:22:50Z
@roykim1136,컬리에서 계란 샀는데 전부 병아리 수정체 있더라... 토할뻔함..,0,2024-10-29T08:16:55Z
@seo1661,쿠팡이랑 겹치는 게 문제,0,2024-10-29T07:44:00Z
@jennielee1369,"신선식품으로만 수익내기 어랴워서, 상품을 다각화 했을거예요. 신선식품  특수 야채. 채소 과일이 마진이 박해요. 100% 만족이 불가능한 식품에다, 진입장벽이 쉬워, 네이버 스터어팜, 인스타 공구 , 개인들, 더욱이 농가들도 직접 판매를 하고 있으니, 이것저것 가공식품도 화장품도 판매를 하는건데, 우리나라 유통시장에 큰 획을 만든건 역시나 컬리 . 요즘 잘 아시다시피 차별하 상품 없어요. 차별화 상품 내놓으면, 1주일만에 비슷한 카피 더 저렴하게 나오는데.. 암튼 컬리 안망하고 존재 했음해요.",3,2024-10-29T07:13:10Z
@SJ리치,컬리는 필요합니다,1,2024-10-29T07:08:58Z
@이이오오-m9y,"내실은 안 따지고 덩치만 키우면 이렇게 되기도 하죠
완전 신선식품쪽으로 특화했으면 롱런이라도 했을텐데",0,2024-10-29T06:41:04Z
@mk3016,컬리 특별함이 이제 없음  올리브영인지,0,2024-10-29T06:34:42Z
@mingming-e6374,적당한 가격에 엑시트 했어야.... 이미 몇 번 엑시트 시도했는데 잘 안됐다는 소문이 있긴 했지,0,2024-10-29T06:27:10Z
@초딩-q8i,여기 대표도 다보스 포럼 장학생 이라며? 그래서 관심 껐지,0,2024-10-29T06:16:45Z
@구름빵-i5c,아이는 너무 어리고 아빠는 수술해서 돌봄이 필요한데 장 보러 갈 시간도 여유도 없어 누가 대신 장이라도 좀 봐줬으면 할 때 컬리가 있어서 겨우 한숨 돌렸어요. 한밤에 다음날 필요한 식재료를 주문하면 문앞에 놓여 있던 제겐 참 고마운 시스템이었습니다. 컬리가 시장에 잘 자리잡고 엄선한 질 좋은 식품으로  안심시켜줬던 첫마음 그대로 발전했으면 좋겠습니다.,147,2024-10-29T05:37:08Z
@JadeParker-r6q,가격이 비쌈.,0,2024-10-29T05:08:28Z
@jason1ok348,"신선식품 
고기는 정육점에서 사는게 맞음 .",1,2024-10-29T04:12:31Z
@May10th,"일단 쿠팡이나 네이버가 제품 종류가 훨씬 많아서 원하는 상품 찾기가 수월하긴 한데 판매자가 제각각이라 포장도 다 따로 해서 오니까 나처럼 온라인에서 일상적으로 장을 보면 이게 일일이 뜯기도 귀찮고 포장지 낭비가 너무 심함. 가끔씩 컬리에 없는 상품들은 쿠팡이나 네이버 검색해서 사는데 쌀, 고기, 채소 등 일주일에 3~4번씩 냉장고에 계속 채워야 하는 일상적인 장보기는 컬리나 쓱닷컴처럼 모든 상품 모아서 한 번에 포장, 배달해주는 서비스가 편하더라고요.",1,2024-10-29T03:58:41Z
@달리자-n2t,"우리집은 매일 신선식품 사용하는데, 없어지면 안되는데.",1,2024-10-29T03:06:12Z
@성공에목마른놈,지나치게 많은 투자자들 사공이 많으면 배로 산으로 간다. 기업 성장과 비전이 아니라 대충 유동성 풍부할떄 뻥튀기 엑시트하고 회사 팔아먹을 생각밖에 없어보였음,0,2024-10-29T01:22:43Z
@DS-sc5rg,운영자체를 못함 비싼 탑스타 광고료 마켓팅 쓸데없는 쿠폰난발 그에 따르는 시장 독점을 가져야 하는데 기러지 못함 쿠팡봐라 광고모델 누구있냐??쓸데없이 연예인들 배만 채워줌 ㅋㅋ,0,2024-10-29T00:44:47Z
@guruging,"컬리야 미안하다… 너 잘이용하다가 쿠팡이 반품을 너무 잘해주는바람에 감동받아서 쿠팡종신하기로했다,,,, ㅜㅜㅜ",0,2024-10-29T00:31:59Z
@프라우쵸이,결론 비싼가격~~,0,2024-10-29T00:11:35Z
@user-ht2gd3lu8d,김슬아 회장님.......................,0,2024-10-28T23:32:27Z
@낄렵-d8z,"배송관리가 너무 안됨. 오배송, 배송지연 총 2회나 겪고 개열받아서 손절",0,2024-10-28T23:25:39Z
@semikim6442,ㅋㅋㅋㅋ단순하게 팔면 팔수록 적자였단 말인데~~그렇다고 고객이 저렴하게 이용한 것도 아니고~~몸통 늘리기에 집중했다는 말이고~지금은 그 부작용으로 바람빼기를 하는 중~~~잘 이해가 안되네~~~투자자가 저렇게 몰렸는데 왜 기반을 닦지 못했을까~~~일을 혼자했나??,0,2024-10-28T23:12:47Z
@Agneseon,컬리는 반품환불 하려면 사진을 보내라며 엄청 귀찮게 해서 이용하기 싫어짐,5,2024-10-28T22:54:19Z
@willkjeong,😮,0,2024-10-28T22:00:38Z
@웁x6h,마켓컬리 더도말고 알바 딱 한번만 출근해보세요 마켓컬리 쳐다도  안보게 됩니다!,0,2024-10-28T20:48:51Z
@dreamfreeker,뷰티컬리에 제니 광고 모델로 쓸 때 부터 폭망...,0,2024-10-28T19:32:11Z
@tundratiger9473,고소득자를 상대로 고가로 파는 마케팅을 했어야 하는건데 쿠팡을 따라하려고 했군.,0,2024-10-28T18:57:42Z
@shelterk8691,컬리 최애인데 잘좀해봐라 ㅜ 주위에 컬리팬도 보면 많고...... 뷰티컬리 이런거 하지말고제발~~~~~ㅠ,3,2024-10-28T17:43:55Z
@쩜상-s7o,냉동식품 멀쩡하게 냉동상태로 온적이 없음,0,2024-10-28T17:39:45Z
@쩜상-s7o,어쩌다가 30프로 쿠폰 줄때만 삼.....,0,2024-10-28T17:32:12Z
@이지은-v4p1p,그 대단한 신선식품 차별화로 매출 올리기가 결과적으로 실패했으니 다른 쪽으로 울며 겨자먹기로 방향전환한건데 무슨 차별화가 안되서 망했다는 말도 안되는 소리를 하는지 모르겠네 ㅋㅋ,0,2024-10-28T16:49:58Z
@Sophie-pm8qq,"항상 컬리만 쓰다가 고객센터 대응때문에 어플 삭제해 버렸어요. 고질적으로 배송문제가 있어서 클레임을 걸었는데 죄송합니다 해결하겠습니다 말만 하고 몇달때 제자리... 배송기사 바꿔달라해도 안된다 그러고, 해결되면 알려달라니까, 그것도 안된다 그러고, 다음부턴 이런일 없게 배송해줄 수 있냐 하니까 장담 못한다 하고, 도대체 고객센터가 왜 있는지도 의문일정도의 응대... 진짜 고객센터랑 4-5번 계속 얘기했는데도 계속 말씀드리겠다 그치만 장담 못한다 그냥 로봇같은 말만 되풀이... 고객의 목소리에 귀 기울인다? 글쎄요... 배송을 이렇게 까지 개판으로 하는데 그런 문제를 몇달째 개선도 안해주고 1명정도 안시켜도 문제없다 이런 마인드라고 느껴져서 너무 기분나빠서 어플 삭제했어여",0,2024-10-28T16:25:03Z
@시대정신-StopTheSteal,욕심은 한 메뉴 맛집을 도때기 시장으로 만드는 법.,0,2024-10-28T16:23:47Z
@rewqqwer9783,대표 근데 진짜 매력있게 생겼네 와,0,2024-10-28T16:09:39Z
@삼선-f2z,뷰티쪽 손대면서 망테크였음. 제니 모델로 쓰면서 컬리뷰티? 뭐 이거 밀때 망삘 보였다..,0,2024-10-28T15:48:10Z
@fullaccel3175,"컬리의 케이스 잘 봤다. 생각보다 많은걸 알고 있어 좀 놀랍다. 나는 브랜드적인 관점에서 한번 살펴보겠다. 컬리는 브랜드의 STP (Segmentation, targeting, positioning)을 훌륭히 했다. 강남 소비자 대상의 비싸지만 싱싱한 먹거리 플랫폼, 그 당시 존재하지 않았고, 선두주자로서 훌륭히 시장에 정착했다. 그런데, 성공하는 모든 브랜드들은, '브랜드의 확장'을 꿈꾼다. 성공에 젖어 있기 때문에 모든 것을 다하면 다 팔릴거 같은 유혹에 빠지는 것이다. 그러다 보니 무리한 브랜드의 확장은 그 브랜드의 identity와 essence를 잃게 된다. 즉, 기존 target audience에게 매력적이었던 컬리는 완전히 그냥 그저 그런 ecommerce platform이 되는 것이다. 비즈니스의 성과나 재무적 성과가 그 반증인것이다. 그렇다면 컬리는 어떻게 다시 살아날 수 있을까? 브랜드 측면에서는 brand repositioning과 revitalization을 시행해야 한다. Coca Cola가 New Coke를 내놨다 망할뻔 했는데 Coke classic을 내놓으면서 반등했듯이, back to the basic, 즉 초심으로 돌아가야 한다. 이를 위해서는 재무적으로는 자산을 매각해서 대출을 빨리 갚고, 추가적인 투자 유치를 해야하는데, 슬아 대표의 지분이 너무 작아 더 투자를 받으면 경영권이 위기(이미 위기다)에 처할것이다. 다시 브랜드로 돌아가서, 마켓 컬리라는 corporate brand의 identity를 재정립하고, 사업의 구조조정과 비즈니스 포트폴리오를 restructuring하고 다시 원래 잘하던 것으로 가야한다. 또한 한국 내수 기업들이 현재 모두 힘들듯이, 일본이나 홍콩, 싱가폴 등 우선 APAC 지역으로 비즈니스를 차분히 확대해나가면 좋을 듯 하다. 내수 시장은 이제 지속가능한 성장은 불가능한 시장인, 피가 흥건한 시장이 되었다. 똘똘한 딸아이를 보는거 같아 기분 좋았던 컬리, 다시 한번 brand revitalization에 성공하면 좋겠다.",1,2024-10-28T15:35:55Z
@Retire-Study,차라리 컬리는 팬시하게해서… 오프라인 매장으로 하면… 더 나을듯. 오가닉 밀키트 등등 푸드코트 시식도 있고 아주 고급 가정식 식료품가게,2,2024-10-28T15:13:15Z
@hangkeeyoon5526,솔직히 보통 마트보다 가격 더 비싸고 새벽배송 난 별로 필요없는데.. 강남엄마들 주변 모두 뭔가 있어보여그런지 다들 컬리 컬리 하더라구. 난 이마트가서 내가 눈으로 직접보고 냉장식품 사는게 좋던데 ... 유행이였던거지. 솔직히,0,2024-10-28T15:05:20Z
@Kukhwa715,저는 둘다장보는데 쿠팡을더많이이용하긴하지만 둘다안없어졌음좋겠어요 ㅎ쿠팡에없는 게 컬리에는또많고ㅎ 둘다좋아함 ㅎㅎ,0,2024-10-28T15:04:59Z
@rangoh9846,"컬리 새벽배송 범위가 너무 좁았음. 수원살다 화성 왔더니 배송안됨. 
수원이랑 붙어있는 동네였는데.,.
그래서 쿠팡으로 갈아타고 어느순간부터 우리동네도 컬리 배송되지만 쿠팡에 익숙해져서 쳐다보지도 않음.",0,2024-10-28T15:03:33Z
@밍밍01,컬리 소비자에따라 가격으로 장난치는거 보고 끊음ㅠ,0,2024-10-28T14:55:20Z
@tvsamba9714,"한번써보고 별로 라고 느꼈음
가격만비싸고",0,2024-10-28T14:37:17Z
@daniel0223-i8s,ㅋㅋㅋ 짜장서방들  돈좀 잃었나?  잘 나갈 때는 중국 거라고 하더니 이제 망할 때 한국 거라고 하는 건 아니지?,0,2024-10-28T14:30:08Z
@Hong-Gil-Dong,"쿠팡은 매년 수조원의 적자를 본 곳 입니다
물주가 있어서 이제야 이익을 본 것 뿐입니다",3,2024-10-28T14:24:40Z
@마드깜-d9t,컬리가 확실히 퀄은 좋음ㅋㅋ,4,2024-10-28T12:57:17Z
@밥해줄까-w4b,쿠팡하고 홈플만 쓴다. 컬리? 첫구매쿠폰 1주일인가 그  기간내 안썻다고 증발되버리더군. 기간이 짧은줄 몰랐었음. 쿠폰 못쓴거 빈정상해서 아에 안쓰는중 ㅎㅎ 가격도 비싸고,0,2024-10-28T12:31:06Z
@울디시안,독점은 소비자에게 좋을 게 없으므로 경쟁 잘 해서 살아 남으세요,0,2024-10-28T11:14:12Z
@JD_theNomad,음... 누가 봐도 김슬아 대표는 엑시트를 노리려던 사람 아닌가? IPO한 후 엑시트하고 ㅃㅃ2 테크트리 같아 보였는데...,0,2024-10-28T10:57:37Z
@위아재,여자대표 성공케이스가 1프로는될까,0,2024-10-28T10:52:20Z
@eugene93,잘봤습니다. 참고로 쿠팡은 나스닥이 아닌 나스닥과 경쟁관계인 NYSE에 상장했네요,0,2024-10-28T09:36:35Z
@바그다드카페-w4e,몇개안시키는데 박스가 너무 많음,0,2024-10-28T08:33:13Z
@박혜원-j3k,"이제 컬리에 있는 상품들이 쿠팡에 있고, 문제는 쿠팡이 훨씬 싸다는 거",0,2024-10-28T07:54:23Z
@hanyangpiano,살짝 비싸도 알짜만 판매한다는 처음 컨셉이 좋았는데 갑자기 쿠팡이 된 느낌. 특히 야채를 어떻게 이런걸 파나 싶은적이 여러번 …. 그리고 이용안함,0,2024-10-28T06:53:06Z
@paulrh22,"외상으로 정산 주기를 늘린다고? 미쳤군...위메프가 왜 나락으로 갔는데? 
조만간 부도 얘기 나오겠군..그동안 마사지 엄청 하겠지만..적어도 정산주기를 늘리는 것은
망하는 지름길이 될거다. 쿠팡 같이 큰데도 이렇게 문제되는 정산 주기를 줄이지 않는것은
이걸로 돈놀이 해서 흑자인데 이걸 줄이면 적자로 바로 가기 때문이다.",2,2024-10-28T06:37:28Z
@태국비자대장,김슬아 대표는 세계경제포럼의 영글로벌리더 출신인데 왜 간택받지 못했을까 궁금하네요 여하튼 최종승자는 쿠팡 그리고 손정의 ..,1,2024-10-28T05:48:31Z
@goldstacker9999,새벽 노동자를 갈아넣은 아이디어를 최초 만든 분이군요,0,2024-10-28T05:43:40Z
@visionphu1,참 괜찮은 회사인데... 왜 안될까?,0,2024-10-28T04:27:39Z
@wallstreettjournal,"내가 딱 정리해준다. 어차피 유통물류시장은 자본 투여 정도에 따라 누구나 먹을 수 있는 시장임. 그걸 신세계나 롯데에서는 뒷전으로 뒀다가 쿠팡이 먼저 먹은거고. 근데 아무리 투자 받았더라도 마켓컬리가 시장점유율을 높인다? 것도 미국에서 자본 충전하고오는 쿠팡을 앞두고? 애초에 수년전서부터 컬리의 미래는 구리다라는걸 알사람은 다 알았고, 저 대표마저도 계속 엑시트 하려고 시도했다가 물먹었는데 뭔 큐텐이랑 달라? ㅋㅋㅋㅋㅋㅋㅋㅋ",0,2024-10-28T04:01:55Z
@ddhfbgkdoeje,비싸잖아.,0,2024-10-28T03:53:45Z
@제이스-g7l,컬리는 유난히 아마추어스러운 고객센터 대응때문에 화나는게 문제. 국내 기업이라 최대한 이용하려다가 컬리 잘못으로 상품이 파손돼 배송이 안된 걸 환불을 나만 손해보는 구조로 해줘서 크게 열받은 적이 있음. (예를 들어 2만원 주고 샀으면 본인들 과실로 물건 배송을 안한다고 통보했으면 2만원을 돌려줘야하는데 1만원만 환불됨) 그걸 전화해서 30분동안 설명해야 내 권리를 찾을 수 있음에 컬리 안티가됨.,11,2024-10-28T03:53:06Z
@vipkyh,규모의 경제. 쿠팡 알리 테무 3강 체제 지속,0,2024-10-28T03:43:51Z
@Nwoos-dla20031,난 내가 먹는 건 보고 산다. 하나로마트 가서 장보는 게 좋음 20대지만. 어떤 퀄 상품 올지 모르는데 내가 먹을 걸 산다는 게 난 좀 거부감이 들더라.,3,2024-10-28T03:43:10Z
@Kw-kz5dd,"배송이 경쟁력임
쿠팡도 요즘은 로켓배송 담날 
새벽에 안올때도 많음
급할때는 정말 컬리만한게 없음",1,2024-10-28T03:16:34Z
@Kw-kz5dd,"컬리도 없으면 안되는 곳임은 분명하다 담날 배송오는거
칼같이 지킴",0,2024-10-28T03:10:10Z
@kevinkwak7568,이미 규모의 경제가 완성된 쿠팡이 컬리따라 새벽배송 한 순간부터 컬리는 끝이었음. 가격에서도 쿠팡보다 낮게 책정할수없는데 제품이 컬리에서만 살수있는게 아니니까,2,2024-10-28T02:48:30Z
@roses3047,걍 접어라..ㅋㅋ,0,2024-10-28T02:38:40Z
@블래크,"역시 매출보단 net, 순이익이 중요",0,2024-10-28T02:37:49Z
@최미르파,"컬리는 맨날 할인 쿠폰을 보내는데
써보려고 오랜만에 들어가보면 킹받음
쿠폰 시도 해보면 알게됨",0,2024-10-28T02:06:07Z
@게임박사닥터케이,컬리는 그냥 쁘띠쿠팡이 되어가는중..,0,2024-10-28T01:31:36Z
@scubaair2888,컬리는 신선 식품 검수를 잘 못해요 썩은거 두번 받아 봤어요,0,2024-10-28T00:45:23Z
@SaveFubao-c1v,컬리 가격이 비싸도 구매하다 몇몇 제품 직구 하면서 컬리 사용 안하게 됨..일반제품은 집앞 대형 마트 또는 쿠팡이용,0,2024-10-28T00:21:10Z
@가지덮밥-u5k,너무 비싸던데 .. 그래서 그냥 집앞 이마트나 한살림 쓰는중,0,2024-10-28T00:02:40Z
@하루하루-t2n,"너무 비싸
쿠팡은 가격이 1순위고 그 대음 로켓배송 새벽배송인데..
마켓컬리는 가격이 비싸도 너무 빔쌈",0,2024-10-28T00:00:48Z
@user-tf2xl7dv5j-p3c,"컬리 상품  많이 비싼편이라 이용 안해요 . 25%할인쿠폰이 나와도  살이유를 못느껴요.
과대포장도 심하고..😢",1,2024-10-28T00:00:28Z
@딸기맹고-e1s,"이젠 무료배송이나 몇만원이상 할인쿠폰도 안주니 더 안쓰게됨..
그나마 쿠폰 줘서 사고 했었는데!",0,2024-10-27T23:48:00Z
@reborn.23-v3q,"전지현 광고와 새벽배송, 가격은 비싸지만 맛이 좋고 컬리만의 유니크한 제품들이 있어 비싸도 컬리 쓰다가 2년전쯤부터 아예 안씀. 상품 구성에서 쿠팡이나 타 매체와 다를게 없고, 유기농, 신선 식품 쪽은 오아시스가 양도 많고 제품도 좋음. 쿠폰도 자주 줌. 컬리가 버텨내기엔 시장성이 없음.",0,2024-10-27T22:28:25Z
@oltagguna,좀 비싸도 잘 사용하는 편이었는데 계란을 주문하면 계속 한두개씩 깨지거나 신선도가 떨어지고 아이스팩도 터져오고..좌우간 배송이 좀 정신없는 느낌이라 오아시스로 갈아탔는데 여긴 컬리보다 더 비싼게 함정,0,2024-10-27T22:16:23Z
@엑디수,7:02 고객의 불만을 끈임없이 개선하고 연구한다는건 좋다! 쿠팡 운영진들아!직원이 가장 가까운 고객이라는걸 잊지마라,3,2024-10-27T22:16:11Z
@iutopiau,"척을 해서 망하는거임, 별거없는데 있어보이는척, 명품처럼 뭐 다른 걸 줘야하는데 당장 마트만 가도 똑같은게 있으니 차별안됨.
결국 소수인거고 가격 차별화가 그렇게는 또 크게 못벌려서 망할수밖에 없음
명품은 가격이 몇배나 부풀려서 생존이 가능하지만   식품은 불가능 사람들의 상식선이 있음",0,2024-10-27T21:47:27Z
@ray-c4n,제품화된거만 괜찮지 야채류가 너무 구림.. 세상 상품성 없는거 갖다줌 적자나니까 그런걸로 메우나 싶을정도,0,2024-10-27T21:25:02Z
@오정민-c8o,컬리 화이팅!!!!!,0,2024-10-27T21:18:33Z
@돈치치-y1g,컬리 몰락,1,2024-10-27T20:33:24Z
@지성백-j1w,제품이 다른곳에 비해 많이 비싸고  살게 없음,0,2024-10-27T20:29:14Z
@이동윤-r1u,컬리 비싸서...,0,2024-10-27T19:35:23Z
@basiliokim6902,컬리야 잘 버텨야 한다. 위기를 타개하고 살아 남아야지..쿠팡 혼자 다 해먹는것도 소비자 입장에선 좋을게 없으니,50,2024-10-27T19:04:59Z
@yungeonkim6293,"질이 낮아지고, 환불 교환도 안해주거나 느리게해서 포기하게 만들거나, 연결이
안됨 ㅜㅜ 짜증남!!!!",0,2024-10-27T18:55:00Z
@nettancourt,컬리에서 여기 댓글만 정리해서 보고하고 반영하면 살아날듯,0,2024-10-27T17:56:31Z
@kyungahlee5755,골드바 파는 거 보고 웃었어요. CS도 엉망이고.,0,2024-10-27T17:02:06Z
@죽병,ㅋㅋ 전지현이 제일  ..이득본듯,2,2024-10-27T16:36:48Z
@debby324,컬리에 신세를 많이 지고 있는 주부로써 컬리가 어려움을 딛고 계속 성장하길 바라겠습니다 이용자로써 느낀 김슬아 대표와 김범석 쿠팡대표는  경영철학이 완전히 다른 사람이다 가시적으로는 쿠팡이 잘하고 있다고 느낄지 모르나 응원하는건 컬리,6,2024-10-27T16:19:40Z
@이름없음-q2s9h,그냥 비싼데 품질도 별로 안좋음. 거기다 물건 종류도 굉장히 적음. 그러니까 안쓰게됨. ㅠ,0,2024-10-27T16:10:30Z
@SSSYYY00000,포장재좀 줄여주세요. 여전히 많아서 주문할때마다 고민합니다,0,2024-10-27T15:59:25Z
@LOVE_KOREA_4EVER,뷰티확장이 치명타,0,2024-10-27T15:52:46Z
@jwjwhwu2253,새벽배송이 사람 죽이는 거다 그 배송하는 분들이 당신 부모라 생각을 해 봐라 쯧쯧,0,2024-10-27T15:51:17Z
@ush-e9k,컬리 장지동 물류센터 개 꿀이었는데 이래서 요즘 안뽑는구나,0,2024-10-27T15:38:01Z
@기요나라궁,쿠팡이나타나서 결국 컬리는 망했음 이게 결론임,0,2024-10-27T15:25:01Z
@gyoo1717,한국에서 저런 식으로 비지니스하는 건 위험. 제품 가격을 2배로 올리면 모를까. 타산이 안 맞음.,1,2024-10-27T15:24:54Z
@달콤라떼-f9p,화장품 없애고 식품에 주력 했음 좋겠음요,0,2024-10-27T15:20:13Z
@kjlee7988,전지현 모델로 쓰는거보고 안 쓰기 시작함. 모델 줄 돈으로 좀 더 저렴한 제품 제공하는게 나았을텐데..,4,2024-10-27T15:12:29Z
@배나온민족-h8y,"컬리는 1인가구에 최적화되있음,
쿠팡보다 더비싸도 컬리를 더자주이용함...",0,2024-10-27T14:54:34Z
@에볼랫츠,쿠팡하고 비빌 수가 없음 쿠팡은 고객이 우선임 쿠팡은 돈 더주고 물건사서 손해보고 팜😂😂,1,2024-10-27T14:51:31Z
@gomaemi,컬리 좋던데…;; 로켓프레시랑 가격 비교하면 큰 차이 없던데요..? 서울 기준 배송은 컬리가 간소한 차이로 더 빠름. 물건은 쿠팡 식품은 컬리가 좋은듯,2,2024-10-27T14:48:51Z
@nanananananananananan1111,ㅋㅋㅋ 컬리서 안삼 ㅋㅋㅋ,0,2024-10-27T14:40:19Z
@문무찌르자,컬리가4천억? ㅋㅋ4백억도 아깝다,0,2024-10-27T14:30:05Z
@불사조-t4g,망하는게 보임. 상품의 퀄리티는 컬리라는 이미지에서 이제는 보리쿠팡으로 전락했으니...,0,2024-10-27T14:29:33Z
@이순신-x9c,❤  국내 업체 .키워야 !,1,2024-10-27T13:40:30Z
@rsandbj,주변에 초창기부터 컬리 쓰던 사람들 다 오아시스로 갈아탔어요. 저도 컬리의 제품 큐레이팅이 좋아서 입문하게 됐고 지금도 꾸준히 사용하고는 있지만 확실히 큐레이팅에서도 특출난 점이 사라졌고 신선식품들의 신선도가 전만 못해서 사용 빈도가 줄긴 했네요.,8,2024-10-27T13:28:38Z
@nomuralee8060,"컬리 김대표는 스타트업 창업후 엑시트 타이밍을 언제로 보고있었는지 그게 궁금하네 
나스닥가는게 목표였나?  나는 스타트업 교육시 엑시트에 대해 공유를 많이 해주는편인데 
큐텐 김영배대표도 그렇고 타이밍이 좋지않은때까기 계속끌고가다가 결국 문제를 야기하고 마는데 
2-3년전  매각타이밍들을 다놓치고  딴짓들을 많이하네  메너리즘인가  아니면? 
조금 이해가가지않는다  컬리도 그렇고",0,2024-10-27T13:17:19Z
@옥슈슈-l5w,난아직도잘쓰는데 ㅜㅜ 쿠팡에없는 맛있는게 있다고...,0,2024-10-27T13:05:04Z
@청담J,이제 옷도 팔기시작 답이 없읍,0,2024-10-27T11:46:06Z
@user-li8de1um5q,나는 첨부터 지금까지 컬리 안썼음 샛별배송이라는거...지들이 제일 처음했다고 생색내고 남들이 따라한다고 광고로 저격하고 그랬지.. 근데 그게 진짜 대단한건가? 대기업들이 지금까지 그걸 못한게 아니라 안한거지  샛별배송이라는게 생기고 배송기사들의 삶은 훨씬 각박해졌을걸..? 이제 너도나도 새벽배송을 하니까...난 좋게보지 않는다..,0,2024-10-27T11:43:58Z
@taeyule3893,컬리가  과대포장이 쩔음,0,2024-10-27T11:13:48Z
@messiloi-x4p,"판매자에게 받는 수수료가 너무 많아서 떨어져나간거죠~
너무 좋은 이야기만 썼네요",0,2024-10-27T11:06:39Z
@hotsummer_0070,뷰티컬리를 왜 만든건지.. 정체성이 흔들림,0,2024-10-27T10:54:43Z
@error_code_82,컬리 이게 보라색 포터에 부엉이 그려져 있던 놈들이지?? 늦은 밤이나 새벽시간에 운전 아주 뭐같이 하던 부엉이 새끼들.. 볼때마다 ㅈ같았어,0,2024-10-27T10:30:21Z
@ttole5370,컬리 종류가 부족하고 가격이 별로안쌈 그러니 안쓰지,0,2024-10-27T10:24:59Z
@jakelee3362,유통 업계의 혁신!..노동자는 죽어 나가도!....,0,2024-10-27T10:05:50Z
@viaaahn1451,"저도 컬리만 있는 상품들 애용하능데...
컬리
없어지지마~~~~😢",5,2024-10-27T10:00:55Z
@정현-z6p,"포장에 돈을 너무썻음.
이건 아니다 싶었음.
쿠팡포장이 낫다는 생각임.
쿠팡 살생각은 없음. 복잡함.",0,2024-10-27T09:49:20Z
@colabear6974,응 짱깨자본,0,2024-10-27T09:27:51Z
@빈둥빈둥이이이,"컬리 정성스럽고 신기한 제품이 많아서 브랜드 경험은 좋았는데..메인 장보기 매체로 쓰기엔 상품도 다양하지 않고 가격도 부담스러워서 점점 안쓰게 되더라구여,,그래서 장볼땐 동네마트랑 쿠팡으로 해결함",0,2024-10-27T09:02:24Z
@레츠기릿-o9m,그냥 딱 애기할게 비싸졋다. 소비자는 내가  소비하는 물건값을 여러 쇼핑몰에서 비교하는데 우리집앞에 할머니가 하는 슈퍼보다 공산품들이 비싸다,0,2024-10-27T08:57:58Z
@lzbird11,이제야 시장이 차분해져서 경영의 본질에 대해서 생각하게 된것 같네요..아무리 투자를 잘 받는다고 해도 기업이 수익이 없다면 결국 망합니다 너무 자명한 얘기인데 대중들은 이 단순하것을 이해하지 못합니다.,0,2024-10-27T08:37:24Z
@피지왕개기름,다이소 쿠팡  말고는  유통은 끝임,0,2024-10-27T08:18:34Z
@user-gh4wf6sl5,대표 얼굴이 전혀 믿음이 가지 않아서 한 번도 주문해 먹지 않았음. 그냥 관심이 안갔음.,0,2024-10-27T08:04:33Z
@katesung1546,"똑같은 상품 쿠팡보다 15% 비싸도 저는 컬리만 이용했어요. 모든 장을 컬리로 봤거든요. 그 이유는 컬리에서만 판매하는 샌드위치, 샐러드, 과일 등등이 좋아서 쿠팡보다 비싸도 귀찮고 뭔가 믿음이 가서 컬리에서 장을 봤어요. 근데 언제부턴가 칸쵸..? 새우깡..? 신라면..? 그냥 일반 마트와 같고 이상한 인스타 브랜드들 판을 치고, 와중에 이번 여름 포장재 줄이는 정도가 선을 넘어 냉동식품 (육류 포함) 모두 녹아서 도착하고요. 이제는 진짜 컬리만의 뭔가가 하나도 없어요.",263,2024-10-27T07:56:58Z
@aekim4543,"맞아요 처음 새벽 배송때 감격했음.  쿠폰도 부지런히 보내고 한동안 잘 이용했음 허나 전반적으로 특별한게 없어진듯 해서 탈퇴했는데 오늘 다시 앱 깔았어요 입점업체, 늦게 대금 받는데 파시고ㅡ 힘내세요 살거 있음 구매하겠습니다",0,2024-10-27T07:29:14Z
@소금-l7z,계란 안깨져서 이용 중.. 쿠팡은 자주 깨짐…컬리 요즘 뷰티 쿠폰만 날라오고 원하는 신선제품 자주 품절되고 압고 잘 안되어 슬슬 짜증나는 중,0,2024-10-27T07:18:09Z
@쨩규-q4j,컬리는 상장이 목표인 한탕회사입니다 한번도 흑자낸적없어요 흑자낼 생각도없어요,3,2024-10-27T06:47:32Z
@이일호-j4o,컬리는 처음부터 신선하지않았고 비싸기만했다ᆢ그래서 나도 구매를 포기하게되었다,0,2024-10-27T06:44:09Z
@j.s.5350,긴단히 말해서 없는게 많고 비싸다,0,2024-10-27T06:07:17Z
@현준정-v7v,"캬 그래도 현금 많이 챙겼군 끝내주네.
와 스펙타클 하다 영화같은 사기극",1,2024-10-27T05:42:46Z
@현준정-v7v,"캬 실제 재무는 적자라해도 일단 현금 많이 챙겼고,
그래서 여왕님이고, 쇼미더 머니라고 말하면,
노벨상 수상자도, 할말 없을듯

실제상황 이런거 의미없고, 일단 사기쳐서 현금
많으면 그게왕인듯. 인정 안할수 없음.",0,2024-10-27T05:34:31Z
@겨울-x7e,"컬리는 급하게 선물용 과자나 티 , 과일, 고급정육 이런 거 쓸 때는 좋은데 급하지 않으면 굳이 임",0,2024-10-27T05:02:58Z
@정서원-h4k,컬리 망하지 마 ㅠㅠ 컬리 사용할수록 알찬데,0,2024-10-27T03:42:46Z
@MrScully1213,첨엔 컬리에만 있는 상품도 많아서 썼었는데 품질이 안좋아지고 쿠폰아니면 너무 비싸고 지금은 쿠팡에 웬만한게 다있다,0,2024-10-27T02:30:21Z
@토마스킴-r4f,"개판이지 코로나때 상장해서 처팔았음 욕안처먹을텐데 어차피 사장은 쩐주바지 사장이라 아무런 힘도없음.
쩐주가 시원하게 해먹으려다가 점점나락 가는중. 사장은 망하면 미국도주 예정",1,2024-10-27T01:49:17Z
@have513,고등학교 중퇴 하고 대학 입학이 가능 한가 보군요.,1,2024-10-27T01:42:54Z
@호돌77,어차피 다보스 따까리가 아젠다 따르며 성장한곳인데 뭘 ㅋㅋ,2,2024-10-27T01:31:26Z
@김쓍-w3y,"쿠팡보다 비쌈 그나마 쿠폰주니 그때만 들어감 
솔직히 안망했음 좋겠지만 맴버쉽 안함 4만무배에 제품들도 쿠팡대비 비싸고 물건도 얼마없음. 꼭 맴버쉽 끌어다 부풀려 외국에 팔아먹을 듯한 상황같음",1,2024-10-27T00:51:21Z
@RainbowRainbowRainbow-c4x,"컬리가 안될 것 같더라 초기에는 네이밍이 신선하고, 새벽배송으로 시장을 선점했는데, 쿠팡도 새벽배송을 하고 네이버도 새벽배송을 하는데, 이것을 떠나 그전에 초기에 가격정책에서 실패한 것 같다. 
인터넷에서 구매할 수 있는 가격대보다 다소 높았다. 그래서 나도 이용을 멈췄다. 그리고 컬리가 화장품이나 이것저것 다 판매하면서 식자재 새벽배송이라는 자신의 브랜드 아이덴티티를 추락시켰다. 그리고 쿠팡의 새벽배송 반격이 시작되자, 컬리는 머릿속에서 자연히 사라져갔다. 컬리는 애초부터 식자재 새벽배송으로 갔다면 운영비를 줄이고, 이 시장에서 독보적으로 성장할 수 있었을 것이다. 하지만 쿠팡처럼 이 상품 저 상품 모두 집어 넣다보니 컬리의 이미지에 혼선을 빚었다. 이건 투자자들의 압박 때문일 것이다. 투자자는 컬리는 신선재료 배송 전문업체로 인식하고 이 회사가 회원을 어느 정도 확보하면 쿠팡처럼 모든 걸 다 담아도 된다는 욕심을 부렸던 것 같다. 


결국 컬리는 자신의 색깔을 잃어버렸다.
이게 몰락의 시발이었다.",0,2024-10-27T00:39:41Z
@Ksjsifjsdd,가격들 이야기하는데 애초에 가격이 비싸더라도 제품군들이 남다르긴 했음 품질도 좋고 ㅋ 어느때부터인가 방향성이 모호해지고 이상해졌음 ㅋ 댓글에 자꾸 쿠팡이니 가격비싸느니 억까하는 사람들은 장담컨데 컬리 제대로 사용안해본 유저임 ㅋ,1,2024-10-27T00:36:19Z
@즐거운상상0981,컬리 일주일에 2번 정도 사옹하는데 나름 만족함.  컬리카드 사용하면 적립 많이 되고 쏠쏠.,9,2024-10-27T00:19:01Z
@그럴수있지-q4m,"컬리서 처음 아베리코를 먹었었지...
그런데 가격 경쟁력도 없고 안쓰게 되네요",1,2024-10-27T00:18:36Z
@peachblossom2421,민사고에서 웨슬리면 진짜 공부 못한건데,0,2024-10-26T23:32:25Z
@ybc244,아닌디 컬리 좋던데 ㅋㅋ,1,2024-10-26T23:28:08Z
@ndh1015,내년이 관건이네,0,2024-10-26T21:22:53Z
@yousunshine3153,대표님 어줍잖은 나라사랑하지마시고 어차피 다 욕하니까-^^테무나 알리에 기업 유통시스템 싹다팔아버리시고 행복하게사세옹,0,2024-10-26T19:34:02Z
@alexko6893,로켓프레시에 밀린거지 머...,1,2024-10-26T19:13:28Z
@stevest2408,쿠팡 독점력이 컬리의 최대 악재.  쿠팡하나가 1등인 세상. 어마어마한 자본력. 치킨게임으로 상대 경쟁회사 모두 제거~~,0,2024-10-26T18:50:11Z
@tiramisook,뷰티 추가하면서 이상해짐,0,2024-10-26T17:45:19Z
@세계의왕트럼프,쿠팡알바 매운버전이 컬리다ㅋㅋㅋ 쿠팡이 방패막이해주니 컬리알바가 지옥인게 드러나지않는거지 쿠팡은 캡틴 계약직들이 단기알바한테 말험하게했다가 hr 신고당해서 징계먹는 시스템 구축해놔서 최소한으로 사람vs사람으로 일은 힘들어도 인간으로인한 스트레스는 적은데 컬리는 일도 개같은데 관리직 계약직들이 계속 태클걸고 ㅈㄴ 띠껍게 대해서 일도 사람도 개같은곳이지,0,2024-10-26T17:02:24Z
@Howmanytime250,부디 망하지 말고 잘 버텨내길,1,2024-10-26T16:05:51Z
@95코딩,"국내 모든 온라인 쇼핑몰의 표본기업인 미국 아마존에 대한 얘기를 하셨어야 한다고 생각함.
아마존도 십몇년간 매출만 키우고 적자였음. 현재는 전세계 탑클래스 종합회사가 되었음.(온라인쇼핑몰,스트리밍,영화/드라마제작,스토리지서비스,AI까지)
아마존 얘기를 안하고 국내 쇼핑몰을 분석을 할수가 없죠.",0,2024-10-26T15:49:12Z
@kjunnie,"컬리 망하면 안됨
2인가구라 소량 포장되어 있는거 많아서 좋고 (조금 비싸도 오히려 버리는게 없어서 좋음)

백화점 식품관 같은 엠디를 손가락 까닥으오 새벽에 우리집 앞까지…

없어지면 우리집 가정 운영에 심각한 피해가 옴 ㅠㅠㅠ

근데 요즘 상품 구성이 조금씩 구려지고 있어서 아쉽 ㅠㅠ",0,2024-10-26T15:27:24Z
@크리스마스-g5l,"Dm, 특히 CS처리하는 꼬라지보고 언젠가는 망하겠다생각했음. 1년전CS 처리건",1,2024-10-26T14:02:08Z
@ryanpark1107,컬리는 이제 끝났군.,0,2024-10-26T13:14:12Z
@chk4538,4조는 말이 안되는 수치,0,2024-10-26T13:04:28Z
@wonderfullife9208,그래도 컬리만한 상품잇는곳없음.,0,2024-10-26T11:46:14Z
@옙-h9t,컬리좋은데 ㅠㅠ 힘내세요!!!,0,2024-10-26T11:32:31Z
@markswanson4967,티메프 같이 파산 임박,0,2024-10-26T11:09:48Z
@결실-n4e,철학이 문제가아니라 경영능력이 문제,1,2024-10-26T10:31:51Z
@summer8317,"굳이 백화점을 가지않아도
고퀄제품이 많아 가끔.이용한다.
요즘.쿠폰알림이 오는데
한시에 들어온다.
내용이 12시이전에 구매하면10.000할인
2~3시이전에 구매하면 7.000원할인 이라고 한다.
사용도할수없는 10.000원 쿠폰을 왜 보내는지
받을때마다 기분이 나빠진다",0,2024-10-26T10:08:05Z
@sskellyss,액셀 보여줄 때 효과음이 심하게 거슬림,0,2024-10-26T08:03:09Z
@martha-ht1vm,"컬리 너무 좋아요
특히 친환경 야채와 소스 베이커리등 만족하고 있어요!",50,2024-10-26T07:59:37Z
@Hgjos67,몇개안사도 박스 4-5개씩 와서 아침부터 택배 정리하는거 너무 피곤하다 신선/상온 배송시 분리하는건 알겠는데 쓸데없이 완충재도 너무너무 많음,0,2024-10-26T07:46:22Z
@랑스-l1g,1:26 회사이름이 2018년에 파머스에서 컬리로 바뀐건 모르겠지만 난 2015년 초에 마켓컬리 가입했던 초기회원인데 그때도 컬리라고 알고있었는데?,0,2024-10-26T07:35:53Z
@bbnstudio9216,그 비싼 컬리 상품은 강남 아지메들이나 돈많은 호구 물은 여자들이나 좋아하겠지 김슬아도 타겟팅이 그쪽 아닌가 억대 연봉 받으며 상류층하고 놀다보니 서민이 어케사는지 모르겠지 커리어 딱봐도 답나오잖아,2,2024-10-26T07:29:56Z
@zoozoo6256,제훈이는 돈 뺏노?,0,2024-10-26T07:08:27Z
@shabba7305,"컬리 알바가보고 ㅠ
와 이건 정말 기가막힘
그전에 이미지가 완전 좋았는데 
그 뒤로 컬리 쳐다도 안봐요",43,2024-10-26T07:05:02Z
@mankorea9325,"코로나로 온라인이 급성장 했지만, 지금은 대다수 하락이 정상이지...",3,2024-10-26T07:00:19Z
@㫐,"컬리가 인기 있었던 게 신선식품을 냉탑차에 넣어서 오기 때문에
일반 탑차로 상온 배달하던 쿠팡 로켓 프레시랑 비교가 안 될 만큼 퀄리티가 좋았음
그래서 여름에는 절대로 쿠팡 껄 시키면 안 됐었죠",0,2024-10-26T06:53:32Z
@par953,쿠폰 안주면 살 일이 없는 컬리.,1,2024-10-26T06:47:23Z
@마다기,"컬리의 소비자 우롱도 상당했죠. 등급별 가격이.. 높은 등급이 가격이 싸지 않다는 황당한 사실도 있었고, 포장도 너무 별로고, 배송실수에 대한 대처도 너무 안좋았고.. 
오아시스는 그에 반해 포장도 깔끔, 고객센터 대응 최고에 물건도 좋죠. 컬리에 비해 종류가 적다는게 단점이구요.
쿠팡은 오아시스엔 없고, 컬리에서 사고싶은 것들이 있을 경우 저렴한 가격으로 이용하고 있어요.
위 세가지를 사용하면서
컬리는 쿠폰 들어올 때, 컬리에서만 파는 것들을 사기 위해서만 이용해요. 컬리는 이용하면서 소비자로서 여기 너무 좋다 라는 생각은 안들게 하더라구요.",2,2024-10-26T06:39:57Z
@gallery2815,품질도 개망인데 더럽게 비싸기만 함 ㅋㅋㅋ 정도껏 비싸야지 이건 뭐 완전 병맛 수준 ㅋㅋㅋ,1,2024-10-26T06:38:46Z
@yunmi2777,"새벽배송이라는데 오늘새벽인지 내일새벽인지 새벽몇시인지
지금 주문한게 몇날 몇시에 도착하는지 구체적인 안내가 없는게 제일불편해서 안쓰게됐음
특별한 음식이 가격이 있는건 이해하는데 흔한마트에서 다 파는 라면같은  공산품가격이 다른데보다 비싼것도 비호감..",9,2024-10-26T06:26:28Z
@CASKER486,처음 컬리 새벽배송 이용했을 때 그 신기함은 아직도 잊을 수 없다 ㅋㅋ,39,2024-10-26T06:25:11Z
@hyejikim1674,쿠팡보다 비싸서 이용을 잘 안하게 됨..,0,2024-10-26T05:56:18Z
@kdhyu87676,미국까지 가서 잘난 대학 나와 겨우 생각해낸 아이템이 새벽 저임금 노동 착취해서 돈버는 일인가,2,2024-10-26T05:52:00Z
@릴라고-t8q,컬리 흥해라,0,2024-10-26T05:42:39Z
@_hago,"컬리를 응원합니다!
제품이 고퀄이다.
회원비도 저렴하다!",0,2024-10-26T05:21:22Z
@성악설-d6h,원래 적당한 시점에서 상장하고 먹튀했었어야 하는데  그게 늦에지니 자본금 충당도 안되고,0,2024-10-26T05:10:22Z
@kkkqweasd763,ㅋㅋㅋㅋ 어차피 쿠팡 네이버쇼핑 제외 모두 폭망할거임 답없음,1,2024-10-26T04:40:23Z
@아-i5x,"요즘 컬리랑 쿠팡 동시에 시켜보면 컬리 배송 포장이 진짜 별로임. 쿠팡은 프레쉬백 안에 은박 완충포장재까지 감싸고 그 안에 아이스팩까지 넣어놔서 아이스팩이 꽝꽝 얼어있고 컬리는 그냥 종이박스에 물건 넣고 아이스팩만 덜렁 넣어놔서 아이스팩 다 녹아있음(냉동식품)
아는 애기엄마도 최근 컬리에서 시킨 고기가 전부 못 쓸 상태였다고 함(강남구 거주) 
그리고 원래 자사몰로만 운영되던 orr라는 의류 브랜드 옷까지 최근 컬리에서 f/w 신상 런칭하겠다는 인스타 피드 보고 정말 물음표였음.. 고메스트리트에 있을 법한 식당에서 갑자기 화장품 팔다가 옷까지 파는 느낌이랄까?
사실 편의성도 편의성이지만 컬리라는 브랜드 자체가 주는 이미지, 유니크함, 신뢰감 같은 것들이 소비자가 컬리를 선택하게 하는 이유였다고 생각하는데 요즘의 컬리는 짬뽕 꿀꿀이죽 그 자체임
그렇지만 본인 남편도 스타트업 운영하는 사람으로서 개인적으로는 컬리가 그래도 잘 되었으면 좋겠음. 컬리같은 유니콘 기업이 망한다면 우리나라 스타트업 투자시장이 완전 침체될 것임",0,2024-10-26T04:39:12Z
@볏빗자루,민사고 ㄷㄷ,0,2024-10-26T03:33:06Z
@jaskorea4840,"고객센터 대응 🐶그지같아서 절대 구매안함..
정신이 안드로메다인 그지같은 사기꾼회사",2,2024-10-26T03:24:44Z
@jaskorea4840,"고객센터 대응 🐶그지같아서 절대 구매안함..
정신이 안드로메다인 그지같은 사기꾼회사",1,2024-10-26T03:23:30Z
@Sistine-e7t,단일화를 좋아하는 우리나라는 무조건 대기업의 독점... 비즈니스 마켓은 공산주의같다,0,2024-10-26T03:00:05Z
@hyunasong5997,관리를 못했구만..;; 회계관리만 잘해도 안저럴텐데..쯧,0,2024-10-26T02:52:39Z
@청암-s9g,아..오아시스 비상장주식 가지고 있는데..컬리도 잘 되어야할텐데;;,0,2024-10-26T02:52:22Z
@spgj1552,"원래추구했던 컬리기업의 정신을 잊는것은 결국 최일선의 구매담당자들 역할...! 여기에 고인물생겨서 문제생기고 또 타사 경력자 데리고오면서 희섞데고
이러면서 이상한ㅈ상품들 늘어나고방향을 잃는 겁니다...구매도 시스템화
해야되는겁니다..",0,2024-10-26T02:27:55Z
@JeryL-j9vk,한달에 수십씩 썼는데 어느때부터 가격에 장난질 해논게 많아서 쿠폰 줘도 안싸더라구요ㅜ 안산지 1년..,0,2024-10-26T01:38:37Z
@jgf-tm2xg,쿠팡이좋아,0,2024-10-26T01:05:56Z
@spica8099,사람 갈아넣어서 회사 유지하는쿠팡을 닮았다라.  곧 망하겠네,0,2024-10-26T00:29:13Z
@해피엔드,다 비쌈...이제 안삼...,0,2024-10-25T23:34:06Z
@로얄올리브,포장이 넘 부담스러워요 시킨것도 없늘데 3박스..,0,2024-10-25T20:33:01Z
@user-wks8ljnfjk0wnq,오아시스 써보면 칼리 안쓴다. 😂 교환환불 시스템 보고 좀 배우길..,1,2024-10-25T16:19:36Z
@_ChrisEvans,지금 무슨업체든 조선에서 쿠팡못이김. 그게 식품이든 다른 공산품이든 전자제품이든 옷이든 쿠팡만큼 물류셋팅 잘돼있는곳이 없는데 어케이김 ㅋㅋㅋㅋ 기존 유통대기업도아니고 신생기업이 대적이 가능하단거 자체가 사기임ㅋ,0,2024-10-25T15:34:56Z
@RUTONA-v8h,까불다 훅 간다,0,2024-10-25T14:17:05Z
@이희석-d5p,미친ㅅ ㅂ  신선식품 까는소리하내 아침 9시 까지 쳐자는 것들이 ****,0,2024-10-25T14:06:28Z
@fgjkns6982,컬리는 다른것보다 지방 인프라가 낮은거 같은 이미 수도권은 과포화 상태인데 이걸 지방으로 확대해야 하는데 그게 안되는거 같음,0,2024-10-25T13:50:46Z
@userhscei,컬리 중국으로 넘어간줄 알았는데 아닌가요?,0,2024-10-25T13:44:19Z
@myoung915,뷰티컬리만해도 쿠폰 줘서 할인해주척하면서 쿠팡이랑 가격비교해보면 쿠폰을 써도 쿠팡보다 비싼거보면 어이없을때 있음.,10,2024-10-25T13:03:27Z
@tomjonestevie,컬리에서 가격 잘 보고 사면 편리합니다 컬리 만세!!!,2,2024-10-25T12:17:16Z
@뚜리오메가,아보카도는 컬리가 짱임,1,2024-10-25T11:58:01Z
@나의평화,"온라인에서 살아남으려면 무엇보다도 가성비가 제일 우선인데,   가성비로는  홈플러스, 네이버페이, 쿠팡등에 밀리고,    오로지 새벽배송이 메진하는 데 배송은  쿠팡도 새벽배송하니, 경쟁이 될 건수가 없더만,    그러니 도태되는 거지.    살아남으려면  인건비등등을 줄여서 가성비가 있게 제품값을 내려야 할 듯,,,   요즘 누가 그냥 물건을 턱하고 사냐...가격비교하고  품질비교하고 해서  가성비로 가지~.",3,2024-10-25T11:36:22Z
@밍밍밍-j2j,C커머스 때문에 망한 대표적인 기업ㅋㅋ,0,2024-10-25T11:14:06Z
@bertgil8402,나는 컬리가 망하길 빈다..이유는 쿠팡이나 택배처럼 문앞 배송 하지 않고  공동현관에 던져 놓고 가버리고 시정도 안된다..고객센터도 한 통속이고,7,2024-10-25T11:13:51Z
@loco902,??? : 아 ㅆㅂ 그때 exit할걸..,0,2024-10-25T11:03:36Z
@loco902,"컬리 하락세 이유 : 쿠팡에 규모의경제 싸움에서 밀림.
뭐 거창하고 복잡한 분석이 딱히 필요가 없지않나..",0,2024-10-25T10:55:34Z
@__-tt3le,컬리 응원합니다 아직도 컬리는 저에겐 너무 매력적인곳이에요  반드시 컬리답게 이겨내시고 상장까지 결실보시길 바래요  컬리 확장하는 모습보면 대단하다 생각해요 컬리화이팅,40,2024-10-25T10:14:48Z
@통통한볼,저는  컬리없인 못살아요  맛있는거  넘 많아서,6,2024-10-25T10:01:03Z
@성열윤-e1o,컬리는 육류는 정말 좋턴데..,0,2024-10-25T09:13:59Z
@나눈누난나-o2k,엉상이랑 별개로 얘네 공유오피스 입주해 있을때 진짜 ㄱ진상이었음. 공용공간에서 소리지르고 파티하고 ㄱ드럽게 쓰고 매너없고. 하루는 늘그렇듯 시끄럽게 있다가 결국 다른회사 직원이 빡쳐서 야이ㅅㅂㄴ들아 조용히좀 하라고 했었지,0,2024-10-25T08:51:48Z
@angelkim3680,마켓컬리에서 단기일용직으로 일해본적있는데 관리자들 다하나같이 성격더럽고 거지같고 심지어 급여도10시간일했는데 10도못받음 걍쓰레기업체임,12,2024-10-25T06:33:01Z
@orangetree9150,규모가 너무 커진게 감당이 안됨,0,2024-10-25T06:07:16Z
@jane5346,2022년도 정도까진 많이 씀 18-21년에는 진짜 많이 씀 년 몇백 쓴듯 천단위도 넘을지도...? 가전을 사니까 몇백단위가 금방 넘어가더라 근데 23부터.. 할인쿠폰이 차등 지급된다는거 알고+대체소비(쿠팡)가 생기면서 요새는 한달 3번도 채 주문 안함,0,2024-10-25T04:30:24Z
@Gz-z6q,만세부르는수밖에,1,2024-10-25T04:17:52Z
@smilelucky8575,컬리  초기 빠른배송 색다른 재품들이 좋았는데 .. 과한포장 스티로폼 이런걸로 끊었어요 . 코로나고 끝나고  컬리 외에도 살 수있는 곳도 늘었기 때문에요,1,2024-10-25T04:17:08Z
@Rhcrp-u2p,초반에는 좀 이용했는데 쿠팡이 새벽배송 시작하면서  무료배송비용 기준도 제품도 전반적으로 비쌌던걸로 인식되서 그 뒤론 잘 안썼음,0,2024-10-25T04:14:54Z
@리플리-t3j,컬리 창업자는 댓글 쓴 사람들처럼 일반인들이 걱정할 레벨은 아닌 것 같네요. 결국에는 투자자들 때문이라도 IPO를 할 수 밖에 없을 거고 경쟁 환경이 바뀌었더라도 어쩄거나 숫자로만 보면 체질개선에 성공한 건 맞아 보입니다. 3-4천 억 원의 기업가치로만 상장하더라도 창업자의 5% 지분율로만 봤을 때 200억원 수준으로 EXIT 해버려도 자산가로 살 수 있는 돈이고... 상장만 하면 유상증자를 통해 투자금을 만드는 것도 가능한 일이고 1조 수준만 유지하면서 언플만 잘해도 단기간에 기업가치는 두배 이상도 가능한게 국장 수준이고...,0,2024-10-25T03:58:46Z
@JiyoungMuhammad,"그냥 거품 빠지고 리밸런싱 된 것 같음
사천억짜리 회사도 작은 회사는 아님
그리고 나쁘지도 않음
컬리는 시장 포지션이 분명하고 
한때 커머스 트렌드였던 큐레이션 쇼핑이  안정적으로 자리잡힌 케이스 같음",2,2024-10-25T03:47:03Z
@gm1018a,공산품 쿠팡보다 그래도 싸고 pb제품 수준이 높음. 컬리에서만 파는 맛집밀키트들도 맛있고...,41,2024-10-25T03:35:16Z
@랄랄라뉸뉴뉴,컬리는 판매자가 입점하기 힘든 업체입니다. 엄청 까다로워요. 그만큼 같은물건이라도 좋은 걸 팝니다.,4,2024-10-25T03:09:28Z
@stream-ow4ro,"요즘 시사나 경제 등 다루는 유튜브 채널들 다수가
귀에 박히는 목소리로 랩마냥 때려박고
1초에 이미지 5개 10개씩  때려박아서 
보면서 지치는 느낌이었는데

정보는 더 상세하면서 한눈에 보기 좋은 영상인거 같아요.

이영상으로 채널 처음 접했는데 너무 재밌게 잘 봤습니다",11,2024-10-25T02:38:47Z
@dadsrtfgawe,사실 계속 버텨보는 단계지. 경기 살아나면 어쨌든 소비는 늘고 매출도 늘어나는거지. 꼭 독점할 필요는 없고 쿠팡 다음 포지션만 노려도 충분함,0,2024-10-25T02:38:04Z
@kahiisy,"쿠팡..... 써본적이 없는데..
컬리 존재로 가끔 장보기 넘넘 편해요..
존재해 주세요~~~",10,2024-10-25T02:24:48Z
@gentlemen4070,"컬리는 관심없는데
쿠팡의 갑질과 몰상식에 짜증이 나네요.
특히 네이버 강제 광고시청.",0,2024-10-25T01:18:16Z
@monica-p8d2c,컬리는 쉽게접하지못하는 베이커리류나 샐러드 아님 고퀄의 냉동식품등을 이용할때 자주이용하는데.. 안없어졌음 좋겠어요,735,2024-10-25T01:10:21Z
@Love_Rini,빠르게 가성비 있는 제품 사려면 쿠팡. 신선한 제품으로 퀄리티있는 음식 만들거나 파티나 대접할때는 컬리 이용함.,0,2024-10-25T01:00:45Z
@jameschoi2018,"컬리의 강점인 신선식품, 차별화된 제품은 인정한다. 단점은 비싸다는 거다. 컬리의 강점은 있으면서 단점을 커버한 오아시스가 생겨 컬리를 대체한 것이다.",0,2024-10-25T00:21:52Z
@뾰롱야옹,컬리 제품들 다 너무 좋은데.. ㅠㅠㅠㅠㅠ단지 쿠팡보다 좀 비싸서 TT 비교해보고 쿠팡 사고 쿠팡에서 없는것만 컬리에서 삼.. 다만 차별화된게 이제 좀 사라진 느낌이 강한데 오아시스처룸 유기농제품도 다양화하면 좋을듯 ㅜ,0,2024-10-24T23:00:25Z
@YG-nj8qo,😊컬리 새벽배송 도착확률이 안좋았음. 한두번 배송이 안되니 그래도 99퍼센트 확률로 배송해주는 쿠팡으로 주문하게됨,0,2024-10-24T22:57:39Z
@수수파파-p8d,목표가 한탕이면 오래가는게 이상하지,0,2024-10-24T22:54:41Z
@gilbert6872,"깔끔하게 정리하셨습니다. 만족해서 구독 눌렀습니다.
컬리에 투자하는 어떤 투자회사에 투자했다가 돈을 날린 사람으로서 컬리는 저에게 아픈 손가락입니다. ㅜㅜ",12,2024-10-24T22:09:36Z
@v__________v,쿠팡이낫다,0,2024-10-24T20:10:43Z
@nikeguy9728,그러게 잽싸게 엑시트를 했어야지.,0,2024-10-24T20:04:34Z
@user-n1u-t6s,곧 망할곳 같군요,0,2024-10-24T17:32:53Z
@핑톰,서울사는데 쿠팡 이용안함 이용할 계획 없고 쿠팡 없이도 잘 삽니다,0,2024-10-24T14:42:36Z
@yenahongpianist,컬리  너무  잘  애용하고 있는데  작은힘으로  응원합니다❤,30,2024-10-24T13:28:02Z
@금융이,"금감원 현직인데, 상장사만 분기보를 제출하는 건 아닙니다. 사업보고서 제출대상법인이 정확하니 수정 바랍니다",1,2024-10-24T12:30:47Z
@188law,박스 가져간다고 마켓팅 겁나 하더만  박스 3개쌓일동안 쳐 가져가지를 않아 ㅡㅡ  주댕이를 털지를 말던가 ㅡㅡ,0,2024-10-24T10:54:53Z
@san080328,이젠 동네 그냥 그런데들도 입점시키면서 급 흥미를 잃게되었음.,0,2024-10-24T10:53:30Z
@김동동-u3x,"IPO를 철회한게 아니라 못한 걸로 아는데...
그때가 너도 나도 유동성시장에서 상장하던 시기라 할 수만 있음 다 하던 시절인데",0,2024-10-24T08:06:23Z
@ORCA-p6c,컬리 지금이랑 같은 노선타면 100% 망함..제품들이 대부분 중~고가 제품들인데 대한민국 경제가 지금보다 더 좋아질리는 없기에 앞으로 더 저렴한 것 찾을태고..쿠팡처럼 가면서 차별점도 찾아야됨 그리고 지방도 얼른 샛별배송 시작하고,0,2024-10-24T07:47:27Z
@김한별-n3t,"수 년전에 저희 어머니가 말씀하시길... 마켓컬리의 제품들은 새벽에 배송해주는데...
청담동 강남의 부잣집에서 먹는 고급 식자재를 배송해준다고 
어머니 사시는 울산에도 그런게 있으면 좋겠다 했는데... 
차라리 하이엔드? 프리미엄? 이 있는 고급으로 하면 좋지않을까 곱씹어 봅니다. 
캐비어나 하몽, 트러플, 항공으로 배송된 호주산 참치어제 도축된 예산 한우 같은거요.",1,2024-10-24T07:23:06Z
@엄수인-s1t,이용해봊않아서~모르겠어요.,0,2024-10-24T06:06:16Z
@user-de4gn7zg9z,"혁신은 세상에 없던걸 만드는게 혁신인거고... 새벽배송은 우유배달시절부터 원래 있었던건데 뭔. 그동안 유통업체들이 새벽배송을 안한건 새벽배송이 세상에 없던 기술이나 창의적 발상이 필요해서가 아니라 그냥 단가가 안맞아서임. 새벽배송이란게 결국 사람 갈아야하는거고 남들 자는 시간에 일 시키려면 그 때 일할 사람 구하기도 힘들고 비용도 훨씬 비싸서 와꾸가 안나오는데 이걸 억지로 규모의 경제로 메꾼게 쿠팡이고 그걸 못한게 컬리일 뿐임. 애초에 쿠팡처럼 온갖 상품을 다 팔아서 새벽배송해도 모자랄판에 신선식품, 그마저도 너무나 작은 양을 가지고 저딴 시장가치 인정받은게 에러.",3,2024-10-24T05:41:07Z
@teagreen3536,"가격이 비쌌음. 제품도 그렇게 많지도 않고, 난 첫회원 쿠폰으로 시켜보고 그 담에는, 쿠폰없이는 너무 비싼거 같더라고,",0,2024-10-24T05:37:10Z
@ninisi-n2u,쿠팡보다 제품이 많은것도 아냐 유독 저렴한것도 아냐 프로모션을 자주 하는것도 아냐 쿠팡회원이면 굳이 컬리를 쓸 이유가 없음 그리고 B.I 컬러 보라색으로 한것도 패착이라고 하기엔 오바 같겠지만 이것도 한몫했을거라 봄 식료품을 유통하는 회사가 식욕을 낮추는 보라색을 브랜드 컬러로 채택하다니...한국인 감성에 안맞음,5,2024-10-24T01:53:01Z
@유후유후-m6g,질이 좋네요. 구독자 100만 금방 가실듯.ㅎㅎ,2,2024-10-23T23:53:26Z
@특대한민국-m7n,첨부터 망할거 알고있었는데,0,2024-10-23T23:37:16Z
@추영민-b8u,컬리 4조는 애초에 사기였죠 😂😂  이마트가 1조8천억 정도니,0,2024-10-23T23:35:04Z
@쭈니리하,쿠팡을 좋아하진않지만 컬리가격으로는 손이안감,1,2024-10-23T23:01:07Z
@actlove7,"매출올려 상장하고 한탕 해 먹을려고 했다가 실패한거지 ㅋㅋㅋㅋ
카카오모빌리티처럼 ㅋㅋㅋ",6,2024-10-23T20:43:59Z
@nayu9617,컬리 신선한음식 배달되고 좋았던거 같은데 요즘 이용을 안했더니 이런일이 ㅡㅡ,0,2024-10-23T17:30:08Z
@프로테베,"쿠팡  안쓰고  다른곳들  쓰는데  컬리가  잘안써지긴함  네이버,이마트는 싸고  포인트도  적립해주는데  컬리는  너무비싸.",1,2024-10-23T16:44:53Z
@시스터헌터,"회원정액제생기고나서 안씀
메리트가점점떨어짐",0,2024-10-23T16:42:32Z
@초초미-h5d,"컬리 안쓰게 된 이유,,, 자체제작상품 퀄리티가 너무 별로였음. 라자냐였나 그랬는데 한입먹고 다버림",0,2024-10-23T15:58:19Z
@킨메다이-f6l,컬리 규모가 커지면서 md가 구려진 게 치명적임. 애초에 컬리의 경쟁력은  새벽배송보다도 다른 플랫폼 어디서도 살 수 없는 특별한 상품에 있었음. 그래서 가격이 좀 비싸더라도 많이 썼지. 근데 md 구려지면서 그냥 쿠팡에 밀려버림.,2163,2024-10-23T15:46:20Z
@city-bright,망했네,0,2024-10-23T15:42:57Z
@오엉겨왕자와일곱냥장,근데 원래 섹터는 같이감.  웬만하면 티메프가 망했다면 다른 유사한기업도 힘든상황인게 합리적인 판단.,1,2024-10-23T15:17:43Z
@tennysam21,"컬리는 진짜 신선함 하지만 배송비 전까지 채우기가 너무 어려움
쿠팡은 야채 질이 떨어짐 하지만 공산품 대량 사기 좋음",0,2024-10-23T13:52:35Z
@giroro2725,"컬리 바보 아니가 쿠팡 상장할때 국내시장이라도 상장햇엇어야지 투자자들 돈 다 쪼그라들엇는데 누가 투자유치를 하냐 그리고 대주주 지분이 5퍼가 머니 
기회를 자주 오지 않는다 컬리 ipo 안되면 안될듯하다",0,2024-10-23T13:52:18Z
@orraeng,쿠팡한테 따인거지.... 규모의 경제 때문에 진짜 독특한 점이 없는 이상 컬리가 쿠팡을 이길 수가 없음,0,2024-10-23T13:19:53Z
@user-lj4rw1fh1i,솔직히 컬리같은 기업은 망하면 안된다,0,2024-10-23T12:28:40Z
@tevvol9286,컬리가 살아남을려면 쿠팡의 단점을 컬리의 단점으로 가져와야 되는데..,0,2024-10-23T12:09:56Z
@티는아2-h1d,단한번도 흑자를 낸적 없이 망한기업이라면 페이퍼 컴퍼니가 아니던가,0,2024-10-23T11:18:18Z
@강철중-y3k,어디서 세금 끌어다가 낭비하지 말길,0,2024-10-23T11:08:15Z
@ppoppkang3182,컬리는 처음부터 이상했어. 투자자가 정신나간거지,0,2024-10-23T10:58:04Z
@aquamariner2086,컬리 때문에 부도난 공급사가 많습니다.,0,2024-10-23T09:33:15Z
@마를린-y7k,"요즘 컬리쓰는 사람을 못봄. 쿠팡은 미국기업인데, 가격 경쟁력을 낮출 방법을 고안해야함. 그리고 상품군을 백화점급으로 고급화하고 오프라인도 팝업처럼 강남 골목상권 노려봅시다. 고급화와 일반제품 가격 경쟁력 갖춰야합니다",0,2024-10-23T08:30:54Z
@조도연-z9m,무신사 다뤄주세요,4,2024-10-23T07:13:54Z
@rothsshvili5125,0:42  Women &  문레기 = deadly combination,0,2024-10-23T06:45:27Z
@user-vx8we3dz4u,"뷰티컬리 만든 뒤로 컬리가 신선식품에서 방향을 잃었음
마트에서 못사는 것들, 싱싱한 것들, 첨가물 안든 재료들, 좋은 재료들이 컬리의 강점이었는데, 지금은 걍 마트나 차이없게 됨",1467,2024-10-23T05:04:08Z
@tina147,좋은 영상 구독 합니다,0,2024-10-23T04:49:28Z
@김태연-j3c5i,"너무 어중간하게 방향설정했음... 물건들은 쿠팡에 압도적으로 밀리고... 그나마 냉장류나 식품류 많은데... 아예 처음부터 천연재료만 사용하는 간식들 넣어 애엄마들 타켓으로 하고 저칼로리, 저당 식품들 왕창 홍보해서 다이어터들 입소문을 타게했어야함...
쿠팡이 이미 너무 앞서버려서... ㅜ",0,2024-10-23T03:10:13Z
@ghkfkdwkd2417,"쿠팡 컬리 둘다 이용하는데
컬리 상품 비싸서 쿠폰줄때나, 꼭 먹고싶은 밀키트 외엔 구매 안하는편,,, 상품 다양성도 없고
배송도 쿠팡에 비해 느리고 포장도 블필요하게 나눠 많이 가져와서  낭비같은 생각 많이해 건의한적도 있는데 개선안됐음
주기적 1만원 7~9천원 쿠폰이 들어오던데 이러고도 남나?싶은 생각였는데 역시네요",2,2024-10-23T03:08:29Z
@로얄밀크-m7w,쿠팡에 없는 상품 컬리에 팔아서 가끔씩 주문하는데 없어지면 안돼요,0,2024-10-23T02:44:27Z
@edla-vv2tp,4천억도 말도안될 고평가라고 생각함,11,2024-10-23T02:18:38Z
@MsLoveC,"컬리 가격이 비싸요 
그래도 구하기 힘든 다양한 상품이 있다는 장점이 있어서 저는 잘 이용 합니다
고평가 되어 있던 거는 코로나 특수였던 거 같은 데 그때 상장 했어야",60,2024-10-23T02:04:10Z
@백아-t4i,컬리가 혁신이라기엔 쿠팡 파쿠리 아닌가 ㅋㅋ,1,2024-10-23T00:23:34Z
@인어공주-d3c,"프레시시스템이
모든온라인마트에서도
다하니..
경쟁력이떨어진것아닌지..",1,2024-10-22T23:20:50Z
@kimkim-dp2yi,잘 나갈때 이마트에 던지고 팔았어야함,1,2024-10-22T23:18:49Z
@VagabondHan,비싸도 물건만 즇으면 꾸준한 이용자는있을거임 근데 그가격 퀄리티냐? 그건 아닌거같음 그래서 망하는거임,0,2024-10-22T23:15:29Z
@부부-n2l,회사 성장이 아니고 상장대박만 노리다 ㅋㅋㅋㅋ,4,2024-10-22T23:00:55Z
@shinhwaalexyoon,컬리 아직도 운영중인가?....사라진줄 알았는데...,3,2024-10-22T22:10:46Z
@blacktoothwine,믿고먹는 컬리인뎅😅😢😢,0,2024-10-22T20:30:01Z
@doppklozky,적자 무시하고 자본잠식 시키고 해먹다가 엑시트 하려다가 망했네 나쁜 놈들,1,2024-10-22T18:27:03Z
@람-i2h,컬리 아직살아있네 ㅋㅋ,0,2024-10-22T18:11:35Z
@스윗프트,컬리 망한거임 ?,1,2024-10-22T17:22:11Z
@ROIDDDDD,모든 이커머스가 이제 전망이 안좋다. 왜냐? 이커머스로 물건살 20~40 세대 인구가 줄었다. 그리고 이들은 악파트에 올인해서 이자갚기도 힘들다.,2,2024-10-22T17:06:08Z
@자전거인생,세상에 쉬운게 없다 흠 셀러들도 험난하다. 난 그냥 이 여정을 즐길란다!,0,2024-10-22T16:08:17Z
@비프로-v8o,일단 물건이 넘비싸요,1,2024-10-22T14:12:19Z
@twoyoung59,컬리 3번쓰고 안쓴이유는 스티로폼 너무과하게씀…,1,2024-10-22T13:17:36Z
@trerou4300,좋은 내용 전달 감사해요 구독합니다,2,2024-10-22T12:02:00Z
@바보후니-d7f,오픈초부터 배송일 선택할수 있게 하고 합배송 가능케해달라 요청했는데 고객맞춤보단 쥔장스타일 고집하는 느낌 받았어요,1,2024-10-22T11:02:57Z
@막차-q3j,저희는 오아시스 마켓을 애용합니다.,17,2024-10-22T10:55:59Z
@yeong0121,컬리 창업주년 하나가 얼마를 말아먹는거냐 ㅡㅡ,6,2024-10-22T09:31:48Z
@BEAR_OIL,"신세계에 털고 나갔어야
하는데",0,2024-10-22T09:28:12Z
@투윅스twoweeks,헐 저는 컬리좋던데 신선하고 믿을 수 있고.. 컬리 제품도 좋구여 왜 이런 댓글들이😢,0,2024-10-22T08:40:03Z
@lululala-a,쿠팡 컬리 등 새벽배송 시작한 업체들 다 망했으면 좋겠다..,2,2024-10-22T08:30:54Z
@velzharoon3850,"살게 있어도 입점업체 관리가 안되는건지 물품 품질관리가 안되더군요
이게 주로 신선제품이 주력이라 더 크게 와닿음
자금이 부족한지 
상품 상태 문제가 있어도 그정도는 제품 특성이라고만 하고 환불은 커녕 교환도 안해줌 ㅋㅋ
그냥 직접보고 사는 오프라인이나
무조건 환불인 쿠팡
그래도 자기 제품 관리하는 네이버입점업체 등을 쓸수밖에 없게됨",5,2024-10-22T08:17:47Z
@carloskim4557,쿠팡은 남한의 아오지.,0,2024-10-22T07:54:24Z
@안희진-v2y,부채비율이 600%가 넘는데도 언론에서는 신화 운운하고 회사가 망하지 않는게 너무 이상하다,57,2024-10-22T06:18:22Z
@박뾰롱-w3d,포장이고 배송이고 뭐고 ..일단너무비쌈 ㅡㅡ,2,2024-10-22T06:15:01Z
@orangina-r5e,쿠팡보다 유일하게 나은점은 과로사 노동자가 없다는 점. 쿠팡이 편하지만 노동자 계속 죽어나감..새벽배송 안시키는게 답도 아닌거같고 법이 정비되어 처벌규정 만들고 사용자들도 죄책감없이 쓸 수 있는 날이 오기를.,0,2024-10-22T06:00:09Z
@mjyun2026,컬리 자주 이용하는데. 없어지면 안되는데. 잘 나갔으면 좋겠다.,0,2024-10-22T05:53:35Z
@rapis-s1e,일단 고객센터부터 어이가 없고 불친절함. 처음에만 상담 연락 오고 하더니 그 뒤로 아예 답변 자체를 안해버림. 망할 줄 알았음.,1,2024-10-22T05:53:27Z
@lIlIllIIl_l,"이미 쿠팡한테 영혼까지 털려서
가치없음 이제 나락만 남은듯",5,2024-10-22T05:49:20Z
@백군-k9y,어떻게 이렇게 좋은 채널이 구독자가 5000명도 안 될까요?,2,2024-10-22T05:43:27Z
@rami-rami-dorami,ceo 지분율이 5%라... 끝난듯,5,2024-10-22T05:40:41Z
@vmdbxm,오아시스는 뭐여 ㅋㅋ 참 경쟁 너무 치열하다,1,2024-10-22T05:35:20Z
@wesohw,뭐 난다긴다하는 사업하는 사람들인데 알아서들 하겠지만 켈리보단... 쿠팡이 쿠팡제국임 ㅋㅋㅋ,1,2024-10-22T05:11:05Z
@행복한일상-illi,뭐긴 뭐야 ㅋㅋ 비싸서 안사는거지,1,2024-10-22T05:03:12Z
@elec5185,여자들은 경영을 하면 안됨,4,2024-10-22T03:53:29Z
@dqet-dggc-hhbe,"예전에 컬리랑 거래처 관계라서 일을 많이 했는데...인사관리도 정말 문제가 많다고 느꼈다.
일 대충 하거나 못하는 직원이 너무너무 많았다. 아마 컬리랑 일해본 사람들은 다 알걸?
'와 이거 이러다가 컬리 망하겠는데' 싶었던게 3년 전인데 결국 이렇게 되는구나",16,2024-10-22T03:24:31Z
@agabomso,컬리는 냉동 식품 만이라도 종이 박스에 드라이 아이스 넣어서 배달하는 형태 꼭 바꿔야함,26,2024-10-22T02:07:58Z
@이똘똘-l1l,그래도 컬리는 식품이 다 맛있음,0,2024-10-22T02:05:01Z
@new_being_aware,가격대비 제품이 좋지 않아 한두번 사보고 사용안함. 물건 교환 처리도 제대로 안되서 한없이 기다리다 연락한기억때문에 더더욱 사용안하게됨. 리뷰도 믿기 어렵고 불편함. 이뿌게만 만들면 뭐하나. 제대로 된 정보를 얻게 해줘야지.,13,2024-10-22T01:50:40Z
@sunup7622,컬리 비쌈,2,2024-10-22T01:13:12Z
@명탐정코난-b1g,"쿠팡이용하다
컬리 이용할려고하면
불편해 이용안함
쿠팡은 연동되는 쿠팡이츠
쿠폰무료.쿠팡플레이
개인적으로  snl ㅎㅎㅎ
거기에 다른것도 볼수있어
개꿀~~여기에 컬리가 주는  혜택은?",1,2024-10-22T00:21:29Z
@she-hh9or,컬리 그냥 허세 감성충들 놀이터,2,2024-10-21T23:49:43Z
@brownlee1276,김슬아만 월급으로 돈 벌었네ㅋ,3,2024-10-21T23:42:51Z
@sujinsong2838,컬리가 쿠팡처럼 해야겠다 생각한 순간 망하게 되는거임. 로캣배송 생기기 전 새벽배송의 이미지는 컬리같은 고급과 깔끔이었는데 쿠팡은 아이브로우 펜슬 하나 시켜도 5060 봉투에 옴 ㅋㅋ,14,2024-10-21T23:40:42Z
@나라사랑-g2v,마켓컬리는 다른 기업에 판거 같은데,0,2024-10-21T23:32:23Z
@두아-k6n,굳이 새벽에받을 이유가없어짐..,1,2024-10-21T23:09:49Z
@mbshotgunmaster,"야채, 과일은 꽝",2,2024-10-21T22:16:21Z
@mbshotgunmaster,"컬리 점점 혜택도 없어짐
맞벌이니까 어쩔 수 없어지는데 대체지 생기면 갈아탈꺼임~",2,2024-10-21T22:15:46Z
@mkj8722,중국 회사네,2,2024-10-21T20:30:50Z
@제이미-p7f,컬리는 서서히 무너지는 중입니다....안간힘을 쓰며 버티고 있지만 대세를 거스를 수는 없을겁니다.,8,2024-10-21T19:20:39Z
@kristal1624,슬기있는 대찬여성 기업인입니다. 🤪🥰,0,2024-10-21T18:40:33Z
@yoonji509,비싸고 양도적고 종류도 적고...이젠 완전히 비호감이되버렸음,1,2024-10-21T18:28:12Z
@luvehem,"저는 컬리의 단점들과 약점들을 너무나 잘 알고 있지만, 저를 비롯해 소비자들도 약았어요.  절대 이익만을 취한다는 말입니다.  댓글 중 비싸다 운운하는데 기가찹니다. 가격 괜찮아요. 비싼 품목은 생략하면 되죠.  말하는게 싸가지가 없어요. 어디 가게 가서 비싸다 해 보세요. 모바일 하나면 가격 비교 가능한 시대에 비싼 품목은 건너뛰면 됩니다.
컬리를 통해 다양한 식품을 소개받고 바쁜 세상에 다음날 현관앞에 도착한 식품들 덕 많이 보고 있어요. 회사가 어떻게 될지 모르지만 적어도 컬리와 소비자 간에 이익을 본 건 소비자입니다.  싸가지없는 소비자야.",8,2024-10-21T18:26:01Z
@김프로AA,"베인 출신이 회사 다 말아먹네ㅋ 
이마트도 베인출신 사장이 지마켓을 정수리 여드름에 사서 빌빌 싸는중",5,2024-10-21T16:24:38Z
@Hachans,맛집 콜라보라는 미명하에 공장 포장음식 패키지만 비꿔 파는 행태로 장사한 업체,2,2024-10-21T16:13:56Z
@raniakea5166,가격이 너무 비쌈ㅡ13000원 쿠폰 자주 뿌리던데 쿠폰 적용한게 다른곳 그냥 세일하는거랑 별차이 없음,8,2024-10-21T15:02:56Z
@fraise8689,쿠팡회비가 비싸져서 쿠팡 뽕빼야되서 컬리부터 끊었오요ㅜ 이마트는 못끊으니까ㅠㅠ,2,2024-10-21T14:53:14Z
@찌부리-j9f,비쌈,1,2024-10-21T14:51:02Z
@이름성-o9o,사업성 불투명한 모델이 스타트업 붐에 시장 유동성 만나서 돈 빨아먹다 튈 타이밍 놓친 회사,3,2024-10-21T14:32:33Z
@doyun153,너무 비싸요,0,2024-10-21T14:08:01Z
@yurajeongg,뭐랄까 컬리는 겉만 번지르르한 인스타 카페 같은 느낌임 물건 종류가 너무 적고 업체가 큐레이팅 하는 제품들이 생각보다 특별히 좋진 않으면서 디자인을 예쁘게 해서 값을 비싸게 받음,6,2024-10-21T13:40:24Z
@박지영-n2i2s,성공하면 쿠팡이고 실패 하면 Q10이다 몰라서 나불거리냐,0,2024-10-21T13:17:30Z
@쿠밍키,과잉포장으로 쓰레기 버리기 귀찮아서 안시킴,1,2024-10-21T12:52:42Z
@김콩돌이-g4v,맛은 있는데 비싸요~ 그래도 한달에 두번씩은 시킵니다 ㅎ,1,2024-10-21T12:48:43Z
@b612-e7k,신세계에 2조 정도에 팔고 나갔어야지 ㅋㅋㅋ,0,2024-10-21T12:45:52Z
@호태아빠,컬리 처음에는 백화점급 상품이 경쟁상대 였지만 지금은 쿠팡이 경쟁상대임. 근대 쿠팡에는 상대가 안됨!,0,2024-10-21T12:32:36Z
@katieahn4018,컬리야..ㅠㅠㅠ,0,2024-10-21T12:30:08Z
@하누리-w3j,컬리야 돈마호크 100원에 잘먹었어 ㅎㅎ,0,2024-10-21T12:19:10Z
@The_One_Who_Moves_the_Stars,"컬리는 처음 소비층을 잘 타켓했던거 같음. 근데, 한국 소비층이 전체적으로 무너지는 추세라...",61,2024-10-21T11:55:45Z
@chh4414,에상한거아님?  ㅋㅋ 초창기 광고할때 시켜보려했는데 도저히 장점이없었음 가격 물품다양성 다 쿠팡은 커녕  쓱배송보다 안좋던데. 오직 디스플레이만 고급지게해놋고,1,2024-10-21T10:57:59Z
@gunpower5285,최종 승자는 전지현.,2,2024-10-21T10:57:58Z
@태호정-v5y,쿠폰을 그렇게 뿌려되더만,0,2024-10-21T10:13:32Z
@gregory000,되겠냐,0,2024-10-21T10:02:55Z
@hh4152,_넘 비싸서_,0,2024-10-21T09:20:00Z
@dengo2ao,컬리는 포장재에 너무 힘을 줌.. 버릴때마다 이 아까운걸 버려?하는 생각이 듬.. 반대로 쿠팡포장은 너무 성의없음.,754,2024-10-21T08:56:35Z
@lilee7337,첨부터 신선식품으로만 승부를 보려고 했던것이 원인,3,2024-10-21T08:38:23Z
@쿠쿠-z1i5o,"쿠팡한테 게임이 되겟어?  쿠팡은 항후10년간 독주다. 컬리는 게임자체가 되질안치
쿠팡 물류센타가 전국에 몇갠데",0,2024-10-21T08:38:14Z
@lowlanz,나는 괜찮다고 보는게 로켓 프레시는 특히 곰곰 붙은거 너무 복불복임. 컬리는 시켜서 맛없는 경우는 잘 없음. 가격도 쿠팡보다 무조건 비싼건 아니고 더 싼것도 있음. 문제는 고객응대가 좀 구림. 잘못 주문한거 1분뒤에 취소할래도 연락도 안받고 취소도 안됨,0,2024-10-21T07:55:20Z
@kamchatka5144,"아마존이 망하는냐 흥하느냐의 기로에서 2가지 배팅에
성공 하여 전세계 1위 기업으로 등극 했다. 그 하나가 
모두가 실패할 것이라고 했던 자체 물류회사 설립이 
성공적이었고, 둘째는 아마존 크라우드(웹 서비스)의 
대성공 덕이다 길어져서 각설하고 물류 운송의 틈새
시장 공략만으로 회사를 키우는 것은 이미 한계에 다달았다
그 무엇도 보여주지 못하고 있는 컬리의 비전은 없어 보인다.",0,2024-10-21T07:32:56Z
@24hrCenter,그러게. 컬리가 사라졌네요?!,0,2024-10-21T07:25:40Z
@indrao,"배송사고 너무 많고 황당한 사건이 터져도 나몰라라 하는것 겪음.
체계가 없는듯.",1,2024-10-21T07:15:00Z
@lowattitude1827,"문제점은 제공하는 유통의 가치가 경쟁사보다 나은게 없으니 눈앞의 고객,공급사를 찍어누르면서 내성발톰처럼 악순환 가속화.. 조금이라도 매출을 순이윤인척 하면 사회악되는거 순식간임..",1,2024-10-21T06:41:40Z
@아차산-z8h,"여자  혼자서  험악한  유통사업 
-  이게  잘되겠나 ?
집에서   못질도  잘  못하잖아",0,2024-10-21T06:30:36Z
@monstershonda,"사업의 원칙이 내가먼저했지만, 누군가는 할수있을까를 고민해봐야함. 즉 내가 제일먼저해서 내가 돈을 벌기시작했다면 누군가가 따라할수있다면 얼른 팔아야 하는게 맞는거임. 내가 더 잘할수있다면 하는게 맞지만 사실 대기업이 돈들고 들어오면 방법없음.",0,2024-10-21T06:27:41Z
@라이언-c4s,좋은 영상 잘 봤습니다!!,4,2024-10-21T06:23:30Z
@서산불도저,나도생각해보니 초반에 마켓컬리 잘 이용하다가 어느ㅜ순간 사용안하게되더라공,0,2024-10-21T06:04:12Z
@shiwhang,"새벽 배송… 사람은 밤에 잠을 못자는 것이 발암요인… 사람의 노동을 갈아넣고, 우리나라는 그것을 혁신이라고 부른다…",1,2024-10-21T05:28:38Z
@sss-xs7jf,"쿠팡은 규모가 커서 상대가 안되니,
컬리로선, 고급화 전략을 했으면 생존할지 모르겠네요.
그냥 방법이 이거 밖에 없는데, 성공 확률 미지수, 게다가 경제 상황이 안좋아서 고급화가 안 먹힐지도",9,2024-10-21T03:10:25Z
@SNI880,중국회사아닌가,0,2024-10-21T01:53:31Z
@ebichu8126,여자가 사장이면 이런꼴난다,0,2024-10-21T01:31:55Z
@bokhanlee4049,쿠팡은. 든든한 물주. 유대인. 탐욕자본. 손정의. 조단위 계속 받아서. 버팀,0,2024-10-21T01:26:02Z
@멜리-z1q,"가격은 둘째치고 제품도 그렇다쳐도 전국적으로 새벽배송을 먼저 시작했다면 조금 더 우위를 점할 수도 있었겠죠. 여기는 쿠팡부터 새벽배송이 들어와 쿠팡이 자리를 더 견고히 꽉 잡았을 수도 있겠다 싶어요.
뭐, 컬리는 새벽배송만 하는데 시간이 참... 바쁜 직장인들 어쩌구 하면서 지방이어도 쿠팡도 7시라 말하면서도 보통 5시 전에는 당도하더라고요. 수도권만 7시, 지방은 8시 이전 배송하던데, 지방이라도 그렇지 당도시간 보면 7시 넘겨 당도할 때가 제법 있더라고요. 물론 주말이어서 그럴수도 있죠. 근데 바쁜 평일 아침에는 당도 안하면 애가 타죠. 저녁까지 현관 밖에 방치해둬야 하니... 쿠팡처럼 낮배송이 있어 낮에 당도하게끔 시킬 수 있는 것도 아니고, 오로지 새벽배송 뿐이니... 제 출근부터가 7시 이전에 나서야 하는데... 이런 생활패턴에서는 도저히 불안해서라도 쓰기가 힘들긴 하죠. 새벽배송... 바쁜 아침에 식재료받아 밥상 챙긴다고 말하기에는 8시 이후 출근하는 분들이어도 빠듯하겠죠? 추석 직전 제가 6시 반에 출근했고 밤 10시 정도 퇴근했는데 동생이 명절선물이랍시고 깜짝선물마냥 보낸 거 당도하기 전에 출근했고 올해 날이 제대로 미쳤구나 싶게 더웠던 날 중 하나여서 그런가... 집 앞에 쭉 방치되어 드라이아이스며 아이스팩 죄다 녹아 있더라고요. 말로는 아침에 잘 받았다 말은 했지만 한숨부터 나오는 건 어쩔 수가 없더라고요. 쿠팡 시키면 5시 이전에 앵간하면 다 받았는데... 이 생각부터 들면서 비교를 어쩔 수 없이 하게되더라고요. 아무리 쿠폰같은 걸 뿌려도 저같은 소비자들은 불편하니 어쩔 수 없이 외면하게 되는 것 같네요. ㅜㅜ",6,2024-10-21T01:19:59Z
@오아시스-l9u,"가격 경쟁력도 없고 
가입도 어렵고 ‥",0,2024-10-21T00:38:09Z
@klee5310,안돼 컬리 망하지마ㅠㅠ 쿠팡 포장 너무 쓰레기 많이 나오고 불편함 살아남아라 제발,14,2024-10-21T00:13:41Z
@전시메일,"찻잔 속의 태풍에 불과하다. 옛날 율산그롭, 제세그룹이 생각난다.",0,2024-10-21T00:09:03Z
@키쿠찌,철저하게 망햇습니다.,8,2024-10-20T23:46:43Z
@mr.k2010,"컬리가... 수도권에만 집중했는지는 모르겠지만... 지방에 거주하는 입장에서 사용을 해본적이 없음.

물론 돈이 안되는 것은 맞는데, 돈이 안되는 곳에도 배송해주는 회사랑 돈이 되는 곳에만 배송해주는 회사는 규모가 다르지..",1,2024-10-20T23:40:29Z
@나에게말하기,상장폐지 당하는거냐,0,2024-10-20T23:07:15Z
@모코야-o5m,메리트가 사라짐. 지금은 다른업체도 비슷한 서비스를 제공하고 있어서,0,2024-10-20T22:19:27Z
@KLB-p9q,"온라인 플랫폼 성공 비결은  손정의 같은  미래 비젼  펀드의  자금을 받을수 잇어야 하고 전국 거점망에 쿠팡 같은 대규모  물류센터 구축. 그리고 쿠팡 같은 소비자 우선, 소비자존중, 소비자가 싸게 구매하게 정책을 해야됨. 플랫폼 매출이 많으면 셀러들은 쿠팡 에 들어오게됨. 박리다매가 수백만 수천만개 팔리면  회사는 자금 회전력 좋고 공장가동율 좋고 선순환 구조가됨. 한국 재벌 대기업들 전부 머리 수구리고  쿠팡 에서 물건 팔고잇음. 쿠팡 이용자가 3200 만명이 넘음. 쿠팡 정도의  자본력과 , 물류센터, 고객만족, 싸게파는 정책이, 없으면 온라인 플랫폼 에서 쿠팡 이랑 경쟁도 안됨.😮😮😮😮😮",1,2024-10-20T18:15:54Z
@acewtf903,컬리가 망해가는건  재구매율이 낮은 이유에 기인한다. 상품의 질이 너무 떨어져서 두번다시 구매안하게 됨.,3,2024-10-20T18:13:56Z
@GGVZ,이쁜걸 비싸게 팜,1,2024-10-20T18:05:24Z
@김상태-x4b,"난 컬리 지지함.  밑에 댓글들 처럼 비싼면이 있음,  ( 대부분 할인이 안들어간 금액으로 파는데,  다른 메체들은 할인이 들어간 가격으로 팔고,  그러다 보니 컬리자체에서의 멤버쉽이든 뭐든 해서 가격할인을 해도 5% 이상은 무조건 비싸고 보통 10% 정도 더 비쌈 )   제품의 신선도는  그럭저럭 다른 메체들과 비슷함,  하지만 컬리에 한표, 왜냐면  신선도 면에서 실패,실수 한적이 없었읍 ( 이건 개인적임,  다른 메체들은 전부 실수한 경력들이 있었음,  이부분은 포장상태를 보면 알듯함. 컬리만한 포장상태 국내에 없음,    그리고 영상에서 컬리만의 어쩌구 말하는데,  이미 컬리는 컬리만의 것이 있음, 바로 포장임.  이정도 포장에  가능한 종이만을 사용하고 테이프 까지 종이로 하며, 또 맘에 드는점은  주소가 적혀있는 배송장 임.   배송장이 그냥 슥 하면 떼어짐.   그냥 슥 떼고 따로 꾸겨서  따로 버림. ^^  다른 메체것들은  반드시 도구를 이용해서 뜯어내야 함.  이게 고작 이라고 하겠지만,  배송하는 입장에서 굉장히 신경썻다는걸 알겠고,  또 소비자들의 개인정보를 소중히 다룰것같는 기분이 느껴짐.    그럼에도 쿠팡이 이길꺼라는건 인정,  원래 우리나라 사람들이 그러잖아.  배송에서 사람들 죽어나가도  본인들 쪼메 싸다면 그냥 콜 하는  나라가 대한민국임.  쿠팡은 나라를 잘 선택했고,(쿠팡같는 배송시스템을  쿠팡의 원래 나라인 미국에서  저런식으로 배송했으면,  진즉에  윗선 형량 500년에  벌금 9999999 천억 날아갔음. 우리나라는 그냥 개,돼지 나라니까  돈 쪼매 아껴주면 개,돼지처럼 해도 됨. )   컬리는 나라를 잘못선택한거임.",0,2024-10-20T18:01:08Z
@Jays-77-96,"그러니깐 고소득 위주의 동네장사를 했어야지,
경쟁력없는 가격으로 덩치만 키우면 답이 나오겠냐?
온라인 소비자들의 특성상 가장 민감한게 가격인데 같은 제품도 컬리는 비싼데 누가 사냐?",0,2024-10-20T17:40:21Z
@nvvAve,"그래서 요즘 뷰티 쿠폰뿌리며 홍보중인거군요 능력있는 사람이니 어떻게든 방법을 찾을듯 어떤 사람이 이만한 유니콘급을 키워낼 수 있겠음
중소기업은 고사하고 자영업도 제대로 운영못해 시장에서 퇴출되는 사람이 대부분인데",1,2024-10-20T17:13:19Z
@dollbench987,컬리 서비스 넘 좋았고 흔치않은 제품도 여기선 살 수 있어 좋았는데...망하면 안돼,335,2024-10-20T16:16:37Z
@hankyunglee3239,"골든타임 지났다고 보지만 쿠팡에 매각 해서 엑싯이 젤 나을듯
한데
쿠팡이 안받아주겠지?",0,2024-10-20T15:51:14Z
@mandukim5377,쿠팡의 유일한 경쟁자는 네이버쇼핑입니다. 오프라인에는 다이소가 있고요.,1,2024-10-20T14:56:31Z
@yoon12340,컬리 없어지면 안되는뎅…쿠팡 독점 방지를 위해서라도,5,2024-10-20T14:53:18Z
@justintigerkim9831,"난 컬리 잘 쓰고있는데 깔끔하고 굳이 손해날일도 없고.
적대하는 이들이 많은가?
갑자기?",4,2024-10-20T14:22:38Z
@이민수-f6r,세상에 부채가 자본의 600프로인 회사가 안망하는게 이상하네요 우리나라 기업 구조가 이상한건가요? 애초에 시장이 좁아지고 경쟁이 치열해지는 아이템인대 왜 저기업을 상장 시켜  누굴 또 나락으로 보내고 싶었는지 말썽 많은 쿠팡이 이커머스 시장을 독점 해도 쿠팡은 흑자가 나고 돈을 많이 버는 기업이 될가요? 변덕이 많은 저 업계에 과연 저는 아닐거라고 봅니다 컬리가 기업가치가 4조5조 얘기 할때는 코로나 시기에 많이 풀린 유동성의 거품으로 한몫 단단히 챙길려고한 회사 경영진과 투자 회사들의 꼼수로만 보여집니다 앞으로 기업가치는 더 떨어질거고 적자는 더 많이 질게 분명한 시장의 업종이고 말도 안되는 IPO나 기업 가치 뻥튀기에 눈먼 개미들만 죽어 가가는 개같은 짓은 안했음 하네요 분명 저기에 투자된 투자회사들의 자본도 어디 누구의 투자자들의 돈일건대 사모펀드든 투자회사든  올바른 투자와 가치평가로 피해보는 누군가가 나오지 안았음 하네요,0,2024-10-20T14:06:58Z
@user-ou3zf4,헐 나는 컬리멤버스 까지 해서 잘 쓰고있었는데 이런게 있었구나 쓰기 좀 불편하긴해요.. 합배송도 안되고,4,2024-10-20T13:31:26Z
@취미가구걸,"와이프가 컬리 좋다고 시키길래 그런가보다 햇는데, 첫구매공짜쿠폰을 나한테 주길래 들어갓다가 더럽게 비싸서 다시는 시키지 말라고함.",3,2024-10-20T13:26:51Z
@미드판별심사위원,난 컬리 애용하는데 회사가 어떻든 내한테 좋은 음식인건 확실함..ㅎㅎ 컬리 화이팅 뎃글러들은 씨발 니들이 컬리 운용하는 임원들이가...그냥 필요한거 사고 필요없으면 사지마 ㅋㅋ 뭔 씨발 임원들처럼 아가릴 털고있노 꼰대새끼들이 망하던지 말던지 관심끄고 니들 앞길이나 잘하자,0,2024-10-20T13:03:53Z
@김규민-z5s,"방법이 있다고 보는데
컨셉을 조금 다르게 가져가야함",0,2024-10-20T13:01:00Z
@글로벌호구아저씨,상식적이지않은 사업은 망한다. 영업이익이 없으면..매출액이 아무리 많아도 뭔소용인가??,3,2024-10-20T12:21:55Z
@유승훈-y4n,엑시트 못했어??,0,2024-10-20T11:54:17Z
@jeongokkim4301,전지현 싫어해서,0,2024-10-20T11:49:41Z
@boson6546,굳이 쿠팡을 버리고 쓸 이유가 없는거지,1,2024-10-20T11:36:14Z
@Jinchung-n8n,역시,0,2024-10-20T11:21:59Z
@나의사랑천안,첫구매하고 삭제함,0,2024-10-20T11:04:53Z
@user-wk6cw9hi3d,난 식품은 진짜 컬리만 이용함 배민마켓도 가끔 이용하고,14,2024-10-20T10:20:36Z
@garywho1988,"쿠팡과는 다르게 고급 신선식품이나 유아식, 아동식 등에 집중했으면 모를까, 예전의 컬리만이 가지고 있던 특색은 사라지고 그냥 또다른 쿠팡이 되어버렸음. 이미 쿠팡 이용하는 있는 입장에서는 굳이 컬리에서 물건 살 이유가 없음.",733,2024-10-20T10:02:23Z
@walidolitv,컬리가 닭고기는 좋음,0,2024-10-20T09:09:23Z
@옥수동프로전업백수,한녀가 한녀한 건데 무 슨 문제 라도?🤭,2,2024-10-20T08:06:08Z
@해피해피하하,전달 내용에 퀄리티가 훌륭합니다,48,2024-10-20T08:01:41Z
@luisekim2982,"초짜 ceo, 초짜 직원들의 돈지랄 소꼽장난 회사, 잘될리가 없지",4,2024-10-20T07:37:58Z
@hokim5849,백날 쿠폰 뿌려봐라 살게 없는데 뭐,1,2024-10-20T07:34:54Z
@shghje,솔직히 저 컨셉이랑 경영철학 자체는 괜찮은거 같은데.. 미국처럼 시장이 존나커서 소비수준이 높은 고객층이 탄탄하게 있었다면 성공하고 엑싯했을수도 있음 근데 한국에서 저러려고하니 한계가 있는게 아닐지,0,2024-10-20T07:28:40Z
@HonestFranklin,신문업이 인터넷으로 넘어갈때 놀고 있던거나 똑같네 유통업이라 수요에 맞춘 가격경쟁력이 없으면 문닫는다,0,2024-10-20T06:56:47Z
@강산에-b8y,"신선 식품은 쑥배송을 이용하지만, 마켓컬리도 가끔 씁니다. 상품은 괜찮아요.",5,2024-10-20T06:28:56Z
@pocketoy,"컬리는 결국 미니 쿠팡인데... 쿠팡 정도의 규모로도 간신히 흑자전환하는 판국에 컬리가 흑자전환을 노린다는건 참 힘든 얘기지요. 배송망을 위한 투자라는게 어차피 기본으로 들어가는 최소 규모의 투자가 있다보니... 생각해보세요.. 새벽배송을 위해서 차량도 사람도 부지도 건물도 마련했는데 그걸 새벽에만 배송하고 안쓴다니 이게 얼마나 낭비입니까... 하루 종일 계속 쉴새없이 배송해서 뽑아먹어야 수지타산이 맞지요...
어차피 쿠팡 못지않게 투자가 필요했다면 쿠팡만큼 키워야 했을텐데... 특히나 서울에서만 서비스할때도 아슬아슬해 보였는데 전국으로 넓히는 순간 불가능의 영역으로 가는 것처럼 보였습니다. 매출이 아쉬워서였겠지만, 더 정확히는 매출을 키워야 투자를 받고 투자를 받아야 유지가 가능하니였겠지만... 아무리 생각해도 전국으로 서비스를 넓히는건 득보다 실이 커보였죠. 럭셔리라는 가치에서도 그렇구요... 서울에서만이라면 언젠가 흑자로 유지 가능한 상태가 될 가능성이 없는건 아니었는데... 전국으로 새벽배송을 한다는건 그야말로 쿠팡 그 자체... 
게다가 컬리가 다루는 상품들만 봐도... 저런걸로 배송망을 유지할 수 있을 정도의 매출을 기대한다는게 불가능해 보였죠. 뭐든 다 파는 것도 아니고 식료품만 판다니... 그리고 애초에 그런걸 사기 위해서 컬리만을 굳이 쓸 필요가 없잖아요 어차피 쿠팡에서도 다 살 수 있는 것들인데... 럭셔리..?? 애초에 냉동식품같은거 먹는 구매층한테 무슨 럭셔리입니까... 그리고 집에서 요리를 해먹는다거 자체가 가성비를 따지는 행위에요... 애초에 돈이 충분히 있으면 그냥 하루 세끼 다 외식을 하거나 아니면 적어도 배달음식으로 떼우는거죠... 그래서 컬리 고객이 진짜 럭셔리가 될 수 없는겁니다. 제 주변에 열심히 일해서 돈 좀 버는 젊은 애들 보면 배달음식을 먹으면 먹었지 컬리는 고려 대상이 잘 안되는거 같더군요. 배달음식이 더 다양하고 더 빠르고 더 맛있죠. 뭣보다 바로 먹을 수 있잖아요. 새벽배송? 그냥 24시간 아무때나 배송하는 배달음식하고 경쟁이 될리가요? 물론 컬리도 나름대로 지금까지 잘 성장해왔고 컬리가 노리는 고객층이 따로 있기는 하겠죠. 다만 그게 메이저가 될 수는 없어보인다는게 문제 아닐까 싶네요. 근데 시스템은 메이저가 아니면 유지 불가능한 규모이니... 쿠팡 안에서 쿠팡의 시스템을 이용한 서브 브랜드 정도로면 딱 어울리지 않았을까 싶네요...",21,2024-10-20T04:20:02Z
@justjjune3298,아 맞다 컬리라는 플랫폼이 있었군... 쿠팡 덕에 잊혀진지 오래 ㅜ,0,2024-10-20T03:21:56Z
@골드-i8c,"서울 경기에만 사업을 하는데도 한계고
플래폼아이템도 막바지이고..
첨단 과학기술이 필요한 사업도 아니고,
창의력이 뒷받침될 필요도 없고,
말이 좋아 , 사업이지
그냥 누구나 도전할수 있는 배달 장사임",0,2024-10-20T03:01:07Z
@fuckq9865,컬리도 티몬처럼 먹튀할 가능성 농후..,1,2024-10-20T02:15:31Z
@donghasong4566,컬리플레이 Ott를 했어야지~,0,2024-10-20T02:03:30Z
@josephchoe5856,초창기부터 Kurly Only 베스트제품 조선향미입니다.  이제는 마켓컬리와 거래를 마감하고 쿠팡로켓그로스로 옮겼습니다. 신제품 조선향미 향반즉석밥도 쿠팡에서 런칭했어요.,2,2024-10-20T01:55:53Z
@비비-r6w,"컬리가 스스로 해결못한 부분도 크지만 현재 쿠팡이 너무 많은 파이를 먹은거도 크다 
최근 배달앱 논란을 지핀거도 사실상 쿠팡이츠의 진입으로 인한 지나친 경쟁의 가속화와 이로인한 담합문제들로 인해 붉어진게 크고;;
거기에 최근 티메프여파 속 네이버가 강력한 프로모션으로 입지를 다지고 있고
기존 강자였던 쓱 신세계까지  이런 대형 유통업체들이 자리를 먹고 있는상황에 코로나로 생각없이 확장만 해간 중소형 플랫폼이 빚더미에서 허우적댈 일만 남았다
그나마 버티던 지마켓은 신세계로 들어갔고 11번가는 매번 매물에 나오니 마오니 하는상황...
물론 가치가 없는 기업은 도태가 되고 시장에서 철수하는게 맞기도 하지만 초대형 기업만 남아서 독과점의 형태로 빠질가 걱정이다
그래서 컬리 같은기업이 최대한 버텨줬음 하는데... 싶지는 않아보인다",0,2024-10-20T01:55:10Z
@하창도-r4s,재무대표와같이 기업을 설명하니 이해도가 높아지고 신뢰감이 쌓이네요 컬리 힘들지만 식품업게 의 유뚝선 모습 계속 보여주세요 이런회사들이 성공해야돠눈데,2,2024-10-20T01:33:45Z
@ueywo,새벽배송으로 죽은 노동자가 몇명인데 다 업보인거임,0,2024-10-20T01:06:22Z
@Jonghyo,쿠팡보다 나은점이 없음. 쿠팡도 중국 커머셜이랑 경쟁하는 마당에 컬리는 답없음,1,2024-10-20T01:02:23Z
@coldramen2,"지방은 이마트,롯데마트, 배달이나 심지어 민간이 대행하는 코스트코 배달대행도 안돼요.
그래서 하루만에 배송받는 선택지가 무료는 컬리, 유료는 쿠팡밖에 없고
그나마도  샌드위치같은 반나절안에 섭취해야하는 신선식품들은 배송거절당함.
컬리가 사라지면 지방은 쿠팡 독주체제가 영원히 점령하게 됩니다...",25,2024-10-20T00:54:24Z
@morningegg5334,안사고 관심끄면 쿠폰밀당 ㅎㅎㅎ,0,2024-10-20T00:48:04Z
@youthbeauty2136,"컬리가 문제라하는데 

컬리의 고급지고. 직관적이며. 디테일한 
홈페이지가 

매우좋았다. 

브랜딩도 좋았고 
로고도 좋았지만 

솔직히. 개인적으로
한국인들 수준에 맞지 않았음",0,2024-10-20T00:36:16Z
@Adios-vx7on,주변에 컬리 이용하는 사람 있나요?,1,2024-10-20T00:32:16Z
@인생-o3m,댓글 읽다보면 엘지 삼성 휴대폰과 오버랩되며. 컬리 무너지면서 쿠팡제폼의 가격상승이 예상됨.,1,2024-10-20T00:29:29Z
@RealEstates7,"컬리 : 비싸고 품질 떨어짐
쿠팡 : 싸고 품질 좋음",1,2024-10-20T00:23:47Z
@tkaqorwh,식구가 적어 컬리 애용하는데 배송비를 과감하게 없애고 제품포장을 과도하게 하지 않고 신선도에 더 신경쓰면 비싸도 구매층 분명히 있음,407,2024-10-20T00:21:46Z
@sonnykim2388,"컬리는 경쟁력이 떨어진다. 가끔씩 할인쿠폰와서 써보면, 전반적으로 제품가가 쿠팡보다 높고 그것도 회원가와 비회원가가 또 차이나는 바람에 쿠폰있어도 그냥 쿠팡쓰는게 더 낫다고 느낀다.",0,2024-10-19T23:51:58Z
@지미집-s8r,상품질 너무 떨어짐~~~~,0,2024-10-19T23:45:22Z
@youngs989,새벽 배송 쿠팡도 히는 순간 컬리는 존재 가치가 없어졌다. 원가절감 한다고 좋았던 포장도 엉망진창이 됐고.,0,2024-10-19T23:42:45Z
@ifwvvqxnm-u6g,새벽배송 몇번 늦어서 사용안함,0,2024-10-19T23:23:13Z
@금별불,투자비로 배송에 꼴아박는 밑빠진 회사,2,2024-10-19T22:30:08Z
@MM-zp7yz,"결론~ 머릿수 즉, 인구...",2,2024-10-19T22:26:46Z
@방탕중년단-b7u,마켓컬리 첨 cf할때  지빙사는분들은   뭔지도 모름 . 쿠팡먼저 치고 들어와서 전국에서 설자리 잃은거 아님?,0,2024-10-19T22:10:00Z
@엄경화-m8k,신은 다알고 있다,0,2024-10-19T21:18:12Z
@hanbaekkang3999,재밌게 산다,0,2024-10-19T20:53:05Z
@GG-qh1vp,컬리 아직 잘 쓰고 있음. 난 만오천원에 무료배송해주는 걸 아직도 쓰고 있어서 그날그날 할인하는 저렴한 제품삼 ㅋㅋ,0,2024-10-19T20:37:54Z
@All_For_MinJung,7:20 오우.. 순간 발더스게이트3 하는줄 알았네,1,2024-10-19T20:23:28Z
@나눔-x6v,컬리 비난하는 댓글이 많아서 댓글 달아요 시골사는데 전날밤 10시까지만 결제하면 다음날 배송해주는데 너무 편하고 하나로마트와 가격은 비등비등한데 신선도는 컬리가 월등히 좋습니다 특히 저희가 산골지역이라 냉동 아닌 해산물 구하기가 진짜 어려운데 컬리 덕분에 먹고싶을때 바로 봉골레 파스타를 만들수 있다는게 얼마나 행복한지 몰라요 부모님은 저희가 사는곳보다 더 산속이라 편의점은 물론 마트도 없어서 컬리 정말 애용하고 있습니다,523,2024-10-19T19:45:51Z
@seasky4046,몇년전 처음 컬리 사용해본 이후 써본적이 없음...가격도 문제고 새벽배송의 이점을 느낄수 없었음...몇년전부터 망하지 않을까 생각했었음...,1,2024-10-19T19:34:28Z
@2Wlrdmswnrdjehehl,구글에게 팔있어야지 ㅎ,1,2024-10-19T18:41:15Z
@진정한코인팔이,ㅋㅋㅋ 쿠팡도 새벽배송하는데 누가 미쳤다고 컬리쓰겠어요..,5,2024-10-19T18:35:41Z
@kingoh6169,이커머스라 말하고 내수유통시장이라 쓴다 .... 어자피 유통업 ㅎㅎ거창한 미사여구가 뭔의미 ㅋ Ipo안한게 다행이내 수많은 피해자양산을 막았으니,0,2024-10-19T17:15:27Z
@sshm3w2016,"컬리 그래도 쿠팡 로켓프레시 마음에 안 들 때마다 대안으로 가끔씩 찾는 곳인데 없어지지 않았으면 좋겠다. 컬리가 없어지면 쿠팡 독점이잖아... 난 2, 3위 업체도 계속 살아있는 게 더 좋다고~~",1297,2024-10-19T17:08:03Z
@cleango3824,쿠팡이 대대적으로 투자하기전에 몇년이라도 일찍 시작해서 자리 잡고 있었으면 상황이 좀 바꼈을텐데 그 몇년이 운명을 바꿈,0,2024-10-19T17:07:01Z
@kimbk.1583,만약에 IPO를 했다면.. 아마 어마어마하게 많은 개미투자자들이 피눈물을 흘렸겠지...😢😢😢,8,2024-10-19T17:02:10Z
@marcyoon7536,위기설은 3년전부터 꾸준히…. 애초에 덩치키워서 큰돈받고 넘기려던 목표였을텐데,4,2024-10-19T16:36:34Z
@JYP_Ent,"마켓 컬리를 비롯해서 슥닷컴 11번가 같은 이커머스들은 코로나 때 어떨게든 상장했어야 했음,, 상장이라도 했으면 유증 하면서 버텼겠지만 이제는 답 없다 돈도 못 벌고 계속 적자만 내다가 끝난다",0,2024-10-19T16:11:58Z
@kk3cr9si2k,컬리 좋은데? 종이박스에 배송와서 친환경적이고 포장이 얼마나 정성스러운지 모른다 참외나 귤이나 수박이나 잘못사서 맛없어 망했다는 느낌 한번도 받은적 없음 구독하면 쿠폰도 많이주고 생각보다 저렴하게 살수있다 일단 품질에 비해 가격 뻥튀기 해서 뒤통수 치는 회사는 아님,4,2024-10-19T16:05:21Z
@왕자ioi지훈,"결국 컬리가 수천 명의 개미 투자자들을 살린 것.
백종원과 쿠팡처럼 독식하던지.
컴포즈커피나 배민처럼 빠르게
키워 적정가에 매각하던지.
아니면 큰 욕심 부리지 말고 가늘고 길게 가던지.",1,2024-10-19T15:11:30Z
@lyouuu0827,"여기 환불, 교환 개막장임.
지들이 잘못 해놓고 서로 미루고 울화병 생길뻔..
고객 센터가 연결이 거이 불가능 수준..
시대가 어느 시대인데..
그냥 쿠팡이 비싸니 어쩌니 해도 이런 문제 발생시
스트레스 안받음.
이딴 쓰레기 업체는 망해야됨.",8,2024-10-19T15:05:37Z
@Jinita-r3t,이게 다 욕심을 부리니 생긴일. 내실을 키우고 영업이익의 증가를 신경써야하는데 외형늘리기만 신경씀. 아니 순이이이 없는데 어떻게 회사가 성장함?,0,2024-10-19T14:58:54Z
@Jinita-r3t,난 마케컬리 왜 쓰는지 모르겠음. 가격이 저렴하지 않아요,0,2024-10-19T14:54:15Z
@일하자-p1j,비싸요,0,2024-10-19T14:51:12Z
@ldd43457,쿠팡을 이기는법은 쿠팡보다 규모를 더키워서 쿠팡을 잡아먹는거 말곤 없음 규모의경제만 이해해도 답이나온거....,0,2024-10-19T14:02:57Z
@김불독-d7s,쿠팡 / 다이소 이 두개를 이길수 있는 업체가 나오면 삼성 다음이 될거 같네요,0,2024-10-19T13:56:58Z
@song47777,품질은 인정이고 그냥쿠팡이 돈으로  찍어누름,0,2024-10-19T13:22:29Z
@ultraerik1733,컬리를 잘 안쓰게된이유가 모든게 체감상 10~15% 비쌌음 물론 진짜 비싸기도했지만 진짜 급할때만 새벽배송이용만하고 잘안씀..,741,2024-10-19T13:21:12Z
@vkvkJKJK,뭐 이런 코딱지 만한 나라에 새벽배송까지 필요하겠노. 나중엔 반일 배송 1시간 배송하려구??,1,2024-10-19T13:13:36Z
@나야나-j1w5q,한때 컬리에 물건을 납품한적이 있더.그때에 알아봤다.,0,2024-10-19T13:12:57Z
@woos9969,쿠팡은 Nasdaq이 아니라 NYSE에 상장했습니다.,26,2024-10-19T13:01:31Z
@mountainrigi,쿠팡하고 싸움에서 결국 패배한것,0,2024-10-19T12:35:10Z
@goldbat-b1z,자금 수혈이 안된다면 위험하죠 쿠팡은 손정의라는 하늘이 내린 사람을 만났으니 정말 운이 좋았습니다.  이제   거대 유통 공룡이 딘 쿠팡이 컬리의 경쟁자가 되었고---,0,2024-10-19T12:15:24Z
@astaroth-o5w,어쩐지 cs가 그지같더니만ㄷㄷ,0,2024-10-19T11:45:55Z
@jonathanparker5880,쿠팡에 팔리겠네.,0,2024-10-19T11:14:24Z
@디키디키-d2g,생물장사가쉬운게아니다,4,2024-10-19T09:50:23Z
@쓰쪼엔,쿠팡 컬리 둘 다 쓰는데 컬리 포장도 깔끔하고 식품도 신선하고 맛있다 쿠팡은 쿠팡 나름의 장점이 있고 컬리도 컬리 나름의 장점이 있는데 소비자 입장에서는 컬리도 쿠팡처럼 흥했으면 좋겠다,187,2024-10-19T09:42:30Z
@WhySoSerious77777,"영상에서도 나오는데
강남 아줌마들 사이에서 반짝한게 다였음.
새벽배송을 먼저 열었다는 것 외에..
쿠팡과 차별화되는게 아무것도 없음.

새벽배송을 선점했음에도 바로 따라잡혀 뒤집어진건 아무 의미없지;;;",3,2024-10-19T08:37:38Z
@무야호-u5g,반짝했을 때 대기업에 팔았어야..,0,2024-10-19T08:09:53Z
@fjord38,경쟁력 없음 빨리 망하는게 자원 효율적,1,2024-10-19T07:43:29Z
@bbani_bottle,컬리 망해라 제바르,1,2024-10-19T07:42:58Z
@user-rp2v,마켓컬리 어느순간 머리속에서 잊혀짐ㅡㅡ,0,2024-10-19T06:23:32Z
@lilililillllIIll,"컬리 개발자들 눈 높더만 꼴좋노 ㅋㅋㅋㅋ
컬리웨이 만들면 뭐하노 ㅋㅋ 😂",1,2024-10-19T06:17:47Z
@watch_yourback,"VC 흡혈괴물들이 투자로만 키워낸 경쟁력 없는 덩치, 이미 운명은 정해진지 오래",1,2024-10-19T06:08:45Z
@BostonDynamicz,"쿠팡 하위 호환 그이상 그이하도 아닌 느낌.
억울하면 쿠팡보다 먼저 개발했어야지~",0,2024-10-19T05:52:52Z
@ethanhunt2451,개인적으로 쿠팡프레시가 컬리보다 더 만족스러움.. 컬리는 더 비싼데도 품질 개판임;; 걍 쿠폰 할인으로 가끔 이용하는 업체..,1,2024-10-19T04:47:24Z
@광동아재廣東大叔,"컨설팅 회사 다니다 나와서 사업하는 사람들 공통점... 남의 돈으로 북 치고 장구 치다가 어느날 사라짐.
 특히 미국 컨설팅 업체... 칼만 안 들었지 입만 살아있는 날강도",200,2024-10-19T04:29:38Z
@jovenbuenojude,서울우유가 새벽배송 구독경제 최초다 그다음이 비디오 테이프 구독이고 무슨 컬리따위가 ㅋㅋ,6,2024-10-19T02:36:34Z
@user-bc7hs1ko8z,"새벽배송은 쿠팡와우도 하는데 싸고
물건 좋고",1,2024-10-19T02:14:42Z
@sainthood111,"난 컬리 좋던데
쿠팡 = 알리에게 가격 경쟁력에 밀리고
품질은 비슷하다고 생각

컬리는 가격은 비싸지만 쿠폰쓰면 쿠팡이랑 비슷 함 하지만 품질 및 맛은 절대 쿠팡이 넘볼 수 없음",0,2024-10-19T00:57:25Z
@Neokids123,한국 내수는 아무리 날고 기어도 한계가 있다는 것만 확인......,14,2024-10-18T23:41:35Z
@판토류,쿠팡처럼.. 대규모 물류센터 짓고 해야하는데... 그런게 없다.😢,0,2024-10-18T23:25:31Z
@dogsoundpro,쿠팡 못 이기지,0,2024-10-18T22:50:56Z
@purewater6637,ㅋㅋㅋ문제는 리더가 여자 라는거다.,2,2024-10-18T21:57:31Z
@박정인-q6e,늘 말하지만 쿠팡쓰지 저딴걸 왜쓰는지 이해가 1도 안됨😮,1,2024-10-18T21:54:11Z
@해롱2-q5b,쿠폰 받아서 주문했는데 받아보니 일부 누락된 상품이 있음에도 연락할 방법이 없음. 그래서 멍하니 고객센터 전화통화가능한 시간까지 기다려서 전화하니깐 내 잘못도 아닌데  재배송할지 환불해줄지 물어보는 것도 아니고 그냥 다짜고짜 지들 맘대로 쿠폰적용한거 제외하고 환불해줘서 그 다음부터 빈정상해서 사용안함. 쿠폰적용이 전체상품에 적용되다보니 그 물건가격비중으로 쿠폰적용가격을 빼더라 드러워서 ㅋ VOC한다니깐 관련 내용 작성하고 사용 안하고 있는데  지금은 개선됐나 모르겠네...ㅋ,0,2024-10-18T19:28:32Z
@iam_ai-i6g,걍 멍청해서 그럼...작은 장사부터 성공 좀 해보고 했어야 뭘 알지..ㅉㅉ,2,2024-10-18T18:28:48Z
@drnamdrnamdrnam,처음에는 다른곳에서 살 수 없는 물건들이 많았지만 이제는 공급사들이 컬리에만 팔지 않고..수수료도 겁나 비싸....비쌀 수 밖에 없지...플레이방식이..,1,2024-10-18T17:50:46Z
@drnamdrnamdrnam,4조? 풋!,1,2024-10-18T17:45:48Z
@보글-f4d,비싸면 다 되는줄 아나봄 지금은 불경기라 더 가성비를 따지지,2,2024-10-18T16:46:48Z
@prettytiedup-m2x,"한국인은 성격이 급하고 근시안적이라서 큰 그림을 못 보고 작은 수준의 퀄리티 에만 집착 하거나, 평소에 아무 생각 없이 멍때리다가 타이밍 봐서 긴장할 때만 눈치 보고 일 졸라 열심히 하는 그 습관이 정말 해로워.. (중국의 동북공정이나 일본의 독도도 결국 치밀하게 한 발자국 식 움직이는데 한국 놈들은 멍때리고 넉놓고 있다가 막판에 또 지랄 지랄하겠지 안 봐도 그냥 비디오고 개 끔찍.. ) 그러다 즐기지 못하니 불행과 걱정이 자신까지 모두 갈아 넣는 게 최악의 단점임. 찐 미국놈김범석은 투자도 운이 좋긴 했지만.. 마켓컬리 농산물 품질 관리 한답시고 산지 직접 찾아 다니고.. ㅋ 잘 생각해 봐 진짜 개 한심한 짓이지 시간이 쳐남아 도나 왜 찾아 다녀 거길..여자라고 또 해외파라고 내이밍 멋드러지게 컬리 ㅋ 메인 컬러 퍼플색 쓰고 어쩌고 해 봤지만 무슨 20년전 섹스앤더시티도 아니고 돈 한푼이 아쉬운 한국 땅에서 다 헛짓거리고 그냥 무대뽀 쿠팡처럼 물류에 때려박았어야.",1,2024-10-18T16:27:51Z
@정성주-j5l,"나는 개인적으로 컬리 예전부터 망할거라고 생각했음 ㅋㅋㅋ 몇년전에 독립하고 혼자사는데 쿠팡도 쓰지만 컬리에서도 이것저것 살게 있을것 같아서 주문을 했었는데 정확히 3번째 주문이었나...그때 다른동으로 배송을 해놓고 카톡으로 무슨 고객님 뭐 어쩌고저쩌고 배송 마쳤습니다. 행복하세요 뭐 이런식으로 하는데 어이가 없드만ㅋㅋ 그래서 배송 잘못됐다고 고객센터에 연락을 했는데 연락이 안되는거임 ㅋㅋㅋㅋㅋㅋㅋ 진심 겉만 번지르르하게 꾸미면서 배송의 가장 기본인 정배송, 그리고 피드백이 전혀 안되는 회사였다. 결국 난 그 배송품을 받지 못했고 제대로 따질라다가 그냥 영원히 여기는 상종 안해야지 하고 말았다. 저딴식으로 오배송한게 얼마나 많을 지 상상이 안간다. 컬리 저건 반드시 망해야 하고 또 망할 수 밖에 없는 기본이 안된 악덕업체임ㅉㅉㅉ",5,2024-10-18T15:11:08Z
@user-ssss2s,"애초에 계집들만 이용하지 않음????ㅋㅋㅋㅋㅋㅋ
계집이 대표면 생기는 문제임 ㅋㅋㅋ",0,2024-10-18T14:45:14Z
@백일주-i6l,대표가 경영 전문가가 아니고 투자 전문가이니까....돈놓고 돈먹기..,1,2024-10-18T13:03:54Z
@ZZABARI,그저 김슬아가 어리버리 투자자들 등골 뽑은거지.. 마약 배달이라도 안하면 조만간 청산할 듯..,1,2024-10-18T12:40:49Z
@DJcopylee,사긴 사지…쿠폰 10000원짜리 줄때,0,2024-10-18T12:20:30Z
@ahurared,4천3백억?? 돈이 썩어도나 오늘 내일 하는걸 왜 4300억씩이나 쳐주냐,0,2024-10-18T12:19:24Z
@라오스한인교민카페,"쿠팡에 싸게 넘기면 됩니다,",1,2024-10-18T11:26:23Z
@라지안투,"식품 뷰티 뿐만아니라 다른것들도 함께 핫딜처럼 터트리는 종합 마켓 플랫폼으로 가야하지않나 아마존같은 느낌으로..
그거빼곤 답없은",0,2024-10-18T11:11:49Z
@HtChoi-qk9xr,결국은 한놈빼고 다 망함 ㅋ,0,2024-10-18T11:02:51Z
@JamesLee-ll8ev,공부해서 남의 돈 빌려서 회사 운영하는 것만 하네,0,2024-10-18T09:54:07Z
@허기심-e3v,값이 비싸면 시엄마 떡도 안 사먹어요.,1,2024-10-18T09:35:12Z
@emmu1932,"컨설팅회사 출신이라 몸집부풀리기 전문이구나 엠디가 중요했번 예전 컬리가좋음, 지금은 뭐 오픈마켓같음",119,2024-10-18T09:21:35Z
@prettymagic78,초창기처럼 프리미엄으로 밀고 강남과 그 근교 부유층대상으로 고품질상품 및 희귀상품 공급하는 전략을 택했더라면 쿠팡에게 시장을 뺏기지않고 독자영역을 구축할 수 있었을텐데...,1,2024-10-18T08:59:49Z
@daebob,판매자 줄 돈으로 돌려막기 하더라 조만간 티몬따라간다 빨리 도망치는게답,5,2024-10-18T08:57:27Z
@히힛-f5z,컬리야 망하지마 컬리 없으면 안돼안돼,4,2024-10-18T08:53:07Z