작성자,댓글,좋아요수,작성일
@신제나-y3t,컬리 매주 시킴요. 오래오래 함께 하길 ^^,0,2025-09-21T15:32:23Z
@Djrjxus,나도 쿠팡에서 갈아탄다,1,2025-09-21T11:11:17Z
@moonblue1818,컬리 납품하는 업체들 조심해라. 위메프.티몬 처럼 사라지면 돈 못받는다.,1,2025-09-20T20:23:20Z
@eternity2442,고기사먹어보니 별로라서 다시쿠팡으로삼 컬리는 허풍이 쎈듯 뭐가 좋다는건지 비싸면 비싼메리트가 있어야지,0,2025-09-20T16:48:43Z
@youth9918,컬리만의 제품이 있어서 자주 사용해요 다들 더 활용해주길 ㅠㅠ 컬리 화이팅!!!,0,2025-09-20T15:08:02Z
@이태준-m2y,엑시트 시기놓쳤지뭐,0,2025-09-20T13:08:44Z
@장정화-m4f,쿠팡❤❤❤❤,0,2025-09-20T11:47:08Z
@염인선-h9o,MBA과정에 컬리사례가 추가될듯.과목내용으로😊,0,2025-09-18T20:44:12Z
@chan-g1y,포장이 고퀄이면 머하나?  적자인데!!계속 적자가 나면 포장부터 바꿨어야했다 거기서부터 비용을  줄여야 했다 쿠팡보면 모르겠나?  싸구려 비닐로갖다놔도 주문하는 사람은 계속 늘어나는중이다,0,2025-09-18T04:02:37Z
@이정동-r9h,컬리는 너무 비쌈,0,2025-09-16T14:01:39Z
@Allwehafw-q6c,원인은 하나지 비쌈 쿠팡보다,1,2025-09-16T09:24:50Z
@par-w6o,"대표가 무능한것도 아니고 나름 똑똑하고 철학과 소신이 있는 사람인듯 한데
시장환경이 녹록치 않아서 기업이 힘들어 진것 같아 안타깝네요
부디 잘되었으면 하네요",0,2025-09-16T04:55:48Z
@yooyoungjin7571,비약이 심하네.. 롯캣배송 이전과 이후겠지,0,2025-09-16T00:24:18Z
@훈남-e8f,미국키업이정복쿠파이다잡아먹는다믹ᆢ기업미국키업남조선에서천수시커라철수,0,2025-09-15T17:47:56Z
@일랑-t1e,"중국자본이 잠식한 컬리ㅜㅜ
좋아했는데...",0,2025-09-15T11:00:25Z
@현모양아치-c3n,"이제 컬리로 갈아타야겠어요
컬리만의 상품들 놓치지 않으려면",0,2025-09-14T09:18:39Z
@김폴-y8y,"전체적으로 
가격을 올리더라도 살아 남기를 바랍니다.
다른 플랫폼 보다는 컬리가 최고입니다.
난 그래도 이용할게요",0,2025-09-14T09:04:52Z
@제이비-n3w,진작팔지,0,2025-09-14T00:57:16Z
@koareangang11,주제모르고 깝쳣음,0,2025-09-12T23:26:52Z
@kjoooyoung,중간에 ipo준비한다고 품질관리제대로 안하는게 느껴져서 그뒤로 안씀,0,2025-09-11T19:00:53Z
@user-hm8nq1nm7n,한국은 뭐가 좀 된다 하면 여기저기서 다 따라하니 5년 버티기가 힘듦,0,2025-09-10T22:43:31Z
@이동진-j5e,가격을 팍 올려서 컬리이용자들이 이제는 도와야 할 때 입니다. 최소 3년간 3배 높은 가격으로 이용 유지해주세요.,0,2025-09-09T08:22:12Z
@user-ew1xy1rl8u,초심에서 더 발전했더라면  아성이 되었을 것을  수익을 내려하다보니 일반택배가 되었네😢😢😢😢😢,1,2025-09-09T05:14:29Z
@Sgfdghfc,난 컬리 사용중. 쿠땡은 노놉,0,2025-09-08T23:05:43Z
@똘건달래쌈용3초찍,끝났다,0,2025-09-07T21:21:39Z
@감사기쁨행복-p2e,컬리 흑자 났는데 이 영상은 무슨 의도로 만든건가요?,0,2025-09-07T15:01:04Z
@dryno-b5c,컬리만한곳이  있나???쿠팡도 겁나 까였었다,0,2025-09-07T12:09:56Z
@ja7xbzbsj_17,5:10 매출과 영업이익이 거꾸로 되지 않았나요? 도저히 이해가 안되는 상황이네요..틀린 정보를 제공하면 어떻게 믿고 이 채널을 볼지 ㅜㅜ,0,2025-09-07T02:15:58Z
@심영웅-n1g,할인쿠폰은 사기지😢😢😢,0,2025-09-06T10:57:08Z
@바올라-d6g,컬리 1주일에 한번 쭉 이용하고있는데 무슨일 있나요?,0,2025-09-06T09:20:00Z
@또잉-n9i,유이 달았다 이쁘네,0,2025-09-05T23:27:07Z
@이성욱-p9g,"난 컬리 좋던데
이런 영상 옳지 않아",0,2025-09-05T09:04:25Z
@seodongkyungdoong,컬리. 내기준엔 비싸요 비싸…,0,2025-09-05T00:06:27Z
@user-C1004,컬리에서 상품 받았을때 넘 기분좋더라고요. 컬리에서 주문해야겠다 생각난 김에,1,2025-09-04T15:51:41Z
@whose_mine,쿠팡이랑 둘 다 아용중이지만 특히 고기류나 유제품은 더 컬리에서 시켜야겠더라구요 더워서그런지 우유가 터질듯이 부풀어옴.. 컬리는 진짜 배송만족도 최고요!,1,2025-09-04T07:10:05Z
@Han-gf1fu,컬리 진짜 인정! 부디 롱런하길!,1,2025-09-04T06:46:29Z
@김미림-e1n,새벽배송? 새벽에 시키는 인간들은 이해가 불가능ᆢ택배기사들이 봉이냐,0,2025-09-04T03:49:35Z
@soojunglee895,컬리 좋은데…살아남았으면 좋겠다.,1,2025-09-03T23:16:03Z
@정승혜-c7w,컬리의 기업마인드는 최고입니다 오래오래 유지되고 성공하길 바래요,1,2025-09-03T23:02:00Z
@야심가-z2k,"숫자를 무시하면 안되는데, 경영을 너무 못 한 결과임",0,2025-09-03T14:22:59Z
@북극성-f8c,"쿠팡이 부족한것은 신선식품 품질이다
특히 과일 종류는 너무 품질 안좋음",1,2025-09-03T08:42:00Z
@국가스댕,쿠팡 의  독점. 막아야하는게,0,2025-09-03T04:14:10Z
@MSN38S,전지현 = 마켓컬리 그 자체,1,2025-09-03T03:13:23Z
@이스트9월,물건이 별로던데... 코로나때는 돈조금 더주더라도 밀키트나 새로운거 보일때마다 사볼까?해서 자주시켰는데 요즘은 외식하는게 더 만족도 더높음 신상품도 바뀌는게없는것같고,0,2025-09-02T22:58:47Z
@joym4362,"컬리만 쓰는데 제품들이 좋음
좋은제품들도 많고~
근데 컬리에서 굳이 화장품 옷을 왜사니
다이어트카테고리 하나 넣으면 좋겠더라
아 있나? 근데 묶음으로 팔면 좋겠던데
포두부 스파게티해서  토마토소스,포두부
머 이렇게~~아 이것도 비슷핫게 있나?ㅠ
근데 레시피도 보여주면서~
맨날 이전에 샀던거 또 살거에요?
물어보지말고~~아 그것도 필요한긴한데~

좌간 컬리야 힘내 
웬지 너는 믿음이 가드라",1,2025-09-02T21:29:59Z
@발업저글링,포장이고 품질이고 나발이고 그딴거 필요없고 미판매재고 폐기만 줄여도 흑자될듯 단순히 물건 떼와 마진붙혀서 온라인 단일유통으로는 100년 1000년이 지나도 흑자전환 어려움 결국 오프라인이랑 같이 돌려야함 온라인은 프리미엄으로 1차 채널로 남기고 부진재고 유통기한 임박품은 profit에서 cost로 넘어가기전에 오프라인으로 염가처분하던지 옴니채널 지금이라도 구축안하면 컬리는 역사속으로 사라짐 그리고 3PL 외주물류써가면 전국 커버하지말고 차라리 수도권만이라도 집중해서 자가 물류해야함,0,2025-09-02T11:48:46Z
@dwrkrioskangls,뜬금없이 화장품 사업 시작한게 정체성 흐려진 계기 같았음...,0,2025-09-02T06:48:34Z
@milacle8510,음... 저도 생각보다 컬리에서 살게 없어서 거의 사용안해요. 쿠팡은 식품보다 공산품을 많이 구매하는 편이라...,0,2025-09-02T01:49:57Z
@eyc1499,컬리는 정말 꼭 있어야하는데,2,2025-09-02T00:32:47Z
@미루tree,컬리 친환경포장 좋아요 컬리 계속 잘 이용하고싶어요,2,2025-09-01T21:05:32Z
@gucci9089,컬리 어이없을정도로 졸라 비싸서 한두번 아이쇼핑하고 바로 삭제 했는데 역시나 계속 적자였구나,0,2025-09-01T19:55:08Z
@황금손꾸락-f3f,쿠팡은 한두번 시도해봤는데 컬리랑은 비교불가임~~ 컬리 제발 오래 가줘,2,2025-09-01T16:46:19Z
@마트사랑,쿠팡이 다 망침,1,2025-09-01T16:26:06Z
@국한-s9z,여기 웃긴게 쿠팡이 전지역으로 새벽배송 확대할때 컬리는 수도권만 깔짝하고 나머지는 택배로 처리했는데 당연히 수도권은 새벽배송이 기본이라 수 많은 업체가 서비스해서 수도권에서는 새벽배송이 장점이 아닌데 꾸준히 수도권과 일부 지역만 새벽배송 하는거 보면 회사를 키울 생각이 전혀 없어보임 지방 사람들이나 새벽배송이 큰 메리트지 수도권 사람들은 겨우 기본중인 기본인 새벽배송 때문에 비싸기만한 컬리를 쓸 이유가 없으니 자연스럽게 도태되서 망하지,0,2025-09-01T10:48:04Z
@dystopia-f7w,"컬리에서 파는 해외 식료품이나 온갖 독특하고 재미있는 식재료, 신선함, 빠르고 깨끗한 배송에 자주 쓰는데 제발 망하지 않았으면 좋겠어요 ㅠㅠ 요리 좋아하는 사람들은 알거임.",1,2025-09-01T10:16:46Z
@sundayhi810,"식품의 수익 구조가 뭔지도 모르는 사람이 사업하네.
이그.",0,2025-09-01T10:14:42Z
@릴리-z5b,처음부터 위태했어.ㅡ,0,2025-09-01T01:41:00Z
@김동원-q5e,가격이 같은제품일때 쿠팡보다 너무 비싸요,0,2025-09-01T00:08:10Z
@카모마일-z7d,품질은 너무좋아요,0,2025-08-31T22:28:38Z
@코알라-u2b,요새 퀄리티 ㅈㄴ떨어져서 쿠팡이나 다를게없네 싶어서그냥 쿠팡으로 갈아탓는데 망하기직전이었구만,1,2025-08-31T22:24:41Z
@blissiel_H,"pb제품도 믿고 쓰는 곳은 코스트코랑 컬리밖에 없어요. 매주 쓰다보니 6년 째 이용중입니다. 서울 살다 지방으로 내려왔는데, 컬리 덕분에 주변에 슈퍼 하나 없어도 불편하지 않게 잘 먹고 잘 살고 있습니다. 식품사막이라는게 남의 일 처럼 느끼게 해주셔서 얼마나 감사한지 몰라요. 거기다 신생아 육아중이라 여기사 차타고 나가야 하는 마트까지 장 볼 시간도 없거든요. 정말 컬리가 없다면 어떻게 지금 살지 상상도 안가요. 번창을 진심으로 기원합니다🙏",0,2025-08-31T18:49:46Z
@뿌빠8282,쿠팡에서 과일 샀는데 쓰레기.. 컬리로 갈아타 볼까 싶음..,0,2025-08-31T16:33:07Z
@조재민-s1l,대한민국에서는요  말이 아닌 유니콘이여도  새가 아닌 피닉스여도  돈이 ㅈㄹ 많지 않으면 유니콘은 경주마가 되고 피닉스는 비둘기가 됩니다...,0,2025-08-31T16:20:46Z
@leelora209,"컬리는 카카오톡 선물하기랑 협업해보세요. 선물은 좀 좋은거 해주고싶잖아요.

솔직히 스타벅스 커피쿠폰 2만원보다
컬리 2만원치가 훨씬 좋을듯요",0,2025-08-31T15:18:38Z
@유느지느-v5z,쿠팡이무난,0,2025-08-31T13:38:44Z
@rudahkr,난 마켓컬리 저거 이해안됐는데 결국 망하네,0,2025-08-31T11:55:37Z
@김대영-m3h,컬리에서 취급하는 식품은 어느정도 퀄리티를 보장하기에 같은 비용이라면 무조건 컬리임,1,2025-08-31T11:51:10Z
@메리베리-e6n,컬리 없는 장보기는 생각도 할 수 없는데 ㅠㅠ 망하면 안돼요!!,2,2025-08-31T11:28:44Z
@lshswlee5520,컬리 진심으로 응원합니다,1,2025-08-31T09:05:16Z
@배꽃이춤을추는대덕면,"컬리는 기쁨이고 행복 입니다.
품질에 만족하고 너무나 기쁨니다. 김슬아 대표가 성장하고 보랏빛 환상으로 끝나는 것이 아니라 일상생활에서 늘 함께 할 수 있기를 바랍니다 !!!!!!!!
여성의 꿈을 실현시켜 주는 컬리♡♡
잘 되고 흥해라 ~ ~♡♡♡

                      😄😁",0,2025-08-31T05:26:31Z
@wongeunlee8326,쓰잘데기없는 연예인 마케팅 & 뷰티뭐시기 타령할때 망했다 봐야죠 모든 물건이 쿠팡이 더 싼데 누가여기서 살까요 ㅋㅋ,0,2025-08-31T04:41:51Z
@이-i3o8o,대한민국 오프라인마켓을 망가트린 시작,0,2025-08-31T04:27:55Z
@lclc9271,"저도 생협 자연드림, 초록마을에서 컬리로 갈아탔어요",0,2025-08-31T04:10:13Z
@lclc9271,"컬리가 다른곳보다 약간 더 비싸서 왜 굳이 컬리를 쓰나 싶어 몇년간 절댜 안썼는데 어쩌다 한번 써보니 왜 컬리를 쓰는지 알겠어요
신선식품들이 다른곳보다 훨씬 싱싱하고 질이 좋고 배송빠르고 멤버쉽 가입하면 더 이득
그리고 컬리 자체 상품들이 유해물질 없고 질좋고 저렴해서
컬리 자체 제조 상품들도 최애 구매템이 됐어요
인스턴트도 맛있는 제품들이 많아요
식품과 함께 화장품 생활용품들도 같이 배송받을수있고
요약하자면 컬리엔 유해물질 최소화하고 질좋은 다양한 카테고리의 제품들을 같이 샛별배송받을수있어서 아주 좋아요
그리고 멤버쉽 가입비 아주 저럼한데 가입하면
2만원 이상 무로배송이라 너무 좋아요
저도 이곳저곳 온갖  싸이트에서 다 장보던 사람인데 요즘은 컬리에 정착",1,2025-08-31T04:05:13Z
@마도면슈마허,"배송이나 포장상태가 우수한 건 맞으나, 각종 쿠폰이나 적립금을 다 먹여도 쿠팡이나 네이버보다 훨씬 비쌈",0,2025-08-31T03:12:11Z
@thopy-eb9zi,이런 도전하는 기업이 망한다는 게...참. 네이버 연대가 잘 되길...,0,2025-08-31T02:27:45Z
@tobe9074,"원래 컨설팅 출신들이 허파에 바람만 잘 넣음. 땀흘려 해본적은 없고, 글만보고 판단을 하니 변수에 대한 해안이 없음. 주변 컨설턴트 실무자와 다이뜨면 다 처참함. 껍데기",1,2025-08-31T02:12:21Z
@lovely-fs9sx,"컬리는 오래살아남았으면
컬리늘이용라는건 퀄리티가 다른게 차별화인데",0,2025-08-31T01:15:12Z
@bluesky00-j1r,"점점 덩치가 커지면서 식재료 품질이 떨어지기 시작.
여름에 폭립 주문해서 먹었는데, 가족 먹고 모구 식중독으로 회사도 못가고, 아이는 하도 토해서 위액이 나올정도로 아팠는데, 고객센터 답변은 어이없었음. 유통이 외주라
보험이 따로 없어서 주문한 식재료만 환불만 가능하다는 말 듣고 바로 어플지움. 컬리 초창기 맴버라 할인쿠폰도 많았는데 미련없이 어플지우고 코스트코 이용함.",1,2025-08-30T13:03:31Z
@mone1918,쿠팡 독점은 원치않는데 ㅠㅠ 컬리 힘내줘요,0,2025-08-30T10:51:13Z
@송순희-s9j,몇년전 나도 주문. 는데 물건값이 이마트 쿠팡보다 훨씬 비싸. 품질이좋은듯 문제는 상류층 상품 같고 비싸서 안사,0,2025-08-30T09:21:56Z
@시행호우,"좋은제품 잘쓰고 자고일어나면 전날 요리하다 없던제품 받아서 요리하고 출근할수 있어 편리하게 쓰고 있어서  계속 남아주길.
포장은 어떨땐 좀 과하다  싶을때가 있음.",0,2025-08-30T07:59:53Z
@leo-i8p7t,"레토르트, 밀키트 및 수입재료는 컬리가 괜찮음.  BUT 채소 과일은 로켓이 더 싸고 맛있음.  요즘은 주로 요리해먹어서 쿠팡 로켓을 애용",0,2025-08-30T06:46:52Z
@kmc7787,지금은 네이버랑 손잡아서 물량이 많이 늘었습니다 이제 슬슬 올라가고  있습니다 배송기사님들도 많이 투입되고 있습니다😊,0,2025-08-30T04:42:22Z
@또치-j5x,이런 회사가 있었남?,0,2025-08-30T01:32:06Z
@대검사,"전지현이 광고 하길래 거들따도 안봤음
전지현 싫어함",1,2025-08-29T21:49:02Z
@liebeangel344,카테고리 많아서 좋던데~ 컬리 너무 까네 4년차 컬리이용객인데 지방에서도 만족도가 높아요 쿠팡 쓱 물건이 안 좋아,0,2025-08-29T12:39:24Z
@su_jin0412,다른곳에서는 살 수 없는 맛집이나 특이하고 시간이 없어서 먹어보기 힘든 걸 살 수있다는게 컬리만의 특징이고 장점입니다. 부디 잘 되길 빕니다.,1,2025-08-29T02:29:47Z
@Lee7429-u3i,컬리 비싸긴 하지만 배송 포장 너무 마음에 듭니다. 망하지 않았으면 좋겠어요 ㅠ😢,0,2025-08-28T14:37:20Z
@파인-k3f,컬리 덕분에 편해서 자주 주문해요 쭉 가요,0,2025-08-28T14:33:43Z
@Chloe-u8l3,"버크셔K목살, 컬리에서 구할 수 있는 하몽, 치즈 등 고급 식재료 구매하기 좋아서 사용했는데 점점 이런 고급 식재료는 없어지고 뷰티컬리 강화하면서 저는 그만 쓰고 쿠팡 썼네요.. 그리고 새벽배송이라고 시간 대중도 없이 새벽 1,2시에 오면 아침에 일어나 보면 얼음 다 녹아서 재료도 흐물흐물.. 우삼겹이나 모짜렐라 가루치즈 이런거는 죄다 녹아서 서로 들러붙어 사용하기 어렵기도 하고. 이런 부분 부터 보완해야 할 것 같아요. 예전에는 미끼상품이 좋아서 불편 감수하고 컬리 썼는데 이제 미끼상품도 없으니 메리트가 없습니다. 우리 아파트 층 컬리박스 다 버려진지 오래",1,2025-08-28T04:55:10Z
@protectkorea1004,결국 가장 많이 차지하는게 인건비일텐데 컬리는 너무 인간적으로 대우해줬음  심지어 일할때 핸드폰도 제출 안한다며요? ㅎㅎ,0,2025-08-28T03:59:44Z
@Dreamer-1-w9g,저도 컬리 좋아요. 뭔가 믿음이 가요 퀄리티 면에서… 쿠팡은 저렴하고 더 편리한 점이 있지만 퀄리티면에서 그리 신뢰가 가는편은 아니에요.,0,2025-08-28T01:17:35Z
@sshag12,쿠팡을만나지 말앗어야지,1,2025-08-27T23:37:21Z
@mariasanta-l2w,"다들 착각하는 모양인데 가격비교해보면 컬리가 상당히 비쌉니다.. 다들 월정액 가입비내고 그냥 구매하니가 모르는거죠.. 뭐 쿠팡빠들도 마찬가지겟지만..쿠팡도 겁나비싸욬ㅋㅋ 아무생각없이 가격비교없이 한두번 비싸게 구매하면 월정액,배송비 커버하고도 호구되는거임",2,2025-08-27T15:02:36Z
@멋진그넘,김슬아가 대단한게 컬리에서 파는 제품들이 맛있다는것임.. 진짜 맛있음. 실패할 확률이 적음  그건 인정해야 함 그래서 컬리 안망하기를 바람,3,2025-08-27T12:52:37Z
@오일영-k5l,되긋냐? ㅋㅋ,0,2025-08-27T10:51:31Z
@chundavid6877,쿠팡새벽배송 과의 차이가?,0,2025-08-27T10:00:27Z
@kuhsset,"컬리 매니아지만,, 컬리가 발굴한 전용상품들이 많은데 수수료가 30%에 타채널 판매 불가 조건이 있어서 업체들은 나중에 결국 그 조건 종료 후 직판매로 전환해버리니 지속가능이 쉽지 않을 것 같아요 

공산품은 같은상품은 쿠팡이 더싸고 
과대포장이 아니라 더 편하더라고요",0,2025-08-27T08:38:00Z
@견우와직녀-v3q,"같은브랜드인데 
비닐팩도

쿠랑 재질이 완전
다르던데여

마켓이 오프라인에서
샀던 품질과 동일

택배상자도 
쿠는 큰택배상자는 냄새나고 너덜너덜 상자에서 벌레나올까봐 조심조심 긴장하게되고

그런점때매
좀 덜 주문하게됨ᆢ",2,2025-08-27T07:25:56Z
@박한-w1d,돈독 오른 쟤를 모델로 쓰니 그꼴이 난거야.,1,2025-08-26T22:17:41Z
@jp-mu1be,컬리가  디즈니나 뭔가  ott하나정도 쿠팡플레이  처럼   협업해야  한다,0,2025-08-26T19:27:46Z
@mookmook8869,트럭기사들이 힘들다는게 컬리인데 저변의 소리는 듣고 있는가?,0,2025-08-26T14:25:22Z
@edla-vv2tp,여기가 아직도 4천억임? 4천만원 아니고?,0,2025-08-26T11:36:28Z
@정지숙-t1t,"컬리 와 함께 아침을 시작하는
멤버쉽 고객 입니다
가족들을 위해 든든한 아침식사~
고 퀄  컬리 식품 만족 입니다",2,2025-08-26T05:25:23Z
@그래두나래두,이미 어쩡쩡하지,1,2025-08-25T19:46:40Z
@bungbbang2,컬리 없어지면 안돼요 ㅠㅠ,0,2025-08-25T15:20:35Z
@fog7956,게으름에 의해 큰 기업.,0,2025-08-25T13:45:46Z
@옥길동개미,"배송은 빠른데 며칠 간 먹을 샐러드 몇 통을 주문 했는데 다 유통기한 하루 이틀 남은 것들이 오더라 그게 반복되니까 
이제 주문 안함 가격도 비싸고",2,2025-08-25T10:43:09Z
@나야-w4p,"컬리 애용자로써 제발 망하지말길
아주좋다.",0,2025-08-25T08:02:06Z
@bryan2759,쿠팡보다 컬리 품질이 좋지,0,2025-08-25T03:10:22Z
@Greenday-Homecoming,"제 생각에는 이런저런 기업들 망하게 하고 그 자리에 중국 기업이 들어오게 배후에서 조종하는 느낌입니다. 한국은 정치,경제,안보,문화,교육,법조계,노동계 거의 모든 부분이 중국에 넘어가는 중이고
곧 리찌이밍 수령님에 의해서 한국은 산채로 중국에 제물로 바쳐질 것입니다.
눈이 있고 귀가 있고 뇌가 있다면 현재 진실을 보도 하지 않는 뉴스 매체들의 실체를 깨닿고
진실에 관심을 가지기 바랍니다.",0,2025-08-24T14:09:11Z
@Leo-fb9bi,"쿠팡보다 포장질이 좋은건 인정.
하지만, 포장질이 같은 상품의 질을 상승시키진 않는다. 그리고 쿠팡보다 턱없이 상품 다양성 부족.
오아시스는 컬리의 포장과 맞먹을정도로 깨끗 완벽포장 신선도 최고임.
결국 컬리아닌 가격이 나은 나머지 회사들로 옮겨버림.",4,2025-08-24T12:21:17Z
@정승호-n8c,5:06 매출과 영업이익이 반대로 쓰여 있네요,0,2025-08-24T11:25:03Z
@어린나무-99,"초심으로 돌아가고,
이익이 남을 만큼 더 비싸게 서비스 해라 
매출보다는 이익에 중심에 두고 초기 마인드를 서비스한다 는 전략으로 돌아서라",0,2025-08-24T06:13:15Z
@Noking-z3q,"컬리가 스타트업 기업이라면 
쿠팡이 카피의 신 롯데였음...",0,2025-08-24T04:15:38Z
@woohyunlee1,"단 한마디.
경쟁력 없음.
끝.",3,2025-08-23T15:49:02Z
@zwei8223,"오래 버텼다. 글구 난 한번 써보고, 과대포장때문에 다신 안씀.",1,2025-08-23T11:18:08Z
@Da-c9x,에휴~~ 결국 죽 쒀서 개 줬네,0,2025-08-23T08:50:28Z
@와플-s5d,거의 쿠팡만 쓰고 컬리는 잘 안써봐서 모르는데.. 쿠팡도 요즘에는 싸구려 제품에 판매자배송(무료반품 안되는)같은것들 끼어들어오면서 난잡해진 분위기가 있긴함..,0,2025-08-23T05:08:04Z
@keunyoungchoi3373,초창기 컬리멤버인데요..물건은 다양하고 매우 좋지만..요즘 컬리는 오배송에 손발이 안맞는 느낌이 확 들어요..위기인가?? 생각함~!!!!,0,2025-08-22T16:58:22Z
@uhh487,신선식품 품질은 컬리가 제일 나은거 같던데.,0,2025-08-22T15:55:19Z
@fdfeati,컬리 포장이 너무 과해서 안 쓰게 되요. 쿠팡처럼 다회용 프레쉬백이 제공되있으면 좋겠어요.,1,2025-08-22T13:51:47Z
@이민진-z4m,주부들의 삶의 질을 높여준 최고의 기업인데 계속 잘 됐으면 좋겠어요🙏,10,2025-08-22T13:44:07Z
@차알수,"가락시장을 강남온라인으로 하자는건데
군대상사만 와도  안되는걸 아는 시장입니다.
차라리 유제품배달시장을  장악했어도  상장기업되

이건 전략의 완전부재",0,2025-08-22T13:09:19Z
@보라보라쭈-q2x,"컬리에서만 살수 있는 상품이 있고, 상품도 좋은데 ㅠㅠ 힘내세요 ㅠㅠ 쿠팡 안씁니다 ㅜㅜ",0,2025-08-22T13:02:35Z
@klavierliebe1028,컬리와 쿠팡의 차이는 반품유무와 절차임 쿠팡 따라가기 어려움,2,2025-08-22T05:41:15Z
@석유산업,댓글보면 아직 응원하는 비율이 높으니 바로 망하진 않을듯,1,2025-08-22T03:34:24Z
@형이다-j4h,솔직히 신선제품 자체는 컬리가 쿠팡보다 훨씬좋드라,2,2025-08-22T01:16:08Z
@Smore-i9h,중국자본...컬리,1,2025-08-21T23:44:23Z
@jaewookim1947,"안타깝지만 쿠폰이나 날아와야 가는게 컬리임. . 
1. 우선 가격대가 너무 비쌈. 특히 신선식훔은 더함
2. 쿠팡 프레쉬는 15000 무료, 기타 품목도 무료가 많은데 컬리는 4만원부터 무료. . ㅡ.ㅡ 누가감??
3. 컨셉을 확실히 잡아야함. 먹거리는 컬리! 가 되어야는데 너무 새벽 배송만 외쳤음. . 



결국 경영도 문제지만 소비자가 왜 떠나는지를 분석해야함",2,2025-08-21T23:35:47Z
@의열단-h4h,주문하면 그다음날 새벽에 배송해주는 샛별배송이 너무 좋던데.. 그러면서 한편 배송하시는분 너무 힘든거 아닌가도 생각들어서...,1,2025-08-21T23:01:23Z
@vete3278,흡사 번개탄,0,2025-08-21T14:59:42Z
@davidkwon7545,"컨설턴트 출신으로 창업하여 롱런하는 비즈니스맨은 찾기 힘들다.
왜냐고? 컨설턴트기 때문.",2,2025-08-21T11:04:11Z
@누리-y9u,제품은 월등히 좋은데 비쌈ㅠㅠ 불경기이다 보니 어쩔 수 없이 질이 떨어지더라도 가성비를 찾게됨 ㅠㅠ 질 좋고 싼건 없음 이것이 컬리 딜레마일듯,0,2025-08-21T09:40:59Z
@카푸치노-n9u,퀄리티가  좋아 상품모두 만족한다!,1,2025-08-21T08:27:10Z
@카푸치노-n9u,컬리 애용한다!   천퍼 만족이다!,2,2025-08-21T08:26:22Z
@soso5079,"컬리 초창기에는 잘 이용함. 퀄 좋고 새벽에 배송되서 좋았음. SSG도 새벽배송했는데 비슷한 가격에 컬리의 퀄이 더 좋아서 컬리 썼으나 지금은 채소 퀄도 별로고 쿠폰을 줘야만 한 번 들어가서 보는데 K머시기 붙은것만 쿠폰 쓸 수 있고 그게 알뜰가격이라는데 그닥 싸지 않음. 자주 먹는게 브콜, 파프리, 채소, 소고기 등인데 지금은 퀄리티가 너무 안좋아서 쿠팡에서 샀고 쿠팡은 과일 맛과 퀄이 별로라서 홈플에서 삼. 그리고 플래폼 회사들 모두 양심적으로 난각1도 아니면서 무항생제라고 붙여놓고 비싸게 팔지 않았으면 좋겠음. 무항생제가 난각1은 아니고 항생제를 안썼다 뿐이지 사육장 상태가 3인 것도 있음.",7,2025-08-21T04:14:46Z
@tenbaggerich,마켓컬리 어제 주문했는데 새벽4시에 배송완료라는 문자 받고 아침 7시 반에 나가봤더니 택배가 없음. 옆집에 오배송인가 가봤더니 없어서 고객센터에 전화했더니 오배송이라 환불해준다 하네요. 그리고 끝. 아침식사 망침.E마트나 가야겠다..,1,2025-08-20T23:26:47Z
@DeadPan_Tuna,쿠팡도 귀인 못 만났으면 적자로 터졌을듯,1,2025-08-20T22:16:45Z
@핸들qwer,솔직히 사업가 이야기 안 궁금함. 큰 하자 없으면 신경 안씀. 노동착취 위생 불량 이런거 없으면 합격임.,0,2025-08-20T17:54:36Z
@chrislee9636,"쿠뻥도 마찬가지다.
초창기의 적자가 지금도 매년 차곡차곡 쌓여왔을 것이다
덩치가 너무 커져 걍 냅두거나 해서 굴러가는거지...
사람 생명을 개똥 취급하는 기업은 오래 못간다...
본사 경영+사무직들만의 돈잔치도 머잖았다.
안녕, 쿠뻥,,,
그나저나 성우 목소리 멋지다,,,",3,2025-08-20T04:00:46Z
@카푸치노-u4v,컬리 응원합니다!!힘내세요!!,1,2025-08-20T02:30:00Z
@유우-v7q,컬리 제품 좋고 컬리에서 산건 실패가 별로 없다 질 좋고 맛있는데 !! 컬리 망하면 안돼에,1,2025-08-19T23:35:15Z
@모모소리,1년 안에 망할 듯,0,2025-08-19T23:32:39Z
@민성김-p7z,쫌 비싸더라...,0,2025-08-19T23:10:02Z
@Bon7909,뭔 김슬아대표 찬양 일색이네.  나중에는 위인전까지 쓸 기세네요,1,2025-08-19T14:04:32Z
@747scoop4,4000억도  크네,0,2025-08-19T11:33:00Z
@seabase5908,경기가 망해서그래.안 망하면 쿠팡이 될 회사야,0,2025-08-19T07:41:47Z
@vincentkim5416,철학을 포기하지 마세요,0,2025-08-19T03:59:32Z
@angrybuzzer,사실 쿠팡도 상품에 대한 신뢰가 너무 낮아져서 위험해보임,2,2025-08-19T03:09:53Z
@cieljiae,컬리 배송상태나 포장상태 엄청난 고퀄이에요 쿠팡이런거랑은 비교가안되는데…오래 가주세요🙏🏻,245,2025-08-19T02:59:59Z
@flowyourself,댓글 알바 동원했나? 솔까 요즘 누가 컬리 쓰냐? 컬리의 가장 큰 문제점은 판매 품목이 너무 적고 비쌈.. 쿠팡만 쓰게 됨,0,2025-08-19T00:00:38Z
@HRA-uf5by,동네  망한 카페들도 전부 세금 및 매장 임대료 지급전   흑자여 ㅋ ㅋ에비타로 말장난하네,0,2025-08-18T22:02:38Z
@my-precious-item,너무비쌈. 이거면 말 다했지,0,2025-08-18T21:24:17Z
@BigFan_0719,컬리는 서울 경기로 배송권역을 줄여서 쿠팡이랑 경쟁해야됨.,0,2025-08-18T18:23:51Z
@oze6498,"컬리가 배송도 좋고, 포장도 좋고, 제품 퀄리티도 좋음",6,2025-08-18T15:04:05Z
@oze6498,"컬리가 제일 좋은데, 잘 되었으면 좋겠습니다.",2,2025-08-18T15:02:49Z
@주나이퍼-o1d,안타까운..이것이 한국 시장의 상황..,0,2025-08-18T14:11:37Z
@user-shooi-b9x,"투자자 다 돈 날리고, 전지현만 돈 벌었네...",0,2025-08-18T14:06:40Z
@호미르스,이 영상은 대금정산 .... 제 2의 티몬이 될수있다? 위험하네요,0,2025-08-18T10:43:40Z
@김진희-z1z,쿠팡한테 아이디어만 준 셈,0,2025-08-18T05:28:31Z
@미소미소-p8f,쿠팡이 다 잡아먹어버린거지....보나마나,0,2025-08-18T05:23:18Z
@aesae-rt,더본코리아보다 훨씬 가치있는 기업인거 같은데... 독두꺼비는 상장에 성공하고... 여기는 기업이 힘드네. 돈을 적게 뿌려서 그런가??,0,2025-08-18T03:35:35Z
@sueuuud45idiuzss,비싸요,0,2025-08-18T03:07:48Z
@didiq,"장기적 성장? 풋. 김슬아 연봉봐라. 고액 연봉 미국도 사업초기 힘들 때는 저 연봉으로, 개고생하면 회사 키운다. 흑자 한 번도 못한 기업이....",0,2025-08-18T01:34:57Z
@브로콜리냠냠-e5q,"난 뷰티컬리 잘쓰는데.. 
식재료 외의 커리큘럼 넓힌거 
완전 편했음 

거기에 
배송 상태보면 타 업체랑 비교 많이 됨

고급화 이미지에 맞게
컬리는 여전히 식재료 깔끔하게 오고 
백화점 안가도 되서 좋고


컬리 망하지 마 ㅠㅠ",0,2025-08-18T00:38:25Z
@maverick-Kay,쿠팡이 제2의 컬리가 될거임,0,2025-08-17T22:43:34Z
@Mimi-k3f5h,컬리에 대해서 그만 좀 조회 수 우려 먹어라. 쿠팡도 사실 흑자 난 게 몇 년 안됨. 이련 결과론적인 분석을 해서 뭐가 도움이 된다는 건지.,0,2025-08-17T21:15:55Z
@김별-x8c,컬리 쉽지 않다.,0,2025-08-17T20:13:47Z
@ajaegag3896,우리 회사가 컬리와 콜라보 중 서로 부족한걸 보완할 수 있다면 분명 성장할 길이 보임,0,2025-08-17T17:27:31Z
@한투르,컬리 배송 진짜 좋은데 쿠팡은 새벽배송 아닌 날도 많지만 컬리는 진짜 칼같이 가져다 줌,0,2025-08-17T15:41:56Z
@yangsungmok984,나라면 전국보다 서울경기도에서만 영업했을텐데,0,2025-08-17T14:26:48Z
@alicek2051,마컬에서만 파는 품목이 많고 수입품들은 동네 마트들보다 쌈,0,2025-08-17T14:01:09Z
@아기곰순이,"컬리는  결국  망하게 될 수 밖에 없지,,,처음부터  추격자의 추격을  회피할 전략이 없었지.....",0,2025-08-17T13:21:30Z
@jindao600,"컬리에만 파는게 있는데...
심지어 최저가도 많음
난 코스트코 대체용으로 컬리 씀",0,2025-08-17T13:16:36Z
@김칠이-k2n,"컬리 와 쿠팡  이게 보여주는게 우리나라 시민의식 이다.  영상에서 자꾸 컬리가 퀄리티 를 놨다 라고 하는데, 웃기는 소리다.  다른 어디에서 시켜도 상태를 하나하나 본다.  쿠팡은 시키지도 않는다. 워낙 상태가 않좋은게 섞여들어오는 경우가 많아서...  하지만 컬리는 상태를 보질 않고 그냥 냉장고에 전부 넣는다.  상태가 좋거든,   그리고  박스도,  종이테이프를 쓴다. 이게 분리수거할 때, 얼마나 편한데, ㅋㅋ.  니가 컬리를 사용해봤냐.  안해봤으면서 영상 만들기는,,,,,    그냥 몇백원 더 싸니까 쿠팡에서 시키지.  처음부터 사람 죽어나가고 지금도 온갖 악질적인 노동환경 따윈 개들이 하는거고 난 몇백원 아끼니까 쿠팡 선택하지. ㅋㅋ  이게 우리나라 시민의식이다.   최소한 사람이 죽어나가는 회사 제품은 안써야 하는데 말이지. 그냥 몇백원 아낀다고  쿠팡쓰고, 제품도 제일 않좋다. 신선식품은 물론이고,  영양제 봐라.  가짜가 ㅋㅋ  뭐 그래도 좋다는게 우리나라 시민이다.  결과적으로  쿠팡은 우리나라에 센타 열고 일하고 회사는 미국에  설립한건 아주 잘한 선택이다.  미국에서  이럭게 물류센터 운영해봐라 사람 죽어나가는 물류센타 해봐라.  바로 회사접고 수백년 감방간다.  우리나라니까. 이래도 되니까 가능한거고,   컬리는 미국에서 사업했으면 대박났을 기업이다.  하지만 한국에서 하고있지.  개인적으로 감사하다.  찌질하게라도 최소한이라도 운영했으면 바란다.  이런 품질은 어디서도 없다.   참고로 컬리는 광고를 잘 못하고 있다.  왜 철학이라며  맞벌이 주부가 바빠서 라며,  퀄리티 높아서 시간 절약해주고  쓰레기까지 쉽게 버리게 만든 시스템  고객을 생각하는 시스템  이런걸 홍보해야지.   아 그리고 우리동네만 그런지 몰라도  컬리배송차는 전기차 다.  배송업체중 e마트 와 컬리  두군데만 전기차 다.",0,2025-08-17T12:46:58Z
@mingandcook7485,컬리 파이팅!!!❤,0,2025-08-17T12:02:49Z
@아이가릿-w8w,마켓컬리 팔려고 몇년전 시장에 나왔는데 무산된 시점부터 이미 힘들다고봤음,0,2025-08-17T11:35:19Z
@송근호-o7s,목소리가너무커서놀랐어요,0,2025-08-17T11:14:49Z
@Jjjkkk9,나레이션 사람인가요 tts인가요? 뭐가 묘하네요,0,2025-08-17T11:04:51Z
@Mingki_happy,"우오ㅏ, 새벽의 여왕은 기나긴밤을 이겨내고 아침을 맞이할수있을까요.ㄷㄷㄷ언어 마술사",0,2025-08-17T09:46:38Z
@징징-u1m,망한 사업모델맞음... 쿠팡 쓰면됨,0,2025-08-17T09:17:25Z
@nkodpwmx,컬리도 얼마안남았네;;; 망할듯,1,2025-08-17T09:09:15Z
@Jay-eo7ov,컬리 이것저것 다른 것도 살 수 있어서 좋던데.,0,2025-08-17T08:32:28Z
@Jay-eo7ov,컬리 품질 좋음. 포장부터 쿠팡과 다름,1,2025-08-17T08:29:43Z
@starry쵸이,"로켓안되는데선 컬리 유용하게 잘 쓰고 있음,,,",0,2025-08-17T05:18:26Z
@SJ리치,컬리 새벽배송 좋아요,0,2025-08-17T03:02:01Z
@dear2025,이미 수익자는 있었다,0,2025-08-17T02:58:19Z
@돌돌이-h7o,나도 1조 투자해주면 매출 2조는 찍어요,0,2025-08-17T02:26:17Z
@지니사랑-c2n,컬리의 식자재 신선도며 퀄리티는 다른곳과 비교불가입니다~비싸도  그만한 가치를 한다고 봅니다.다양하고 고급진 식자재가 많아 쇼핑하기 너무 좋은곳인데.... 컬리 진심으로 잘되었으면 좋겠어요,45,2025-08-17T01:34:50Z
@타조알과초코송이,"8월17일 현재  애호박 1개 시장 500원
                         집앞마트        800원
                          컬리 20%   1,590원
적당히 차이 나야  시키지",0,2025-08-16T20:54:38Z
@타조알과초코송이,양 적고 비쌈.,0,2025-08-16T20:45:23Z
@팍투-e8i,"망하는게 당연하지
기본적인 존재의 최소한의 서류계약 조차 안지키는 정신나간 회사
가입할때 분명히 모든 광고 선택사항 다 거절했는데
문자로 쿠폰있다고 언제까지 쓰라고 문자 보내는 회사인데 잘될리가 있나
그것도 몇번이나",0,2025-08-16T20:31:25Z
@사과꽃-g3m,컬리 너무 비쌈,0,2025-08-16T18:48:02Z
@피카피카-c6g,너무 비쌈. 비슷한 품질이거나 조금 나은 정도인데 쿠팡 플래쉬의 가격과 너무 차이가 남..굳이 이 돈 주고? 먹을 사람도 있겠지만 대부분은 그렇지 않다는 거. 그냥 특정 계층에만 파는 포지션으로 바꾸면 될텐데 그러자니 또 비용이 더 올라가겠지.. 즉 없어질 기업임. 쿠팡 독식으로 게임 끝임.,0,2025-08-16T17:13:45Z
@스미스요원-h8f,몇년안에 망한다. 쿠팡과 경쟁이 안됨.,0,2025-08-16T13:53:24Z
@inny-e9m,컬리만의 매력이 있는데... 주변에 이용하는 사람들이 적긴해...,0,2025-08-16T13:49:04Z
@마주차삐까,역전은 당했지 힘은 다빠졌지 재역전 불가능,0,2025-08-16T13:46:03Z
@jaepark5642,근데 자막이 정말 촌철살인입니다. 스크립트 만드신 분 존경합니다. 맘과 귀에 쏙쏙 박힙니다.,0,2025-08-16T13:30:02Z
@TERA-c5x,컬리 망하면 안되는데…..,0,2025-08-16T13:27:39Z
@알렉스-y9c,참 참  허 허,0,2025-08-16T11:48:26Z
@existir-vc8zw,대한 민국 법치로는 절대 불가능  하다.,0,2025-08-16T09:43:03Z
@acepower2978,"혁명의 뒷모습... 새벽유통의 문제점...  사람의 손을 거쳐야 하기에 너무나 큰 단점을 야기할수밖에 없다. 인간은 기계가 아니다.
 아침 따뜻한 베이커리도 마찬가지... 인간이 개입된 새벽 업무은 언제나 문제가 발생할수 밖에 없다.... 왜 취침해야 하니까...",0,2025-08-16T08:57:43Z
@간지마녀,컬리가 확실히 유니크하고 퀄도 좋아서 항상 애용하는데 퍼플박스라는 아이템도 좋아서 ..흑자는 아니더라고 꾸준히 성장해서  적자에서 벗어나길 바란다 그리고 망한다는이야기는 2년전에도 나온이야기라...매년 유튭에서 이런류에 찌라시가 도는지...,1,2025-08-16T08:02:44Z
@라니-z9b,난 초창기에 얘들 포장지보고 주문끊었다,0,2025-08-16T06:54:42Z
@user-qf8do8ls4v,컬리만 이용하는데 쿠팡도 여러번 써봤지만 컬리만한게 없는데ㅜㅜ,2,2025-08-16T05:43:55Z
@jwk9074,"컬리가 좋은점이 많지.

그러나 보편다수의 시장진입에 실패했음.",0,2025-08-16T05:38:18Z
@tans-s6j,이 시장은 쿠팡이 먹었음. 그 외 택배사는 잔찌끄래기만 수집중..,0,2025-08-16T04:31:22Z
@user-uc7ow3tu3n,현실적으로 쿠팡 상대가 안됨. 쿠팡 질 나쁜 제품 많다는데 현실적으로 리뷰 좀 있는거 사면 제품 질 좋음. 그리고 쿠팡은 압도적인 고객 서비스가 있음. 배송도 빠르고 확실하고. 상대가 안됨,0,2025-08-16T04:14:00Z
@고슴도치1352,컬리 초기엔 직접 md들이 현지 직송으로 다른곳에서 못사는  식재료라는 장점. 좀 비싸더라도 다른 식재료라 샀는데 어느순간 컬리 식재료는 비싸고 맛없고 유니크한 비싼 쓰레기가 되가고 있음,0,2025-08-16T03:21:07Z
@moneyteamkim6208,컬리수박 진짜 존맛이다,0,2025-08-16T02:54:18Z
@martinkim7684,"직원들 명함에도 쿠폰이 있던데 좀.. 쿠폰시스템 개편이 필요함
정가에 사는 고객이 호구",0,2025-08-15T22:31:40Z
@차차차-u3q,컬리 화이팅,0,2025-08-15T15:24:49Z
@JMilee435,"난 쿠팡 안씀, 컬리만 씀. 식품 퀄리티가 다르고 다른데 없는 브랜드들도 많아서 장보는 재미가 있음. UI도 깔끔하고 도떼기시장에서 장보는 느낌이 아니라서 좋음!그리고 컬리멤버스 가격도 저렴함. 1900원으로 혜택이 많음. 개인적으론 멤버스 가격 조금 더 올려도 되니 회사가 오래 유지되길 바라는 마음임. 컬리 부디 오래오래 사업하길~!!",36,2025-08-15T13:03:22Z
@최은영-k7j3c,"바쁜 워킹맘이었던 제게도 샛별배송은 정말 없어서는 안될 온라인 신선 마트였어요. 근데 지금은 쿠팡과 오아시스로 옮겨간지 오래.... 슬아 대표님이 추구했다는 신선함의 끝판왕은 오아시스가 컬리보다 더 저렴한 가격으로 제공했고, 편리함은 쿠팡을 따라갈 수 없었고, 다른 사람이 댓글 쓴 것처럼 더 많이 쓰면 쓸수록 더 고객 대접을 해 줘야 하는데, 쿠폰은 안쓰는 사람을 위한 도구로 쓰니 그나마도 남아있던 컬리에 대한 충성심이 사라졌다고나 할까. 아직 친정에는 가끔 컬리로 먹거리를 보내 드리기도 하지만, 그도 얼마전 쿠팡으로 바뀌었기에, 초반 컬리 상자가 가득했던 시절을 생각하며 아쉬움을 가지고 이 영상을 봤네요. 특히 이것 저것 올리브영도 아닌 신선마트도 아닌 정체성 없는 컬리라는 부분이 너무 와 닿아요. 컬리 다시 재건해 주세요~ 여전히 저는 어필할 시장은 있다고 봅니다. 여전히 바쁜 워킹맘.... 성장기 아이에게도 또 고단한 부부에게 먹거리는 정말 큰 고민이에요. 밀키트도 거의 질렸고, 반찬가게도 몇 번 먹다보면 ㅜㅜ 음식배달은 믿을만하지도 않고, 또 시킬 게 별로 없고, 마지막으로 반찬 딜리버리해 주는 곳을 찾아 시키고 있지만 여전히 고민이 많아요. 건강을 생각한, 편리하지만 신선한 먹거리로 다시한번 감동을 주세요 ~~~",2,2025-08-15T12:52:26Z
@jaeoh2939,컬리가 가격을 쿠팡처럼 낮추는 시스템을 가지는 순간 쿠팡은 망한다. 이건 진리임. 그리고 물건 퀄러티 측면에서 컬리는 보증된 신선도 잇는 식품만 취급함. 그것도 진리. 그래서 난 음식은 절대 쿠팡으로 않산다. 컬리로 주문하지.,0,2025-08-15T10:21:54Z
@레빈-p5v,컬리 그냥 짱개회사라고 보면됨.. 없어져도 아쉬울거 1도없다,0,2025-08-15T10:19:34Z
@unsunghero6606,네이버랑 합쳐랑,0,2025-08-15T08:43:19Z
@홈런왕-h1w,그게 돈이 되겠어? 이 한마디가 다 대변해주는 거지 뭐.,0,2025-08-15T08:14:23Z
@하하호호헤,이커머스 시장 자체가 마지막 까지 살아남는 사람이 다 먹는 구조라 결국 버티지 못하면 사라지는거죠 뭐,0,2025-08-15T07:30:23Z
@주랑누아,"판매자들 하루 빨리 발 빼시길.
제 2의 제 3의 티메프 사태 남.

똑같은 상품 쿠팡 vs 컬리 비교하면 거의 쿠팡이 좀 더 쌈.
컬리를 이용할 이유가 없음.
컬리가 정말 간혹 1만원 쿠폰 2~3만원 이상 시킬시 사용가능.
이거 뿌릴때만 컬리 이용함. 
그냥 쿠팡에 비해 메리트가 전혀 없음.",0,2025-08-15T07:29:49Z
@rain8551,바짝 줄이고 노동자들 싹다 라이팅 해주고면서 최저임금만 주고 피까지 팔아 먹으면 된다 내가 지금 피까지 먹히고 있서 살려줘,0,2025-08-15T07:12:20Z
@asjdnj,부잣집 아씨 취미생활 자알 하셨지.,0,2025-08-15T06:47:56Z
@찍찍-z3s,백화점에서 살수있는 고퀄리티 식품 제품들을 빠르게 받아볼수있어서 너무좋죠!,35,2025-08-15T06:39:02Z
@jin1191,컬리 잘됐으면 좋겠다...,0,2025-08-15T06:00:43Z
@김삿갓-z4q,이래서 영익과 순익을 봐야함. 매출만 강조하는 기업들은 다 이유가 있는법이지,0,2025-08-15T05:54:22Z
@하창도-r4s,잘됬으면 좋겠는데 쿠팡의 경쟁사는 있어야하는데,0,2025-08-15T05:26:12Z
@조윤재-o4w,쿠팡보다 비싸고 종류가 다양하지 못함,0,2025-08-15T05:21:36Z
@sungjeong-k6m,컬리가 밀키트가 훨씬 좋긴함. 쿠팡은 마트용,0,2025-08-15T03:51:17Z
@Bibimbabgood,"컬리가 살 방법은 딱 하나, 최상급 식자재만 취급하는 플랫폼이 되어야 합니다. 그리고 PB상품도 개발",77,2025-08-15T03:21:40Z
@신정원-e6z,컬리가 물건 질은 좋은데~~,1,2025-08-15T02:24:37Z
@뚱땅-h5o,"새벽배송 안되는 지역이지만 오아시스보다
품목이 많고 해외 다양한
상품들을 접할 수 있어서 좋아용",0,2025-08-15T01:58:49Z
@감자탕먹늉,쿠팡이 독점하면 안되니까 하나 사주러 가야겟다,0,2025-08-15T01:38:35Z
@fathercookie4969,"컬리는 퀄리티입니다. 제품 받아보면 그 차이는 바로 알수 있습니다. 좋은 품질의 업계가 살아남아야 하는데, 잘 되었으면 좋겠습니다",9,2025-08-15T00:26:04Z
@나올때가됐는데,"퀄리 좋치만 요즘 다른 곳도 퀄이 좋고 
대체적으로 비싸고",1,2025-08-14T23:24:18Z
@mppsi793,"꾸준히 이용하는 고객인데 뷰티컬리 쪽 확장이 무리수였던 것 같아요
식품은 컬리만의 믿음이있는데 화장품이야 뭐 다 똑같으니까 가격 싼데서 사게 되는 거죠..",0,2025-08-14T23:03:39Z
@프리덤-c3m,좋아하는데 오래가야하는데,0,2025-08-14T22:08:59Z
@seemir,"식품 배송 처음 구매했던 곳이 컬리인데, 어느 순간부터 앱 클릭도 안 하게 됐음.
컬리, 이마트, 하나로마트 깔짝깔짝 쓰다가 이젠 99%(1%는 토스쇼핑, 알리 정도) 쿠팡에서 구입함.
가격도 가격이지만 대충 공동현관에 던지고 가는 다른 업체보단 문앞까지 무조건 배달해주는 편의성, 프레시백 문앞에 놔두면 몇 시간 뒤 바로 수거해가는 등으로 쓰레기 없이 간단히 해결해주는 것 등.
쿠팡을 이길 수 없음",2,2025-08-14T21:51:13Z
@waterss-d9z,쿠팡은 써도 컬리는 써본적 없음ㅋㅋ 뭔가 쓰기싫음,1,2025-08-14T21:01:12Z
@색즉시공-z6k,진심 컬리라는 회사 오늘 첨알았음..😮,1,2025-08-14T20:19:47Z
@마이클현,컬리=과포장 =포장재 쓰레기가 너무 부담스러움,1,2025-08-14T20:05:43Z
@MeMechanicJK,일단 다른곳보다 가격이 높고 원하는게 없음. 계속 사용하는게 이상한 사람 아닌가 ???,2,2025-08-14T19:09:04Z
@chosm7020,그래도 컬리에서만 살수있는게 있다..믿을만한  플랫폼이라는 느낌. 난 응원한다❤ 지금 주문중인데..아쉽네,43,2025-08-14T17:36:59Z
@Leven_mimi,컬리 좋았는데 숨넘어 갈것같다. 쿠팡이 좋타 미안타..,1,2025-08-14T17:07:50Z
@야미2t,"댓글들 보면 컬리 좋으니 망하지 말아 달라는 말들이 많은데
여태 흑자를 못낸 것 보면 가망 없다고 보는게 맞음.
지속적인 적자...자본잠식은 많이 줄였지만
새로운 게임체인저가 나오지 않는 이상은 성장동력을 잃었다고 보는게...",0,2025-08-14T15:53:07Z
@BJencyclopedia,저번에 방송에 나와서 칭찬 릴레이 하더니 거짓 선동이였군,0,2025-08-14T15:02:14Z
@판라-h4f,유통에 참 진심이고 퀄리티에 진심인데...규모의 경제에서 쿠팡에게 밀려...,0,2025-08-14T14:50:28Z
@special-etc,내가 컬리 엄청 팔아줘서 망할일 없음,0,2025-08-14T14:25:04Z
@franken.2564,인재 영입에 조금더 관심을 가져야될 것 같습니다. 채용 경험이 너무 좋지 않아요.,0,2025-08-14T14:21:55Z
@박선희-u1h,오아시스가 더 품질좋고 싸서 요즘 컬리 안들어가요. 맴버십 해지하려고요.,0,2025-08-14T13:22:27Z
@chae945,언제부터 썼는지 기억도 안날 정도로 오랫동안 컬리를 쓰고 있고 어제도 한가득 장을 봤어요! 이제 매번 먹는 식재료가 정해져 있어서 컬리가 없어지면 꽤 번거로워질 것 같아요 ㅜ 그동안 변해가는 과정에서 아쉬운 점도 많았지만 식품 퀄리티 관리 부분(질 낮은 상품에 대해서는 바로 환불 처리 해주는 점도)이나 꾸준히 새로운 매력적인 상품을 들여오는 점 등 컬리를 계속 사용하는 이유는 변하지 않고 있어요 종이 포장재가 많이 나오는 부분은 컬리 박스? 그 보라색 가방 사면 꽤 해결되는 부분이라고 생각하고요 컬리가 냉동/냉장/상온 상품을 구별해서 배송하는 것도 컬리의 철학 한 부분이라고 생각합니다~ 저도 종이 상자가 꽤 불편하긴 하지만 그렇다고 냉동냉장 식품이 다 한번에 담겨 오면 그것도 이상하지 않나요? 암튼 컬리 계속 이용할 수 있었으면 좋겠어요!!! 쿠팡으로는 대체가 안돼요!,10,2025-08-14T12:04:14Z
@남보영-m3b,대표의 노력이 정말 빛나기를 !!,0,2025-08-14T11:59:50Z
@popou515,너무 늦은 내용아닌가요? 흑자 기사 났던데.,0,2025-08-14T11:51:23Z
@LjmL-lm5oz,똑같은말을 얼마나씨부림,0,2025-08-14T11:39:00Z
@jayjang225,너무 늦었다 이미 쿠팡이 너무 앞서가버렸다,0,2025-08-14T11:14:27Z
@jueun4351,같은 제품이라도  컬리에서  먼저 사게되요 그만큼 더 좋아보이고 믿을만함. 컬리없음 안돼요!  회사가 잘되길 빕니다  진심으로!,22,2025-08-14T10:41:23Z
@기대가됩니다-v5e,"망할수밖에없음
개비싸거든",1,2025-08-14T09:59:58Z
@bisbio,"간간히 쿠폰 주니까 그 때만 이용하지만 일단 쿠팡보다 불편함. 비싸고
왜 일찍 계산하면 새벽 1시에 배달을 해주는 건데? 쿠팡처럼 5~6시 정도가 편하지.",0,2025-08-14T09:26:44Z
@johnw4285,막걸리 새벽배송 너무좋은데,0,2025-08-14T09:15:03Z
@grandesize,한때는 강남의 쿠팡이라고 했지만. 퀄리티든 뭐든  돈을 벌어들여야 하는데 너무 포지션이 애매했음. ipo한다는 뉴스를 몇번을 봤지만 그것도 결국 실패하고. 안타깝네.,0,2025-08-14T09:12:07Z
@asdfghjkl7694,저는 이용한적없음 넘 비쌈,0,2025-08-14T08:51:20Z
@chokmah43,컬리 비쌈....식당도 맛있고 가성비 있어야 재방문하듯이 쿠팡처럼 가성비가 있어야 재방문함.,1,2025-08-14T07:29:22Z
@정성훈-q6n,"이러다 독점 체재로 가는건가요?
오프란마켓도 없어지고 이커머스는 독점...😢
소비입장에서 선택권이 점점 좁아지네요.
컬리 응원해요. 😊",8,2025-08-14T07:25:09Z
@마파와두부,중요한건 가격.  쿠팡에비해 싼게 없음..,1,2025-08-14T06:49:12Z
@the엔드,"가장 어리석은 과오는 상장 자체를 포기한거다,
희망 공모가에 미치지 못하더라도
상장을 했어야지, 
그랬으면
제2의 쿠팡의 길로 갈수가 있었다,ㅋㅋㅋ",1,2025-08-14T05:37:49Z
@goodChoice87,"확실히마켓컬리 제품이 좋다. 인터넷쇼핑으로는 절대과일, 채소 안사는데 마켓컬리는 믿고 구매한다. 나도 경제적으로 넉넉하다면 마켓컬리만 쓸거같다. 안타깝다.",10,2025-08-14T04:40:37Z
@mimi-lg3lo,댓글 반응 좋네요 전 컬리 상품 좋아보이는데 비싸서 한두번 사봤고 걸국 안들어가게 됩니다,2,2025-08-14T03:41:21Z
@기무리-k1e,돈이 되겠어? -> 진짜 안됨. 10년 가까이 적자였음 ㅋㅋ,0,2025-08-14T03:09:31Z
@suny2614,"쿠팡을 싫어하지 않지만 괜찮은 라이벌로
계속 남아 있기를..",0,2025-08-14T02:49:39Z
@hahapa2012,투자를 받아야합니다. 농민과의 직거래를 늘리기 바랍니다.,0,2025-08-14T02:31:14Z
@hahapa2012,버텨야져 쿠팡처럼 끝까지 이후 언젠간 수익이 날껍니다.,1,2025-08-14T02:30:11Z
@lakelee2112,컬리 좋아요,0,2025-08-14T02:14:56Z
@geunyoungpark300,너무잘쓰고있는데ㅜ잘극복해나가길!,6,2025-08-14T01:27:21Z
@bobdolmom5551,비싸도 편리하니까 쓰는건데…,0,2025-08-14T01:26:00Z
@해바라기-o1c2m,배우 전지현을 굳이 써야 했을까? 전지현이 싫어서가 아니다!,0,2025-08-14T01:14:15Z
@코네디언,"어짜피 컬리 관계자가 보지도 않을테지만 한때 컬리만 이용하던 소비자로서 한마디하자면 어느순간 컬리만의 색을 잃어버림
예전엔 컬리제품=비싸도 유기농 채소 등 프리미엄 제품이었고 이걸 새벽에 받아서 혼자살아도 잘챙겨먹고 출근하는 갓생러 타겟 느낌이었음
근데 요즘은 제품퀄이나 종류나 쿠팡프레시만도 못할때가 많음 그럼 누가 컬리쓰나 쿠팡쓰지",0,2025-08-14T01:14:01Z
@leesanghyuk7564,구조조정 필요 강남 중심의 하이퀄 전략으로 돌아 가고 확장을 원한다면 서브브랜드 노선으로 가야한다고 본다,0,2025-08-14T00:40:45Z
@LG_Dabbang,여러 택배 노가다중 컬리가 제일 별로에요..대표가 거시적 운영에만 관심이 있는듯 하더이다.,1,2025-08-14T00:21:20Z
@이오오-m8l,한번시키고 쳐다도안봄 종이박스 하나하나 포장하는거 진짜 극강의 비효율성 ... 웃기더라 ㅋㅋㅋㅋ저걸 열심히 포장하고 또ㅜ열심히 나르고 또 뜯곸ㅋㅋㅋㅋㅋㅋㅋㅋ이런사람들도 사업을 하는구나 신기했는데....,0,2025-08-13T23:47:51Z
@김용대-q5i,한창 서울 컬리 쿠팡 두곳에서 반년씩 일한적있다. 두 지점이 같은지역 바로 옆에 붙어있어있었다. 컬리는 비인간적이였다. 채찍만없었지,0,2025-08-13T23:43:40Z
@탐라-x1b,요즘 누가 컬리를 쓰냐,0,2025-08-13T23:03:42Z
@솔단솔담-g8k,"컬리는 포장부터 다릅니다
너무 잘 이용하고 있는데  잘되길 바랍니다",114,2025-08-13T22:46:45Z
@정의진-y5d,"컬리 알바 해봤는데 통근버스가 일이 밤 12시에 끝나도 새벽 2시에 출발함
일손 모자란듯이 매일 일자리 있다고 문자 5개씩 오는데 출퇴근시간 3시간씩 버려가면서 일하고 싶겠나 정규직도 아니고",2,2025-08-13T22:35:18Z
@안물안궁-q4o,네이버가 냠냠 해주라,0,2025-08-13T22:33:36Z
@bodhi_00-v1q,오늘자 기준으로 올해 상반기 영업이익 흑자. 계속 성장하길 기대해본다.,0,2025-08-13T22:12:41Z
@hansact,백색유정란 몇 년째 구독하고 있습니다.  할인을 하건 안 하건 때되면 삽니다.,0,2025-08-13T19:32:13Z
@dandelion2896,좀 비싸도 유기농에 신선도가 컬리만한데가 없어서 부모님도 항상 컬리만 이용하시는데 어려운 시기 잘 헤쳐나가주시길 ㅠ,0,2025-08-13T18:48:07Z
@yohan0807,소기업에서 시작해 영혼과 몸을 갈아 넣어 성장시키고 있는 시점에 대기업에 눌리지 않고 세계로 뻗어나갈 수 있는 기업으로 성장하길 진심으로 바랄 뿐입니다. 응원합니다.,0,2025-08-13T18:17:49Z
@wutherland374,답은 단순함. 기업철학이 최고의 서비스 품질추구라면 그 가차를 알아주고 더 비싸게 구매할 의향이 있는 소비자를 찾아내면됨. 그 외 돈 더낼 의향도 없으면서 최고의 서비스만 바라는 이기적은  따라지들은 그냥 버리면됨.,0,2025-08-13T18:12:19Z
@양심적으로살자,한글이름은 끝이 안좋음. 엑스세대에 많고 이제라도 개명하고 쿠팡가서 분류알바하길,0,2025-08-13T17:39:34Z
@보라감자-s8e,"컬리 6년째 잘 쓰고 있어요 특히 자유방목달걀 ,좋은 올리브오일 , 유기농 냉동 양배추, 좋은 제품은 다 여기서만 팔아요",0,2025-08-13T17:33:17Z
@마대형,일단 비싸도 너무 턱없이 비싼데...,0,2025-08-13T17:30:43Z
@let1t13e,와 이게 가네,0,2025-08-13T15:44:24Z
@카더라카더라-o3b,"길을 개척한다는 것은 남들에게 따라올 여지를 준다는게 문제이지요. 내가 개척한 길을 나만 쓰겠다면 길을 없애버리거나 남들이 쫓아오지 못하게 혹은 나만 쓸 수 있는 장치를 마련해야 합니다. 아니면 계속 남들이 가지 않은 길을 개척해야 하지요.
새벽배송은 아무도 하지 않았기에 특별했지만 누구나 하게 되었을 때는 너무나도 쉬운 길이었습니다. 더 특별한 한방이 있어야 했습니다. 그 한방을 구상하지 못한게 아쉽네요. 그런 걸 함께 생각해 주는 이들이 두뇌들이 있었어야 했는데 판매에만 집중하다가 짧은 역사로 끝나겠네요.",0,2025-08-13T15:04:00Z
@yj-james6800,"컬리는 딱 수도권까지만 배송하는 시스템으로 흑자를 볼때까지 버텼어야 하는데, 전국 배송하면서 망조가 들은 듯 싶네요. 전국 배송하면서 물건도 안좋아지고, 비용면에서도 회사에 적자가 더 늘어난 것 같아요",0,2025-08-13T13:54:16Z
@wannwkdn,로켓프레시 맛없어서 컬리 이용하기 시작했습니다 제발 망하지 말아요!!!!!! 컬리가 더 맛있다고....,0,2025-08-13T13:40:17Z
@사년,"컬리 초창기엔 좀 비싸도 정말 돈아깝지않게 잘썼는데, 점점 입소문타고 전지현 모델로 쓰면서 흥하더니 김슬아가 직접 광고에 나올때쯤엔 살만한 물건이 죄다 품절되더라. 근데 개선의 여지가 안보였음. 대표가 업의 본질은 돌보지 않고 김범석처럼 성공한 개인이 되고 싶었는지 나대는거 보면서 안되겠다 싶었고 접속 끊음.",0,2025-08-13T13:14:30Z
@김지혜-k1m8r,컬리 일단 채소 과일이 신선하고 좋아요. 처음엔 포장재 때문에 망설였지만 컬리백 사용하면서 포장재도 많이 줄었습니다. 좋은 식품 제품 좀 비싸도 컬리 이용하니 브랜드 꼭 유지시켜 주세요❤❤,2,2025-08-13T12:39:44Z
@ALLLLLL-xc8ih,오늘의집도 곧 따라가겠지,0,2025-08-13T12:32:19Z
@seungminkim5713,컬리 비싸도 품질 좋아서 쓸만하다 컬리가 무너지고 쿠팡만 남는다? 현재도 쿠팡관련된 갑질운영 논란사고 만봐도 쿠팡이 독점한 대한민국 생태계는 생각만 해도 끔직하다,0,2025-08-13T11:58:26Z
@JHoonSeo,컬리 간편식이나 과일 퀄리티는 좋음. 퀄리티가 떨어지진 않아서 아직 희망은 있다고 봄. 쿠팡은... 가격은 싼데 퀄리티는 개판인 경우가 많음. 공산품은 뭐 똑같으니 싼 놈이 장땡이지만,0,2025-08-13T10:26:44Z
@Angella-l2y,상장시켜,0,2025-08-13T10:20:40Z
@alimang1004,창사부터 지금까지 너무 잘 이용하고있는데..ㅜㅜ 잘해결해서 계속했으면 좋겠네요,0,2025-08-13T10:13:49Z
@ytk7191,대금 정산은 22년부터 조금씩 밀리기 시작했다.,0,2025-08-13T09:18:39Z
@방구는못말려11,쿠팡이 기존 유통 강자인 이마트 롯데 홈플러스 다 죽이고 있는데 컬리가 살아남을수가 있나?,2,2025-08-13T09:13:09Z
@빅토리bb,"너무 망해라 망해라 하네
사실 쿠팡이 더심했다 당장 내일 망할 기업처럼 난리를 쳤었지
컬리도 좀 지켜 보자 아직 시장에서 
약자는 아니다 
망하면 정용진의 쓱이 망하겠지 컬리는 아닌듯",0,2025-08-13T09:07:02Z
@jun-seockson3211,컬리같은 기업은 살랐으면 좋겠다..😢😢😢,0,2025-08-13T08:26:28Z
@coolandy26,골드만 맥킨지 나오면 모하나??? 대표이사는 실적과 결과물로 증명하는 법,0,2025-08-13T07:50:41Z
@cheonyr,"처음엔 컬리에 입점하는 제품의 수준이 유지가 됐는데, 어느 시점부터 수준 떨어지는 제품들도 우후죽순이라 이케 큐레이션된거라고? 생각드는 것도 많았음. 색깔을 잃어버렸다.",0,2025-08-13T06:49:07Z
@아르페-t3f,쿠팡이 없었다면 승승장구했을텐데,0,2025-08-13T06:14:50Z
@jlee7864,안돼 컬리 사라지지마 ㅠㅠ,0,2025-08-13T06:00:55Z
@thegaiaqueen,컬리 애용자인데.. 사라지면 안대여...,0,2025-08-13T04:58:11Z
@neo-original,단한번도 이용한적없음.,0,2025-08-13T02:59:17Z
@knowknown4989,게으른 자들을  타겟으로 하는 사업은 언제나 망한다...ㅋㅋㅋ,0,2025-08-13T02:48:40Z
@gakppo,컨설턴트들은 사업이라는걸 끝까지해본적이 없다는게 문제다 - 스티브잡스,0,2025-08-13T02:29:27Z
@csd2577,하.. 컬리 써본 사람들은 계속 쓰는 매력이 있는 곳인데ㅋㅋ,0,2025-08-13T02:22:10Z
@hyerinyhan8160,재주는 곰(컬리)이 부리고 여우(쿠팡)이 실속 다챙겼군.. 플랫폼경쟁이네,0,2025-08-13T01:16:10Z
@sophiagana,"컬리, 김슬하씨에게 감사한다. 살리고싶다.",0,2025-08-13T01:06:15Z
@갓겜a,네이버 쿠팡 두기업만 남겠네,0,2025-08-13T01:00:22Z
@찬-o9r,새벽배송을 개척했다고 하기엔 ;; 누구나 할 수 있는 일을 특별한 것처럼 여기는 것 자체가 실패의 원인이지,0,2025-08-13T00:52:35Z
@basic7441,가격이 좀 비쌌죠.   이젠 쿠팡이 잡아먹음,0,2025-08-13T00:29:29Z
@kiseopark4331,"그냥 비싼게 
등돌리게한  포인트임!",0,2025-08-13T00:08:50Z
@임밀로,컬리가 망한기보다는 쿠팡이 독점을했다고봐야될듯 네이버니깐 그나마 쿠팡이랑 비비지 나머지는 일단 쩐에서 비빌수가없음,0,2025-08-13T00:07:02Z
@allenkim1403,물건도 대응도 안좋아졌어요.. 유통기한 하루 남은 모닝빵을 줘서 문의하니까 유통기한 최소 이틀 된 제품까지 보낸다고 적어놨다며.. 다음날 새벽이 아닌 전 날 저녁9시에 도착했기 때문에 이틀 이라는거임. 저녁 9시에 누가 모닝빵을 먹냐고.. 그건 유통기한 1.3일 아니냐고 물었더니 웃으면서 교환이나 환불은 해줄 수 없다고 했음. 최악의 대응.,1,2025-08-12T23:50:21Z
@LuciaLeiman,품질은 컬리,0,2025-08-12T23:50:12Z
@김영준-f8m,"쿠팡 때문에 망한 기업들 많지 ㅋㅋㅋㅋ
이미 끝났어..",0,2025-08-12T23:49:43Z
@pink_panther1,어차피 쩐주잡아서 누가 오래버티는가 판이었음. 쿠팡도 손정희 등에업고 매년 1조씩 손해보다가 몇년전에 흑자전환했음. 치킨게임에서 진거임,0,2025-08-12T23:45:41Z
@샹스875,목소리가 넘비호감이라 내용듣고싶어도 끔 보이스선택에 신중하시길,1,2025-08-12T23:15:01Z
@deeperto,농산품은 오아시스보다 떨어져서 안산지 오래,0,2025-08-12T23:12:45Z
@joonnoon8333,안쓰는 사람은 쿠폰막 13000원씩주고. 계속쓰는 사람은 쿠폰안줌.. 그래서 컬리아이디만 있고 안쓰는 친구한테 계속 쿠폰줘서 친구아이디로 구매함. 헌신고객은 안주고 안사는사람만 혜택주니 억울해서 안쓰기시작함😊,1,2025-08-12T23:01:37Z
@even611,뭘 자꾸 단순해 ㅋㅋ,0,2025-08-12T22:27:12Z
@크림바닐라-e9p,아. ..컬리 진짜 좋은데..ㅠ 쿠팡보다 컬리에서 더 많이 삼.. 우리집 냉동실을 책임지는데..,0,2025-08-12T22:19:00Z
@가렌-s1r,"새벽배송이 그렇게 효율적인가??
돈 없으면 쿠팡써.😊",0,2025-08-12T22:16:38Z
@최유찬-d9y,물건은 좋은데 정가가 너무 비싸니 쿠폰 없으면 호갱 당한 기분,0,2025-08-12T21:52:16Z
@민sss,컬리 잘 이용중인데 큰일이네...,1,2025-08-12T21:52:13Z
@ronsoft,쿠팡은 퀄리티 테무급인데 컬리는 백화점급임 잘 살아남아줬으면 좋겠음,0,2025-08-12T21:44:42Z
@초설-t5f,비싸도 품질좋다고 쿠폰 주면 가끔 썼는데 이젠 품질도 복불복이 됐음.반품도 잘 안받아줌.,0,2025-08-12T19:16:05Z
@박승현-l1g,이래서 여자대표는 안돼,1,2025-08-12T19:07:46Z
@fireeggkimpaul4758,한편으론 너무 아쉽네요!! 잠깐 환자였을 때.. 잘 먹었던 샐러드 세트 덕분에 입맛도 살았는데..😢,0,2025-08-12T17:49:11Z
@jjjiii-b2h,싹 뒤에서 씨~익 웃고있는 쿠팡이 보인다,0,2025-08-12T17:28:02Z
@tattvamasi21,"그냥 쿠팡이 압도적으로 다 편함. 배송 제품, 카테고리 다양성 특히 가격경쟁에서 비교가 안됨 퀄리티 따지는사람 많지않음 대부분 사람들은 싸고 많이주는게 최고지 특히 생필품 식품 같은건..",0,2025-08-12T16:53:45Z
@bbb-px7tu,전지현 고액 광고료가 아니라 판매가를 낮춰야했다. 너무 고개 들고 프리미엄으로 가려고했다..그러니 약간 밥맛...뭐도 없는게 고급임척하는 브랜드마케팅느낌낫음,8,2025-08-12T16:43:33Z
@리브촬,포장이 너무 과해서 죄책감 동반되서 기피하게됨,0,2025-08-12T16:08:09Z
@최은아-k9d,배송이 잘못 됐을때나 제품에 문제 있을때 대응이 정말 짜증났음. 모두 고객 책임으로 떠넘기고 보상 없음. 두번 다시는 안시킴.,0,2025-08-12T16:06:38Z
@밝게빛나는소영,믈건의 질은 좋은데 비싸다는것 때문에.... 이거 해결하기가 어려움 그래도 이용하면 좋음,0,2025-08-12T15:49:24Z
@가는살인자뻑,끝까지 먹거리로 가야했다,0,2025-08-12T15:40:35Z
@가는살인자뻑,문제는 생물은 누구나 만족불가,0,2025-08-12T15:36:59Z
@준토피아999,컬리 대표 철학은 진심인 사람 인것 같아요 제일 신선하고 품질 좋아서 컬리만 씁니다,2,2025-08-12T14:58:53Z
@창구구속,운이 너무 없었음. 이런 신사업은 초반 몇년간 적자를 감수하면서 업계 선두를 지키고 후발주자를 말려 죽여야 하는데 후발주자인 쿠팡이 소프트뱅크를 등에 업고 오히려 컬리를 말려죽여버림. 기업가치 4000억? 절대 안됨. 천억에 살 사람도 없을듯,0,2025-08-12T14:58:01Z
@우쭈쭈-y7i,또 여자대표네,0,2025-08-12T14:50:33Z
@ygyg-b1i,"컬리 가치있음..밀키트도 엄청 만들고 같은 제품이어도 이마트 배송보다 컬리가 훨씬 낫고 품질이 괜찮음
항상 믿고 시키기 때문에 안 망했으면 좋겠다..",1,2025-08-12T14:50:04Z
@NYYoon-s1c,중국자본 맞죠? 망해도 아쉽지 않음.,0,2025-08-12T14:24:33Z
@wkim4455,5:09 매출과 영업이익이 바뀌었네요;;,0,2025-08-12T14:23:27Z
@jy3813,컬리 비싸지만 그만큼 값어치 한다. 그러나.. 너무 비싸서 안쓰게 된다.,0,2025-08-12T14:18:20Z
@이슬기-v9k,언제부터였을까.. 회사로 주문하면 새벽 시간에 출입 못한다고 건물 밖에 띡 두고 가고.. 그게 몇 번 반복되고 개선의 여지가 없다보니 이용을 안하게 됨.. 쿠팡은 잘만 들어오거든...,0,2025-08-12T13:18:17Z
@LEE-b4t,엥? 작년부터 적자많이 줄였고 지금 올해부터 거의 흑자전화인거같던데,0,2025-08-12T12:49:35Z
@니가먼저그래짜나,그래두 컬리 자체 상품이나 신선도가 좋아여!! 박스 포장 상태두 쿠팡보다 훨 낫고 애기 키우는 사람은 컬리 필수..,0,2025-08-12T12:36:47Z
@hybridcloud4994,슬프다 눈물난다 괴롭히지마 김슬아 대표님..,0,2025-08-12T12:26:01Z
@ujoo723,"난 컬리 너무 좋은데..
쿠팡 요즘에 로켓배송 느려졌고, 사건 사고 너무 많고 물건 몇개 사도 환경 전혀 생각안하는 과대포장에, 양아치같이 굴어서 소비해주기 싫음.  
컬리는 식재료 너무 믿을만하고, 생활용품도 급할 때 쿠팡이나 네이버보다 빠르게 배송되고, 외국식재료 이렇게 파는 곳이 없음. PB상품 퀄리티도 매우 훌륭하고 맛 없는게 없음. 컬리 멤버십도 저렴한데 쿠폰도 많이 줘서 만족하면서 사용 중임. 
컬리 제품 뜯다보면 플라스틱하고 비닐이 잘 분리되게 비싼 용기를 사용한게 느껴짐. 난 그냥 쿠팡보다 비싸도 환경부담금 낸다는 생각으로 컬리이용하게 됨. 제발 없어지면 안되는데 ㅠㅠㅠ 나 컬리의 굉장한 팬이었네 ㅠㅠㅠ",0,2025-08-12T12:12:10Z
@magujabi,"난 마켓컬리 나오자마자 망할 줄 알았다.
여자들만 타겟으로 둔듯한 운영방식.  규모경제를 꿈꾸면서 살것 없는 쇼핑몰
비싼제품을 소포장으로 판매하는
 비효율의 끝판왕.    여성고객들로만
지금까지 온게 기적이라고 봐야 할 정도",0,2025-08-12T11:47:16Z
@user-145zxy,쿠팡보다 컬리가 질이 두 좋음,1,2025-08-12T11:46:45Z
@반디-j4v5w,"식재료에 고급스러운 포장? 쓰레기만 늘어날뿐. 
쓸데없는 과대포장은 더 줄여주길 바랍니다.",4,2025-08-12T11:43:24Z
@likejhu,"샛별배송 시켯는데 1층 공동현관 앞에 두고가서, 
 그날부터 빠염~ 😅",0,2025-08-12T11:36:00Z
@supark1004,ㅜㅜ 컬리 맘아프네요ㅜ,0,2025-08-12T11:20:54Z
@danielc3554,쿠팡이 운이 좋았지 이 조그만 나라에 저런 유통은,0,2025-08-12T11:20:03Z
@Real-xn4ok,"쿠팡은 싸구려만 팜. 컬리는 쿠팡 보다 뭐든 퀄리티가 높음.
차별화가 분명 하기에. 나는 컬리만 씀.",1,2025-08-12T11:13:11Z
@선인장-q2x,과거에는 우와 이것두 있어??이런게 있었어??라며는 이제는 음~그래. 정도?애플과 비슷한 느낌???처음 애플은 우와~를 외치고 다음거는? 그래서 그다음 언제 나오는데??라면 이제는 어~그래서 언제 나와? 나오면 음~글쿤 정도??,0,2025-08-12T10:50:54Z
@골든벨-h2i,난 쿠팡이 좋아~~ 컬리는 대부분 쫌 비쌈~~ 그리고... 쿠팡이나 네이버가 있는한 파산은 기정사실.,0,2025-08-12T10:38:36Z
@Will-rp1bb,경쟁은 이미 끝났다 컬리는 가능성이 없다. 지금까지 운영해온것도 누군가의 투자금으로 버티는것뿐.,0,2025-08-12T10:19:17Z
@zoenyang2739,전 쿠팡 안쓰고 컬리만 써요. 컬리 화이팅!,0,2025-08-12T10:15:30Z
@Fgjhsjhf3261,"포문을 연건 컬리였지만 쿠팡이 무서운 속도로 따라잡기 시작하니까 마음 급한 컬리가 일단 지역 부터 급하게 확장부터하고 새벽 배송 되지도 않으면서 무분별하게 배송을 받기 시작하면서 부터 꼬였음... 
이후 쿠팡은 각 지역 마다 새벽배송 로켓배송이 원활하게 되었는데 컬리는 그게 안되었고 늘 비교 대상이 되었고 선두주자였지만 결국 서비스 측면에서는 후발주자였음.
그럼에도 제품에 퀄리티 측면이나 고급스러움으로 밀고 나가려고 애쓰긴했지만 요즘 냉동 간편 조리제품들 퀄리티가 워낙 높다보니 쉽지 않았던거 같고 
그냥 새벽 배송을 하는 지역에 집중 했었다면 충성고객은 잡았을 거라고 생각함... 이후 완벽하게 지역 확장해나갔으면 컬리만한 배송 플랫폼은 없었을거란 아쉬움이 조금 남긴함..",0,2025-08-12T10:11:46Z
@쿠헤헤쿠히,컬리 안 써본 사람은 있어도 한 번만 써본 사람은 없다 --> 컬리 호기심으로 한번은 써보지만 그다음은 안쓴다 ㅜ ㅜ,0,2025-08-12T09:30:20Z
@컨앙,우린 티몬 위메프를 보고 깨우쳣다,1,2025-08-12T09:03:59Z
@HYANG96,제2의 티몬이 되겠군,0,2025-08-12T08:48:31Z
@저쫄티비,컬리..2만이상이면 무배고 질도 배송도  좋아서 자주 사용하는데..자구책이 절실해보이네요.,1,2025-08-12T08:46:02Z
@Dear_Name-,"컬리가 쿠팡에게 꿀리는건 가격밖에 없음 오히려 질 좋은건 더 많은 편이고, 새벽배송이나, 빠른 배송은 쿠팡과 비교해도 꿀리는 면이 없죠.",1,2025-08-12T07:50:59Z
@이은화-l1d,"중국 돈이 묻기시작하면 끝이 안좋다
첨엔 컬리 신선하고 좋게 생각했는데..
더 크게 성장할 욕심에 중국의 투자를 너무 많이 받았다는거
온전한 대한민국 기업이 아닙니다",0,2025-08-12T06:54:25Z
@heedae111,"아누리 좋은 아이디어가 있더라도....
투자금이 충분하지 않으면....
쿠팡 = 손정의  구조가 성공했던거임...",0,2025-08-12T06:34:01Z
@rightnow4327,이용자로써 안타깝네...,0,2025-08-12T04:29:44Z
@user-dv1ys4sk7r,"부자들은 컬리, 서민들은 쿠팡, 완전 프리미엄으로 전향하기엔 리스크가 크니까 못하고 있겠지? 그러니 어정쩡해서 쿠팡에 밀리고",0,2025-08-12T04:12:50Z
@revolution9455,컬리는 끝났어. 대한민국 카피캣 시장은 뭐 하나 잘되면 다 달라 붙어서 찍어 누르는 판이야. 이나라는 이렇게 돌아가,0,2025-08-12T04:02:44Z
@따갚,ai음성같은데 듣기거북하네요,0,2025-08-12T03:54:45Z
@핫후라이드치킨,쿠팡 이마트 상대로 이길수있겠음?..,0,2025-08-12T03:45:32Z
@DOGChina,기업가치 떡상했을때 팔고 엑시트했아야지 ㅋㅋ,0,2025-08-12T03:36:16Z
@kangking6641,짜응개=컬리,0,2025-08-12T02:59:57Z
@붐버-q9o,컬리가 갈아넣는다면 쿠팡은 피를 뽑아먹는데. ㅋㅋㅋㅋ ~~~~~~~~~~~~~~~,0,2025-08-12T02:12:24Z
@삼묘당,"컬리 이용한지 4달된 지방러임. 
지방이라서 새벽 아니라 점심때쯤 롯데택배로 오긴함. 근데 제품 구성이나 품질이 만족스러움. 
1인가구에 최적임. 망하지마.",0,2025-08-12T01:49:20Z
@Ace1Eric,"쿠폰뿌리고 발버둥 칠 때 알아봤음.ㅎㅎ

셀러들 돈 빨아먹고 버티겠다는 얘긴데, 티메프 꼴 나게 생겼네.",0,2025-08-12T01:48:47Z
@EnNoaa,5:10 영업이익 매출 거꾸로임,0,2025-08-12T01:40:58Z
@Pororos99999hmg,이유없이 비싸,0,2025-08-12T01:35:40Z
@3pp761,컬리 매출 다시 늘어나고 있음,0,2025-08-12T01:29:13Z
@lilililillllIIll,조만간 망하겠네 ㅎㅎ,0,2025-08-12T01:17:22Z
@김대석-e1d,컬리쓰는사람들은 만족도 높던데..,0,2025-08-12T01:03:17Z
@su_a1227,"적자인데... 광고모델은 제일 비싼 연예인 쓴거보고... 망하겠다 싶었음...
전지현에... 이효리라니...",1,2025-08-12T00:21:07Z
@lupin4957,이상과 현실은 다르지😂,0,2025-08-12T00:15:04Z
@bligemalibu606,"이용 경험 1. 콜드체인 시스템이 의심될정도로 선도나 상태가 떨어지는 경험이 간간히 있었음.

2. 뷰티컬리
제품들은 성분도 트렌드도 고려하지 못 한 듯 어정쩡했고,
가격도 할인 마치 많이하는듯 하나 실제론 별로 아니었음.

3. 새벽배송인데 자꾸 전 날 밤에 와버릴때도 있고 해서 불편했음. 그렇다고 원하는 시간대로 설정이 ssg처럼 되는것도 아니고.

4. 재구매가 어려움.
Ssg 같은데는 저번에 샀던 걸 그대로 장바구니에 담으면 되는 재구매가 대부분 가능한 상품들이라 편한데,
컬리는 샀던 게 사라져버려서 처음부터 다시 골라야되는 비효율에 피로감이 느껴짐.

물론 다른데에서 잘 취급하지 않는 해외 브랜드나 국내 희소성있는 브랜드들 상품도 들어오곤 해서 장점이지만,
그 외엔 사실 특별한 맛도, 퀄리티도, 가격 경쟁력도, 
멤버십 혜택도 내세울 게 딱히 없는 애매함이 느껴짐. ..",7,2025-08-12T00:10:17Z
@nellyskykim,안돼 난 컬리 없으면 안된단 말이야!!!!!,1,2025-08-11T23:57:37Z
@이도리도리-i6m,"냉동,식음배달 백 필요없는데 돈떼먹고 시작하는거
킹받아서 쿠팡만씀. 
물놀이나 야외 나가면 들고오는사람 엄청많음.",0,2025-08-11T23:55:31Z
@자우자-j7q,“대기업 임원 : 그게 돈이 되겠어?” 한국  플랫폼 스타트업의 핵심을 꿰뚫는 이야기.,0,2025-08-11T22:48:45Z
@루키댕댕이,4천억? 너무 비싸게 쳐준거아니냐,0,2025-08-11T22:39:36Z
@heyhan5551,"쿠팡이 좀 더 싸서 옮김 
컬리는 처음에  판매상품이 다양하고 이마트에도 없는 제품도 팔고 앱도  다른곳과 다르게 깔끔해서 좋았는데 어느순간 너무 비싸다는 생각과 쿠폰을 남발하지만 거의쓸게없고 다양성부분도 쿠팡도 거의 비슷해서 자꾸 눈 돌리게 됨 멤버쉽 금액이 작지만 멤버쉽해도 큰 이득이 별로 없음",0,2025-08-11T22:21:58Z
@영웅전문수집가1급,컬리가 품질은 좋음,1,2025-08-11T22:18:18Z
@100PA55,컬리 제품이 퀄리티가 좋다고 느껴본적없음,0,2025-08-11T22:15:30Z
@gerrardlee1511,7년전부터 왜 안망하지 의문했던1인,0,2025-08-11T22:10:03Z
@정성철-b9f,결국 이게 여유돈이 있어야 이용할텐데. 부담됨.,0,2025-08-11T22:04:41Z
@kkamangyang,"품질이 쿠팡이랑 비교도 안되서 
계속 컬리 쓰고 있는데 망하면 안돼요",88,2025-08-11T21:38:16Z
@lllllIIIIIlllIl,결국 대기업 말대로 그게 돈이되겠어? 에 발목잡힌거네,0,2025-08-11T21:36:30Z
@startosea,쿠팡이 너무 강려크하다 컬리는 비쌈 무려배송 금액도 높음. 그렇다고 특별한 제품도 없음. 새벽배송 처음이 센세이션이었지만 아직도 새벽배송밖에 없음,0,2025-08-11T21:27:12Z
@kyongnammin4545,"식품살땐 꼭 컬리에서만 삽니다

망하면 않됩니다",1,2025-08-11T21:00:22Z
@lovelee4778,컬리 아이디도 없는데.,0,2025-08-11T20:43:59Z
@DysDts,욕심을 버리고 본인들의 정체성을 지켰다면 아프진 않았을텐데 ㅎㅎ 근본과 본인들의 컬러를 지켰다면 투자는 언제든 받을수 있는것인데 이젠 투자자들에게 신용을 잃었으니 아쉽네요,1,2025-08-11T19:11:17Z
@kittredgelol,물건이 별로 없음 안쓰는 이유는 이거때문이다,0,2025-08-11T18:34:22Z
@국밥먹고갈래,무료배송 쿠폰 중복사용이 안되는게 거지같음,0,2025-08-11T18:16:42Z
@sjs8701,알고보면 차별점은 배송 노동력 +시스템만 갖추면 되는거고 나머지는 단순 쇼핑몰이라 사실상 특별한게 없었죠. 차별점이 명확하려면 노하우도 명확해야하는데 따라하기 너무 쉽죠,0,2025-08-11T16:59:17Z
@기유키,이젠 다들 오아시스,0,2025-08-11T16:42:55Z
@짱심이,"컬리 고객응대때문에 실망한적이 한두번이 아님. 뷰티컬리 초창기에 립스틱 주문하고 발색해봤는데 내가 주문한 색이 아닌거같아 칼라넘버 확인해보니 내가 주문한 색이 아니었음. 고객센터 문의하니 이미 사용하셨기에 교환이 안된다는 답변듣고 열받았던 기억이... 결국 교환받긴 했지만 고객응대에서 실망함.
오배송 온 경우도 많았고...
그러나 오아이스, 쿠팡은 고객응대 신속하고 일처리도 빨랐음.",0,2025-08-11T15:49:32Z
@aoiu-ls4vn,"컬리 싼맛에 구독했다가 끊은지 좀 됐는데 역시 사람들 맘은 다 비슷하구나.
근데 이런거 대놓고 유튜브에 박제하면 컬리에서 가만히 있나 모르겠네",0,2025-08-11T15:33:14Z
@뭐함-l4u,그리고 컬리 역바이럴 당함,0,2025-08-11T15:02:57Z
@뭐함-l4u,배송질을 떨어뜨려서 그럼 자금 압박이었는지 장점 포기한게 많음 장점때문에 비싸도 쓴 거였는데,0,2025-08-11T14:59:53Z
@chunotchewing,난 운동 시작하고 피부관리 시작하면 절로 컬리에서 시킴 확실히 아이덴티티가 뚜렷함 포기하지마세요ㅜ,0,2025-08-11T14:34:22Z
@user-fvx16ejwotb54,"ㅋㅋㅋㅋ 컬리에서 알바 풀었냐?
Ipo철회돼서 더 이상 투자금 들어올 곳도 없고 고객 끌어모은 이유가 적자내며 싼 값에 물건파는 출혈 마케팅 덕이었는데 이제 그것도 못하니까 망한거지

그리고 이미 대금 정산 못한것부터가 제2의 홈플러스임 ㅋㅋㅋㅋㅋ",1,2025-08-11T14:26:54Z
@rollq1004,제품이 비싸요 다른곳이더쌈,0,2025-08-11T14:02:33Z
@junhyukpark8028,컬리는 가격이 넘 비싸...,0,2025-08-11T13:16:09Z
@홍미애-h6k,"소포장 너무 좋아요
컬리 상품 많이들 사 줘야겠네요
지금도 컬리에서만 장 보긴해요~~
홍보도 해야겠네요
일단 믿고 먹어요",29,2025-08-11T12:42:14Z
@dongeumri,악덕 기업,0,2025-08-11T12:31:05Z
@실다,그냥 광역시에만 적용시키길~만약 중국이었다면 흥했을듯!,0,2025-08-11T12:21:48Z
@절전중,구라가 심하네 주식이라도 줍줍할라고 하나,0,2025-08-11T12:10:20Z
@mymytube,품질은 좋긴 해 확실히.,2,2025-08-11T12:03:30Z
@향기-j2q,"컬리는 넘고급지고~
쿠팡은 대중적이라 밀린듯요.",1,2025-08-11T11:58:19Z
@CEO_Leegunhee,"새벽배송이라는 파격으로 들어왔지만,
돈이 더 많은 쿠팡이 따라해버리자 매력이 없어졌다....
역시 유통업은 자본이 깡패다.",2,2025-08-11T11:13:05Z
@Gnwkxns3,결론 : 거절한데는 이유가 있었다,0,2025-08-11T11:09:53Z
@박현철-b4r,기업이 저 지경인데 사람은 계속 뽑는 이유는 뭘까요? 회생이 불가능해 보이네요..,0,2025-08-11T11:06:02Z
@전선아,갑자기  꽂 필요할때   너무 좋았어요~,0,2025-08-11T11:05:53Z
@전선아,찐부자들은 살림을 직접안하니  수요가 안되고   고소득 맞벌이 비중에 달린듯,0,2025-08-11T11:05:15Z
@전선아,찐부자들은 살림을 직접안하니  수요가 안되고   고소득 맞벌이 비중에 달린듯,0,2025-08-11T11:05:04Z
@전선아,"종이테이프 
종이봉투 감성 ᆢ
 컬리 만의 품격 !!",4,2025-08-11T11:01:59Z
@블럭킹-r9j,제일 중요한 왜 적자를 보는지에 관한 내용이 없네....,0,2025-08-11T11:01:18Z
@박윤호-u1h,컬리가 품질A급 쿠팡 B급,0,2025-08-11T10:54:32Z
@LeviAniki,"장기적 성장, 고객만족
뻔한 얘기가 철학이 될 순 없음",1,2025-08-11T09:39:02Z
@user-hs7ekngkf7j,김슬아 대표는 존나 멋있는 사람이긴 하네,3,2025-08-11T09:38:03Z
@달코미-f7k,가격이 있어서 신선은 기본이고 맛이 진짜 있어야 하는데 어느 순간부터 과일이 쿠팡보다 못함……. 예를들어 수박이 컬리는 3만원인데 맛이 덜하고 쿠팡은 28000원에 맛있음 그럼 신선도 보다 쿠팡이 괜찮네…. 만 남음 …………..,1,2025-08-11T09:29:54Z
@eoopih,"물가들 모르시나요? 한번도 이용한적없어용~은근 비싸더라공~
롯데마트가용~~",0,2025-08-11T08:45:46Z
@doongdoong_table,컬리 힘내!! 컬리 넘 좋아하는데…,2,2025-08-11T08:23:05Z
@드노브,컬리가 비싸다고..?,0,2025-08-11T08:11:02Z
@verbalmflo5315,탈출이 답이다.,0,2025-08-11T08:07:19Z
@신도꾸,비싸서 할인쿠폰 없으면 안시킴,0,2025-08-11T08:03:47Z
@Bur-q3n,"컬리답지 않게 갈수록 야채, 과일이 맛 없어지고 이상한 저급 물건이 온다. 계란을 우유 아래 포장하는 일이 빈번하여 계란 한판에 5개 정도는 거의 금 가서 온다. 갈수록 관리 안된다. 확실히 예전과 달리 포장 기술도 허접하고. 제품 퀄도 낮아지고 있다. 특히 과일 싸구려 이마트 맛없는 과일과 같은 급이라 이제는 쿠폰 올 때 제외하고 컬리를 이용하지 않는다. 뷰티컬리는 뭐하는 뻘짓인지 모르겠다. 굳이 비싸게 파는걸 왜 컬리서 사겠냐. 정신 차려라. 진심 컬리 사랑하는 사람였는데 요즘 하는 짓 보면 한심하다. 신선식품 관리나 똑바로 하라.",0,2025-08-11T07:52:34Z
@userjjwhh124,비쌈~컬리 만원쿠폰 적용해도~쿠팡이 더 쌈~쿠팡은 신선식품15000이상 무료배송이고 컬리는 지금4만이던가~,1,2025-08-11T07:46:53Z
@레오나르도-n2y,"컬리가 포장도 좋고 품질도 좋은데 다
른곳보다 비쌈..어느나라건 부자가 일
반 사람들보다 많은 나라가 없기에..그
게 단점.한번 시켜보면 좋은데.. 다음에
도 또?하면 고민을 하게 되고 바로 쿠
팡으로 넘어감..그렇다고 자동차 회사
페라리등 전통과 기업이름에서 주는 네임벨류가 있는 비싼이미지도 아니고
저런게 아니라면 가격이 비싸면 경쟁
이 안됨..한번만 시키면 안되고 쿠팡처
럼 한사람이 계속 반복적으로 주문을
꾸준히 해야 하는데.앞서 말했듯 한번
시키면 좋은데 다음은 고민을 하게 된
단 말이지.첨엔 어느정도 통했지만 경
쟁사들이 가격을 다운시키니 이길수가
없지..나도 컬리좋아.근데 쿠팡이 더 좋
아 ㅋㅋ월8천원도 안되는 금액에 당일
배송&도착&무료배송+쿠팡플레이..이걸 어떻게 이길건데???",0,2025-08-11T07:35:03Z
@user-mp2yo4ml9y,쿠팡 컬리 두곳 수박 시켜보면 바로 비교됨 식품은 컬리가 승~ 맛보다 싼거 좋으면 쿠팡 가시고,0,2025-08-11T07:24:28Z
@ItonicRu,당신처럼 장볼 시간도 없을만큼 자기일에 매진하는 주부가 한국에 얼마나 되겠어요. 대부분 집에서 놀고 먹죠. 거기서부터 잘못된 시장분석이에요.,1,2025-08-11T07:12:22Z
@rks413-d5z,컬리 너무 좋은데..  좌파들은 계속 욕함.. 힘들어도 좋은 품질 서비스 안변하고 노력하는데..,0,2025-08-11T06:36:16Z
@strawnana3303,"경기도 어려운데 쿠폰이 없으면 너무 비쌈...
그리고 품질이 예전같지않음
여기에 쿠팡이 미친듯이 자본으로 흔들어서 생존이 어려움...",0,2025-08-11T06:24:56Z
@Tazan8,"흑자한번을못했다고?
그럼돈을벌어번적조차없는회산데 왜이렇게 성공한것처럼 포장을?",0,2025-08-11T06:24:44Z
@justin-ev2ud,"물류를 자동화해서 인건비 반으로 줄이고. 포장도 간소화해서 디자인만 냅두면 될듯. 
나머지는 관리비용인데.. 마케팅 줄여서 승부수 띄우는 수밖에",0,2025-08-11T06:16:58Z
@ijilliji,난 컬리 너무 좋은데ㅠㅠㅠㅠㅠ성공해줬으면ㅠ,0,2025-08-11T06:03:24Z
@S33Saw-c2y,컬리 망하면 안됨. 컬리 자체 브랜드 퀄리티가 너무 좋음.,0,2025-08-11T05:56:20Z
@user-po8cq1ki7u,쿠팡 이마트몰 홈플 전전하다가 컬리는 신선식품 질이 좋아서 꾸준히 쓰는데.. 안망했으면 좋겠다ㅠ 안써본분들 꼭 써보세요,0,2025-08-11T05:44:23Z
@Alsjfbcieotibcln,코로나 이후로 이것저것 온갖 것들을 파는 행태를 보며 쿠팡의 길을 따라가려는 구나 라는 생각을 하게 되었습니다. 컬리는 신선식품을 파는 회사인데 어느새 뷰티와 가전으로 영역을 확장하는 것을 보면서 궁금했는데 영상을 보며 왜 그런지 알게 되었습니다. 최근 미국진출을 앞두고 있다는 소식을 들었는데 앞으로 위메프 처럼 될지 아니면 진짜 마이너 기업으로 간당하게 목숨만 이어질지 앞으로의 귀추가 궁금해지는 기업이네요. 만약 파산을 한다면 영향력이 없지는 않을 것 같습니다.,0,2025-08-11T05:37:46Z
@기리기브스느그,여초픽이라 쉴더들 왜이래많노.. 걍 실패한경영인 인데,1,2025-08-11T05:32:45Z
@phsp8306,손형이 꼬라박은돈이 얼마인데 쉽지않는 사업을했지 ㅋ,0,2025-08-11T05:30:22Z
@이정희-t7m5t,아직 살아있는게 용하내,0,2025-08-11T04:49:28Z
@weralove0820,잘 살아 남기를! 잘 쓰고 있다!,0,2025-08-11T04:44:55Z
@Dream-eroom,그래도 큰 일을 한 사람. 키보드 워리어들이느 방구석 여포짓 할뿐,0,2025-08-11T04:32:25Z
@wonsnagkim6956,마켓 컬리에 대해서 잘 모르는 영상이네.,0,2025-08-11T04:09:00Z
@LJGLJG1,이거보고 컬리 주문했다... 컬리에 맛있는거 많은데 컬리 망하지마 ㅠ,0,2025-08-11T04:07:51Z
@ppoppoya,"프리미엄+큐레이션+지역특산 으로 가야 살아남음
럭셔리 수요는 여전하다",0,2025-08-11T03:59:48Z
@ciaojy,"새벽배송은 물론 포장지와 포장까지 가장 깨끗이 오는 걸 보고 감탄했는데 기업가분의 철학이 깊게 반영되었었던 것이네요. 자본금까지 잃어가면서도 고객들의 신뢰를 유지하기위한 진실한 노력과 철학, 대한민국 국민모두가 알아야 하겠습니다. 이익만 앞세워, 아무렇게 배송되는 택배, 컬리는 감동입니다. 하지만, 남은 자본을 모두 한 부동산에 투자하셔서 기업의 실질적 가치와 부동산 수익으로 지속적인 컬리의 신화 써가시기 바랍니다. 역삼동에 위치한 건물 하나 사셔서
컬리수퍼, 컬리주방 만드시고, 배달도 하시면, 컬리는 강남과 서초 송파까지 확실히 이길 수 있습니다. 컬리 화이팅!",0,2025-08-11T03:55:21Z
@깡수니-s4z,"먹거리 식품  특히 신선식품은  컬리에서 시킵니다  질이 좋아요  
쿠팡에서 주문해봤는데  영 별로라서 신선식품은  ㄴㄴ",1,2025-08-11T03:31:29Z
@lovejejus-ww,컬리 증국자본이라고 듣고 앱 삭제했는데,3,2025-08-11T03:01:03Z
@KSA-js4bj,"4만원이상 무료배송이라서 금액 맞추기 힘들다
반품 교환 복잡하고 까다로움 
가격비교해보면 쿠팡이 더 싼경우 많음
장점> 쿠팡보다 배송쓰레기가 덜나온다",0,2025-08-11T02:59:49Z
@shn9101,"반짝이는 창업 아이디어도, 혁신적인 마케팅도  거대자본 앞에서는 무력해지는 구나",10,2025-08-11T02:49:01Z
@sona504kim4,컬리 화이팀하시오.유통업이 우리나라에서 살아남기힘들지만.끝까지! 화이팅,0,2025-08-11T02:42:27Z
@박윤방이,1인가구는 컬리없이 못사는데ㅜㅜㅜㅜ 시골에서 시켜먹는  맛난디저트ㅜㅜ   하 속상하다 컬리없이 못사는데,0,2025-08-11T02:01:43Z
@basiliokim6902,컬리 애용하는데 망하면 안돼.....ㅜㅜ,0,2025-08-11T01:48:09Z
@raykim-s6y,컬리 오늘 새벽에도 배송 시켰는데.. 망하지 마라!!  쿠팡을 더 많이 쓰긴 하지만 식재료 살 때는 컬리로도 자주 주문하는데 망하면 안돼,0,2025-08-11T01:16:56Z
@youngchulhuh7292,꿈이 너무 커도 망하는 법,0,2025-08-11T01:16:28Z
@apfhd-ft8wq,비싸게 사줄 바보가 있을줄알고 오직 매출만 올리려고 돈 뿌려대며 달렸지만 예상과 달리 그런 바보는 없었다는게 문제. 기업가치 4조 웃기고있네 그냥 저런건 돈만 박으면 아무나 다 하는건데 누가 삼 ㅋㅋ,0,2025-08-11T00:26:09Z
@프로박-y6w,새벽의 여왕인가 새벽의 저주인가..투자금 1조원이면 많이 해먹고 돈을 원없이 써봤구나..상장했더라면 창업주 본인은 위기모면하고 투자자들은 엑시트하며 살았겠지만 이후 폭락이 뻔해서 여러명 골로갔을텐데 다행히 상장안해서 여러명 살렸네... 쿠팡이 되고 싶었겠지만 지금 4천억도 많이 쳐준듯하다. 어차피 투자받아 벌인사업이라 말아먹고 만세불러도 창업주는 빵에는 안가겠지만 투자자들만 새되는꼴이지..,1,2025-08-11T00:20:58Z
@badavi33,하튼 다국적 대형 건설팅 회사 출신 치고 창업했을 때 잘 되는 놈을 못봄. 누가 누굴 컨설팅하는건지... 매킨지 컨성팅의 저주 함 찾아봐라 ㅋㅋㅋ,1,2025-08-11T00:18:04Z
@gosu3973,망해랑좀,0,2025-08-11T00:04:56Z
@macoon9770,"내가 컬리 경영진이면 식품 분야에 더 집중할듯.

1. MZ를 겨냥한 현재 SNS에서 Trendy한 음식점들과 콜라보(마치 온라인 Pop up)를 진행해서 Trendy 식품간의 순위 경쟁의 플랫폼이자 음식점들로 하여금 홍보효과를 얻도록해서 윈윈구조를 가져감

2. MZ 이상의 올드 세대들의 경우 맛 자체의 퀄리티에 집중하기에 진짜 검증된 맛집들과 협업하여 한정수량으로 집까지 배송상품을 기획함. 이건 배송인프라를 구축해둔 컬리의 시스템과 음식 배송 노하우를 가져갈수있어서 좋고 맛집들도 한정수량을 판매함으로써 홍보효과와 본인들의 가치를 더 높일 수 있어서 좋음.

이렇게 식품쪽에서 독보적인 형태를 가져가야지 어정쩡하게 뷰티 가전 이런거 걸치면 그냥 쿠팡 아류되는거",0,2025-08-10T23:50:14Z
@ghtyrdfvvgi,그래서 상장을 못했군,0,2025-08-10T23:48:46Z
@GG_trader2024,역시 여자가 말이야 ㅋㅋ😅😅,0,2025-08-10T23:40:44Z
@back_in_grey7123,"이 상황에서 네이버는 컬리 지분을 왜 산걸까 10프로나,, 다른곳도 사던데 유통쪽,, 쿠팡 쫓기위해 네이버가 먹으려는건가?",0,2025-08-10T23:40:38Z
@지우대디-v3e,비싸서..,0,2025-08-10T23:05:39Z
@ahnmr.2254,분명 좋은 아이디어였지만 아이디어가 공유되는순간 쿠팡이라는 거대공룡앞에 무릎꿇을수밖에 없는....로켓배송에 새볔배송까지..,0,2025-08-10T22:56:08Z
@museleon,상품이나 배송이 특별했었는데 지금 은 평범? 오히려 배송상태는 별로…,0,2025-08-10T22:52:04Z
@사소한기회,미국에서 망한 BM 마켓사이즈도 안나오는 한국에 가져와서 할 때 부터 투자받아서 상장할 마음으로 시작한 회사지. 중간에 SB 사태 안터졌으면 상장했을거고. 개미들한테 다 떠넘겼겠지.,0,2025-08-10T22:06:40Z
@유영란-f1u,할인쿠폰 줘도 비싸서 안삼,0,2025-08-10T21:44:13Z
@최호재-k2z,안타깝다 초창기 부터  컬리 자주 이용하던 소비자인데 잘견뎌내길 바래본다.,0,2025-08-10T21:29:13Z
@Chabeaulove,더구나 모든배송을 콜드체인으로 해야하니 기업들이 진입 장벽이 높고 마진이 안좋다,0,2025-08-10T16:30:22Z
@Chabeaulove,반포 살면서 컬리는 진짜 이동네서 좋다 생각했다. 그런데 엄마집 인천에 농산물 시장 가면 컬리가 왜 전국구가 안되는지 알게 된다. 싸고 좋은게 시장에 가면 있다.  그걸 경험한 순간 좀 힘들어도 동네 싸게 파는 소문난 아파트 장과 과일가게 찾는다. 더구나 프랑스 질좋은 버터 요상한 향신료가 모든 국민이 필요한건 아니니 성장이 어렵다,0,2025-08-10T16:29:33Z
@DDDaaa123,쿠팡이 다 망침,0,2025-08-10T16:04:19Z
@wnsdnjs159,가성비 시대에 그것을 비비거나 넘어가는 무언가 있어야 하는데 뽀족한 그게 없음 나도 컬리 포장이나 꼼곰한게 좋은데 그래도 마트 배송도 되는데 어느정도 포기하고 가격을 챙겨야 할듯,0,2025-08-10T15:27:26Z
@망구x,쿠팡을 이길수 없을텐데 여기도 티몬엔딩 나올지도 ..,0,2025-08-10T15:24:09Z
@김재훈123,고객상담이 아주 배짱이더라,2,2025-08-10T14:36:32Z
@gshs5247,쿠팡은 이용안해봤는데 저는 컬리 잘 사용하고 있어요 제가 마트가서 사오는 거보다 새벽에 갖다주니 고맙고 마트랑 다른점이 유명가게꺼도 같이 사먹을 수 있어서 좋아요 가격도 제가 왔다 갔다 하는 시간에 비하면 괜챦다고 느끼는데 파산위기설이 있다니 아쉽네요 그때까지 잘 사용하는 수밖에...,25,2025-08-10T14:10:30Z
@ouinon-b4u,컬리 야채 샀는데 엉망진창이라 개빡쳤었던 기억.. 심지어 공산품 가격도 쿠팡은 커녕 마트보다 싸지않음ㅋ 이용할 가치가 없음,0,2025-08-10T13:57:00Z
@차현석-c6l,"망하지마 이런상황 시작?
끝",0,2025-08-10T13:44:17Z
@미루미루-p6w,가격 앞에 장사 있나. 나도 컬리 쓰다가 쿠팡 바꾼지 한참 됐다...,0,2025-08-10T13:18:19Z
@chancerydawkins,초반에는 컬리 음식 질이 좋았는데 나중에는 질이 떨어진 느낌이더라. 결국 멤버십 취소하고 어플 지웠다. 퀄리티 관리가 될 때 까지 다시 쓸 마음 없음,0,2025-08-10T13:17:19Z
@JCY-k4x,"컬리만의 이야기로는 들리지 않는군여 현재 우리나라랑 처한 현실의 축소판이라고 
생각합니다. 성장제일중의가 낳은 결과가 지금의 나라경제를 옥죄고 있는건 사실 아닌가
대출받아서 무조건 사업벌리면서 거품만 만들다가 와르르 무너지는게 한두번 인가",0,2025-08-10T12:58:02Z
@초사이어인-q6q,문자옴 할인 쿠폰 왔다고  클릭하면 그런url벖다고 나옴  그래서 이용 못함,0,2025-08-10T12:56:41Z
@칼세이건-w2j,잘가 컬리야. 현실은 냉혹하다,0,2025-08-10T12:48:03Z
@쩡-q3e,김슬아 대표가 바쁜 워킹맘은 아니었을텐데? 아기는 없는것으로 암,0,2025-08-10T12:11:56Z
@뭉의,유통의 역사를 바꾼건 컬리가 아니라 쿠팡이라고 생각함,1,2025-08-10T12:05:13Z
@오재훈-w2t,"온라인은 쿠팡과 네이버, 오프라인은 이마트  그외에 경쟁한다고 들어본적이 없는데 ㅋㅋㅋㅋ 컬리가 언제 잘나갔음 G마켓을 정용진이 무능하게 3조에 삿지 그외에는 뭐.",0,2025-08-10T12:04:06Z
@HealingKiller,쿠팡이 로켓 후레쉬를 하는 것이 신선식품 당일배송의 컬리 경쟁력을 갉아 먹음. 지금은 가성비를 따지기에 가격 생각 안하고 빨리 받겠다는 소비자는 소수임. 그리고 컬리 새벽 배송도 해봤지만 사실 배송 체계는 생각 외로 원시적임. 컬리 물류센터에서 지역 창고로 대형 윙바디에 빠렛트로 싣고 온 후 컨베이어 벨트에 까대기를 하는데 기사들이 우르르 몰려 자기 배송 상품을 찾고 또 물건이 한번에 안오기에 계속 트럭을 기다리면서 세대별로 분류해야 함. 그걸 또 배송 순서를 짜고 차에 실어야 함. 그 시간이 운 좋으면 2~3시간이고 4~5시간 걸리는 경우도 있음. 양도 많아져서 새벽에 운송 끝내기가 어려움. 신선? 포장을 잘하고 아침까지 배송을 끝내니 큰 문제는 없지만 컬리 물류센터에서 분류가 다 되어 기사는 물건만 싣고 다이렉트로 가면 좋겠음. 기사 편하자는 것보다 고객을 위한 물류의 효용성 차원에서임.,8,2025-08-10T12:01:02Z
@HJJ-h3p,"19년도-20년도까지 이용하다가 지금은 전혀 이용을 안하는데 개인적으로는 별로 좋은 경험은 아니었음. 배송기사님 고생하시는거는 아는데 기사님이 매일 매일 바뀌고, 매일 문앞이 아닌아무 곳이나 던져두거나 꽃배송을 시켰는데 스카치테이프로 대충 묶어서 윗 봉우리가 다 죽어서 온다던지 내가 살던 지역에서만 그런건지 시스템적으로 문제가 있어서 개선 요청을 했으나 전혀 개선되는 것 없이 나만 화가나는 구조였음. 1년동안 너무 열받는 일이 많아서 책임담당자와 통화하고 싶다고 해도 어렵다고 얼머무리면서 상담사들만 매일 실드치느랴 고생했었음. 문어발 식으로 사업 확장하고 정작 문제점들을 개선 안한다고 언젠가는 망하지않을까 생각했었는데.. 컬리에 너무 많은기업들이 투자에 묶여있어서 모르겠네",1,2025-08-10T11:49:40Z
@JohnDoe-wl5sf,컬리가 신선하다는건 이미지 메이킹 아닌가?  직매입관리 상품 거의 없잖아.  공산품이나 이런거 다른 플랫폼에서 똑같이 파는 거임.  그냥 포장만 이쁘게 해서 이미지 메이킹을 했고 그게 먹혔던거지.  이제 그게 슬슬 안먹히는거고,1,2025-08-10T11:48:51Z
@샌드라71,저도 잘 이용하는데 쿠팡과 같은 가격으로 이런 서비스를 하려면 적자가 나긴 할 것 같아요.,0,2025-08-10T10:41:27Z
@백달봉,"컬리 나름 괜찮지만 지속 사용은 아닌듯... 가성비가 떨어져. 제품도 비슷한데.
  잊은지 오래다.",1,2025-08-10T10:20:39Z
@oh3352,"컬리 솔직히 시켜보면 대 만족인데.. 품질도 그렇고ㅜㅜ
경기가 안좋아지고 쿠팡이라는 괴물같은 유통이 저가로 때리니 
답이 없나보네,, 좀 비싸도 퀄 훨씬 좋던데ㅜㅜ",8,2025-08-10T08:59:36Z
@평화-g7u,컬리는 제품이 좋은데.... 아쉽네요.,0,2025-08-10T08:43:03Z
@mipa5190,몇번 시키고나니 맨날 먹던것만 먹게돼서 이제 더 이상 안사게 됩니다. 식품이 너무 한정돼있어요. 다양한 밀키트가 나온다면 너무 좋을거 같은데요.,0,2025-08-10T08:27:11Z
@dragono-7642,"그래서 싸게 팔면 안된다. 단 시간에 고객 잡는건 무료정책인데, 그 맛을 보게되면 그것만 기다린다. 절대 무료로 뿌리면 안된다. 유통임박 상품도 아니고...",0,2025-08-10T08:26:15Z
@user-qk8oe6we9g,"꾸준히 배송비 챙겨받고, 제품 가격은 타 업체보다 비싸고...회원임에도 거의 안 사게 됨",0,2025-08-10T08:13:46Z
@Rabbit2mari,"컬리에 물건 입고시킬때 얘네들 빡세게 함 ㅎㅎ
모든곳이 그럴수도있겠지만은
컬리는 신선에 엄청 신경쓰는건 확실했었던",5,2025-08-10T07:35:39Z
@archurban,새벽배송은 한계도 많고 특히 여름엔 배송기사들 죽을 맛이지. 그게 계속 잘날것 같냐? 이제 나락으로,0,2025-08-10T07:33:37Z
@ymj4040,컬리 퀄리티가 좋아서 ...잘 되면 좋겠다요,0,2025-08-10T07:27:24Z
@보라색커피,일단 비싸면 망해요. 서민들이 더 많은세상. 근데 한남동 비싼 주택가도 쿠팡바구니 문앞에 많더만ㅎ..왜 쿠팡에 밀린건지 잘생각해 보길..나도 걸리썼었다 그러나 쿠팡으로 바꿈.,0,2025-08-10T07:22:29Z
@젠득-x9i,컬리 없어지면 안돼 ㅠㅠ,0,2025-08-10T07:03:49Z
@릭봉구스,끝났다고 봐야지,0,2025-08-10T06:56:49Z
@jay-rhee,"공유오피스인 패스트파이브가 완벽히 판박이 경영으로 벤치마킹(?)을 하고 있네요~ 흑자는 성장으로 이루는게 아닌 극단적인 비용절감(직원 복지, 급여, 고정비)으로 당장의 성과만 보여주고 IPO를 통한 상장,,,,,,,,투자자들의 손실......결국 경영진놈들만 배부르게 하는 구조",0,2025-08-10T06:56:27Z
@yong-bh1oj,"컬리와 쿠팡은 IPO 이후로 완전히 다른 길을 걷게되었다고 생각해요. 쿠팡은 매우 좋은 시기에 나스닥에 성공적으로 상장해서 수조원대 자금조달에 성공, 국내 이커머스 장악에 성공했는데 컬리는 코스피와 나스닥 저울질에서 너무 많은 시간을 빼앗겼죠..

그래도 일단 에비타흑자를 넘어서 분기 영업익 흑자를 달성했고 유료멤버십을 활용한 마케팅비 축소처럼 대부분의 이커머스 기업들이 추구하는 매우 이상적인 흑자전환 루트를 차근차근 밟아가고 있는 모습을 보면, 컬리는 영상에서 다루는 파산설과는 거리가 멀고 제2의 쿠팡은 어려워도 컬리만의 길을 나아갈것으로 보여요.",3,2025-08-10T06:43:49Z
@Emma-ny4pl,"진짜 궁금하다 김슬아대표는 그렇게 유명기업들의 흥망성쇠를 본 컨설턴트였으면서도 이 미래를 못본것인가..? 
고객의 니즈 시작 아이디어는 좋았으나 미래가 너무도 뻔했다. 돈을 벌수없는 구조다. 아마 식품쪽에서 일해본 사람은 누구나 알 것이다. 
컬리 구조를 보면 컨셉으로 성공했으나 컨셉으로 망했다 싶음..
1. 플랫폼은 광고도로 정말 큰 수익을 내는데 컬리는 뭐 고품질 컨셉이니 광고 못해 (오늘의집이 예전엔 광고없다가 슬 광고오픈함)
2. 고품질이니 비쌀수밖에 없어 
3. 마진 젤 안남는 식품으로 이미지 굳어졌으니 어케... 
어떻게 살아남을지 정말 궁금하다",0,2025-08-10T06:24:35Z
@킬킬킬킬,컬리 새벽 배송은 진짜 좋은데 과일은 비싼데 맛이 없고 야채는 이쁜데 비싸고 양 적고 진짜 뻥 안치고 양상추 같은거 시키면 같은 가격에 반에 반만한거 옴 걍 급할때나 귀찮을때 사용하는 정도고 평소에 절대 안이용하는 플랫폼,0,2025-08-10T06:21:59Z
@quadra4187,"쿠팡만 아니였으면 몇몇 이커머스 업체들이 시장을 나눠 갖었을텐데,
쿠팡이 시도한 스케일이 훨씬 컸고 나스닥 상장을 통해 자본 조달이 가능해 지면서 치킨 게임의 승자가 됐음.
소비자들은 웹사이트만 들어가니까 쿠팡의 물류센터 규모를 잘 모르는데,
전국에 갖춘 물류센터는 정말 압도적임 아니 걔들 말처럼 풀필먼트를 완성했음.
그러니, 쟁여 놓을때도 많으니 한번게 매입 할 수 있는 양 자체가 다름.
여기서 단가 경쟁력이 차원이 다른 것임. (싸게 팔수 있음)
거기에, 배송을 자체적으로 할 수 있으니 더욱 강점이 생겨버림.",0,2025-08-10T06:05:22Z
@zboban3426,컬리는 망해도 대표는 잘산다,0,2025-08-10T05:24:02Z
@성모우,한번도 흑자를 못 내면 결국 투자를 못하면  부도나는거지.  좋은 회사가  살아야 될텐데,0,2025-08-10T05:20:38Z
@iliiillliilliilliillll,"""컬리""와 비슷한 ""그립""도 곧 저꼴날거 같던데...",0,2025-08-10T05:14:42Z
@J.Kim7,"모래 위의 성이 생각난다…
근데 지금도 사람을 뽑아대고 있다니…",0,2025-08-10T03:38:43Z
@로켓단-r3p,쿠팡을 누가 이겨ㅜㅜ,0,2025-08-10T03:33:41Z
@D.s-i2t,무능함에 극치네 창업이후 한번도 수익이 없으면 ㅋㅋ,0,2025-08-10T03:33:15Z
@ntower701,이제 한국신용데이터를 봐주세요,0,2025-08-10T03:02:08Z
@deramm12,컬리 제품들 다 퀄리티 좋아요. 특히 신선제품들은 정말 좋아서 매주 시키고 있어요. 컬리 망하지말아줘요😭😭 쿠팡이 독점을 하게끔 두면 안됩니다.,284,2025-08-10T02:49:08Z
@sheonlee9944,"하부 조직에서 얼마나 메뉴얼에 맞지 않게 일하는지 알면 대기업의 미래를 알수 있지.
컬리는 각성해야 버틸수 있음.",0,2025-08-10T02:46:02Z
@jungseunghyun0414,5:07 영업이익과 매출그래프가 반대인듯… 나는 맨날 오탈자 내면서 남의 오탈자는 왜이렇게잘보이는겨..,0,2025-08-10T02:37:18Z
@대장주스나이퍼,안타깝 ㅠㅠ,0,2025-08-10T02:00:54Z
@하루종일-f5s,대공황형 컬리로변신하면 미래가있습니다,0,2025-08-10T01:57:53Z
@김수현-g8i5d,정말 좋은 이미지 였는데.. 너무 아쉬운 회사,0,2025-08-10T01:54:56Z
@prettygood_xoxo,탈출이 답,0,2025-08-10T01:47:34Z
@whoruk5528,"쿠팡쓰는집은 10집중 6~7집인 반면
컬리쓰는집은 10집중 1~2집임..",1,2025-08-10T01:11:34Z
@시리우스-w8s,쿠팡도 처음에 적자일때 이런 영상 많이 올라왔지 ㅋㅋ,1,2025-08-10T01:04:09Z
@위대한나아감,"온국민 배달화
편하게 배달은 누군가의 극단적희생
곧 모두 배달한다",0,2025-08-10T00:56:30Z
@흑맥,기업가치 4조원이라는거 자체가 거품이라는 소리죠. 저딴 회사가 무슨 4조 ㅎㅎㅎ,0,2025-08-09T23:54:29Z
@요호호-b5l,쿠펑도 적자 몇년씩 수혈받으면서 버텼지,0,2025-08-09T23:40:45Z
@togilove534,찾는 게 없을 때 많고 너무 비쌈,0,2025-08-09T23:20:41Z
@메이포,새벽에도  노동자들을  굴리는.법을  퍼뜨린 기업.....그게  역사에  어떻게  남을지,0,2025-08-09T23:01:26Z
@나삐누-p1i,안돼. 컬리 살립시다.,0,2025-08-09T22:48:34Z
@hjkim1121,컬리는 고급 식자재로 가닥을 잡고 특화 했어야 했다.,0,2025-08-09T22:26:51Z
@사자왕-v9n,"컬리가 실패한게  뭔지알어
너무 매출이 수도권 이나 경기권에 집중이 되있다는거야 
진짜 회사가 발전할려면 전국의 유통망을 깔아놔야하는데 컬리는 제품퀼리트보다 유통망이 망해서 이렇게 된거지
그리고 중국돈을 먹으니 얼마나 옆에서 관여를 하겠음 ㅋㅋㅋㅋㅋ",1,2025-08-09T21:23:14Z
@akakakakhan668,암탉이 울면 집안이 망한다 ㅋㅋㅋ,0,2025-08-09T19:11:19Z
@kfjsd8638c,컬리 망하지마세요. 제발요. 배송 음식으로 봤을때는 컬리가 제일 퀄리티가 좋음. 쿠팡 야채 이상한거 썩은거 많이 옴.,0,2025-08-09T18:56:45Z
@지니-m1g,아침밥상이 성공했을듯요 야채 아침에 받아서 손질하겠나요? 저녁에 장봐서 손질하죠,0,2025-08-09T17:56:44Z
@긴가쟌,기술이 아닌 아이디어로 만든 기업은 자본에 잠식되징. 돈많은 대기업들이 똑같이 따라하니 치킨싸움에 되것어?,0,2025-08-09T17:40:01Z
@닝겐지표,컬리 좋은데..자주 쓰고있는데,0,2025-08-09T17:19:01Z
@영써티,Ai좀 그만쓰셈,0,2025-08-09T16:28:48Z
@스미는햇살,"컬리?그 딴걸 시키는 사람이,있구나",1,2025-08-09T15:27:14Z
@user-iz6nd4zb2v,5:08 그래프 거꾸로 만들었어요,1,2025-08-09T14:32:57Z
@Blatube79,컬리 너무 좋은데.. 없어지면 안되요ㅜㅜ,0,2025-08-09T14:11:32Z
@karmesok,회사는 부도나도 창업주는 이미 부자..,0,2025-08-09T13:23:20Z
@brandonchoi4296,컬리가 망하면 안된다 경쟁해야한다 컬리 흥해라,0,2025-08-09T13:14:16Z
@최민식-s2r,배송 별로. 집앞이 아니라 아파트 공용현관에 두고 가버림.,0,2025-08-09T13:09:57Z
@wendy-ox2pe,역마진으로 만들어진 고객의 만족도. 그건 자선이지 사업이 될수 는 없지. 위메프 티몬처럼 쿠폰 막뿌려서 거래액 부풀리기 돌려까기로  만들어진 비즈니스의 결과를 보았자나.고객으로서는 아쉽지만 오래 못버틸듯하다.,1,2025-08-09T12:52:57Z
@sgkit5222,광고모델이 전지현인 거만 기억나는데,0,2025-08-09T12:23:45Z
@AblyNa-q8n,비싸지만 항상 퀄리티가 좋아서 쓰고 있어요 컬리 화이팅 물론 조금 더 싸면 좋겠지만,0,2025-08-09T11:53:06Z
@meiyoon9311,"애초에 주요 타겟의 시장이 크지 않았는데 너무 욕심을 부림.
컬리의 고급 상품과 고급 시스템(포장지 등)을 감당할 소비자가 많지 않은데 쿠팡처럼 모두를 감당하려고 했던게 문제임.

그리고 가서 알바해보니 업무 자동화가 하나도 안되있음. 상품 집품, 포장 작업이 완전 주먹구구식이라 쓸데없는 인력낭비가 많음.
쿠팡은 겁나 효율적으로 잘 부려먹는데....",0,2025-08-09T11:52:29Z
@cometogarden,처음보다 마케팅이 너무….  업계에서 아무도 안했던거고 원하는 사람들이 있었으니 성공한거. 하지만 몇 년간 트렌드 못따라감. 키웠으면 유지를 해야 하는데 그 감을 못키움. 사람들이 컬리만 사용하진 않을텐데 그걸 간과함. 하지만 어려운 시기에도 이겨낸 플랫폼이 많으니 잘 이겨냈으면 좋겠음.,0,2025-08-09T11:02:34Z
@swlee9770,"마켓컬리 안쓴이유는 단순하게 쿠팡보다 비쌌음 ㅋㅋ 왜 사겠음. 쿠팡도 공격적으로 로켓프레시 했는데..
싼적도 있겠지만 한번 들어가본 고객을 가격 메리트로 잡아야 하는데 그러지 못함.",0,2025-08-09T10:51:13Z
@톰킴-t1n,"너무비쌈 
몸값올랐을때 대기업에 팔지",0,2025-08-09T10:23:50Z
@WhatIfMovie9,"기업이 성공하는 가장 이상적인 그림은 독점기업이 되는것이고, 독점기업이 된다는건 남이 안하는것보다 남이 못따라오는 비지니스 모델을 만드는것이죠.",0,2025-08-09T10:14:12Z
@보나피데79-m7e,컬리에서 일하는 분들께는 죄송스런 말이겠지만 중국자본 들어간 회사의 결말은 정해져있죠. 중국자본은 결국 망하게 되어있다고 봅니다.,1,2025-08-09T10:11:18Z
@moneymoney4537,"공중파 뉴스 기자 보다 훨씬 잘 만들었다.
내용도 알차고 , 팩트로 후리고, 적확한 데이터로 말하고. 잘 보고 갑니다.",5,2025-08-09T09:55:55Z
@암튜브-w7p,에비따😊,0,2025-08-09T09:55:39Z
@hjhj121,컬리 잘만 쓰고있는데,0,2025-08-09T09:29:10Z
@중년마마-d2n,컬리 한번도 이용 안해봤넹.,0,2025-08-09T09:18:04Z
@메텔-m9u,"결국 엑시트도 못하고 
과대포장 엄청 건의해도 자기철학 강조
골판지회사 밀어주는줄 알았어요
과대포장 친환경역행하는데
한때  더퍼플 고객으로 가슴아픕니다
가슴아프네요",1,2025-08-09T09:00:11Z
@문효순-i9j,컬리 사랑하는데,0,2025-08-09T08:48:03Z
@bertgil8402,배송이 개판임..공동 현관에 던져놓고 가서 다신 안시킴..쿠팡은 칼 문앞 배송,1,2025-08-09T08:38:42Z
@김이삭j,"돈없고 가난할땐 쿠팡쓰는데
여유있으면 컬리씀
품질이 압도적임",0,2025-08-09T08:32:46Z
@김이삭j,"컬리가 망할리가 없음
브랜드 포지셔닝 확실함
최근에 돈독올라서 브랜드 색깔 파괴해서 주춤했던거지",0,2025-08-09T08:31:34Z
@러프한여자,난 왜 컬리 한번도 안시켜봤지??,0,2025-08-09T08:30:59Z
@ssrrcrcttysuesue,컬리만 사는 1인ㅠㅠ 독특한 제품들 비싸고 양적은 감은 있음..,0,2025-08-09T08:21:05Z
@feitahd,"솔직히 엄청 비싸서 안사먹게 됨. 컬리사느니 오아시스에서 사고.
오아시스에서 사느니 쿠팡에서 사고말지",0,2025-08-09T08:09:04Z
@필립-n8j,강남 구매력이고 나발이고 전국 집순이들이 외면하면 매출 안나온다,0,2025-08-09T08:08:34Z
@zenith_aaa,컬리 비쌈ㅜㅜ,0,2025-08-09T08:03:01Z
@qawsedrf-q4v,저기요 나레이션이 너무 하이톤이라 듣기 힘드네요 컨텐츠 집중이 안되네요  저만그런가요,0,2025-08-09T07:56:32Z
@eong-cats,쓸데없이 전지현처럼 비싼배우불러 홍보마켓팅 광고에 수백억 쓰지 말고  차별성 있는 독특한제품발굴개발에 투자하기 바람,0,2025-08-09T07:52:25Z
@eong-cats,한번만 쓰고 비싸서 쿠팡이츠로 바꿨어요.,0,2025-08-09T07:49:04Z
@rittyritty1019,"컬리만 쓰는데 ㅜㅜ
없어짐 안돼요",3,2025-08-09T07:43:06Z
@BigStuff29,진심 기업 운영이라는게 감정으로 아닌 이성으로 해야되는데...,0,2025-08-09T07:41:25Z
@longsuffering-1,"스타트업 대표입니다.
왜 우리는 투자받기 어려울까요? 
컬리보다 더 사업성 있는 회사들 정말 많습니다.
사업에도 출신을 따져야되나요 ㅎ",0,2025-08-09T07:36:37Z
@durioh8911,"질 좋은걸 선택하기엔 국민들의 주민들의 사정이 않좋지.
알리 테무로 더 저가를 찾는데",0,2025-08-09T07:14:25Z
@이영훈-i9v,매출이랑 영업이익 그래프에서 색깔이 잘못되었습니다,0,2025-08-09T06:34:42Z
@단독주택-x7j,그냥 안타깝다 마켓컬리는,0,2025-08-09T06:26:26Z
@jjkim6969,딱 한번 시켜봤는데 식재료 품질이 너무 형편없어서 다시는 안시키게 되었음... 오히려 쿠팡이 훨씬 신선함,0,2025-08-09T06:21:48Z
@miumiutto6825,종이박스 너무 불편함!! 그렇다고 포장상태가 좋은것도 아님!! 화장품은 왜 하는건지 모르겠음 !,0,2025-08-09T06:19:20Z
@진형송-n1k,애초.. 마켓컬리가 성공할수없던건.. 대항마인 쿠팡이있고 대체 기업들이 많았다라는거임...,0,2025-08-09T06:16:27Z
@springtofall,아빠가 김난도 트렌드 쓴 작가아닌가,0,2025-08-09T06:09:17Z
@ljjlilljljllijjjlilllll,결국 초반에 아이디어 거절했던 대기업이 맞았던거임ㅇㅇ 거기다 블랙록 출신이든 뭐든 여자 ceo가 경영해서 성공한 사례 자체가 단 하나도 없음 여자가 그것도 한국여자가 경영하는 회사에는 투자하는거 아님,1,2025-08-09T06:07:21Z
@냥냥고-i8b,"1. 사이트가 너무 여성향이라 남성고객 비율낮음
2. 식품 카테고리 전물몰이라 매출확장성 낮음
3. 쿠팡이라는 강력한 경쟁업체의 존재

결론 : 하늘이시여 왜 컬리를 낳으시고 또 쿠팡을 낳으셨나이까",1,2025-08-09T06:03:00Z
@MrHyde-yr5vr,"방법은 하나뿐..
대대적으로 뼈를 깎아 구조조정 하고.. 완전히 밑 바닥 부터 다시 시작하는 것.
정체성 = 빠른 새벽 배송 과 고퀄리티 신선 식재료를 취급한다에 몰빵하고..고급화 전략도 다시 수립해서.. 아이덴티티를 키우는 방식으로 가야한다.
오랜시간이 걸리겠지만.. 이 바닥에서 지분을 조금이라도 유지하고.. 살아남으려면 저것 밖에 방법이 없다. 1%의 점유율로 시작해서.. 매년 0.5%씩 키워나가라. 그것 뿐이다. 그게 아니면 접어야 한다.",0,2025-08-09T05:46:07Z
@킹즈-king,망하지마라 제발 ㅠ,0,2025-08-09T05:40:16Z
@youngjunlee3939,"BM 자체가 잘못 짜임. 독점 제품, 독점 공급망 없는 이상 더 개방적인 마켓플레이스에 잡아 먹힐 수 밖에 없음. 이커머스 업계 경험 없는 아줌마가 첫 단추부터 잘못 끼워넣은거. 반면 쿠팡은 아마존이란 이미 검증된 정답의 모든 걸 배낌. 마켓플레이스는 결국 판매자들이 돈을 벌도록 하고, 그 돈을 벌기 위해 판매자들이 일을 하게 해야 한다. 컬리MD는 매일 전화와서 기획전 뭐 넣자, 어디 배너 얼마 짜린데 여기 넣어준다 그런 말 밖에 안 함. 파는 제품에 대한 지식은 특정 제품만 취급하는 수입사나 도매상보다 훨씬 못한데 뭔 큐레이팅 이러는거 보면 어이가 없음. 내부 시스템이나 셀러 시스템은 ㅋㅋ 컬리MD가 저희 시스템이 좀 구려요 하고 양해 구할 정도.",0,2025-08-09T05:34:16Z
@skincia-q3p,"사진과 다른제품 보내서 반품해달라고 했더니 사진만 틀리다고 안해주는데, 정말 여긴 망하겠구나 생각들었는데 결국... 반품은 쿠팡이 최고!",0,2025-08-09T05:32:06Z
@TV-tn2fc,내 주변에 컬리 이용하는 사람이 단 1명도 없다. 누구나 다 써야 돈이 되는거야. 순수 전기차도 0명이다. 처제가 하이브리드 니모인가 뭐시기인가 끌고 다니고.,0,2025-08-09T05:27:07Z
@Heajin-mn3oi,쿠팡 땜에,0,2025-08-09T05:13:25Z
@Heajin-mn3oi,"아직도 4천억
팔지~~~",0,2025-08-09T05:12:33Z
@ovloh,요즘은 백화점에서도 배달,0,2025-08-09T05:03:40Z
@영학김-f3m,"쩐이 말라
주문 못하는거내",0,2025-08-09T04:57:53Z
@보노보노-y1z,컬리 안쓰는 이유가 배송이 거지 갔기 땨문이다. 제일 황당했던게 공동현관 비번을 모른다고 1층 입구에 물건 내다 버리다 시피 놔두고 배달 완료 연락도 없이 그냥 가버렸다는 거다 몇일 뒤 이웃들이 이상하게 여겨서 사진을 찍어서 아파트 공동 게시판에 올려서 알게 되었다. 요즘 아파트 90프로 이상이 지하 주차장으로 다니는데 컬리는 이런 기본 인식이 안되어 있어서 망하는 테크를 타는 거라고 본다,1,2025-08-09T04:53:50Z
@원밀-q8m,저는 개인적으로 마켓컬리 싫어요,0,2025-08-09T04:46:24Z
@rosakim7175,쿠팡 쓱 다 쓰지만 식품은 늘 컬리에서 산다. 왜? 퀄리티가 좋으니까. 근데 그걸 포기하는 순간 다른곳으로 가겠지. 컨셉 잘 잡아야할거다 컬리,0,2025-08-09T04:44:42Z
@도식이다,"뭐 경영이 좀 약하다말고 소비자들이 체감하는 손해는없는 편이니 뭘 어찌하던 잘 살아나길 바라요
기업들 화이팅",0,2025-08-09T04:40:30Z
@TV-po8zf,컬리좋은데.....,1,2025-08-09T04:35:37Z
@나영-d9g,배송비 끝까지 꾸역꾸역 받는거보고 이젠 구매안한다,0,2025-08-09T04:21:21Z
@jungsanglee4888,사퇴하세욧,0,2025-08-09T04:04:41Z
@개돼지감별사-f,컬리 안망한다. 걱정마라,0,2025-08-09T04:04:36Z
@Naviers0721,마켓컬리 홈페이지 처음 가봤는데 과일쪽 설명을 너무 잘해놔서 놀랐네;;,0,2025-08-09T04:03:37Z
@leesh771,"모델들을 너무 비싼 사람들을 썼음..전지현, 제니..모델료로 돈 너무 썼지..그리고 원래 컨설팅 출신들이 다른 회사 분석은 잘해도 내 자신에겐 냉정한 평가 못함",0,2025-08-09T04:02:58Z
@김수현-g9v1k,"필요한 서비스이지만
이익창출은 안됐구나~",0,2025-08-09T04:02:04Z
@멍청아,마켓컬리는 4천억도 비싸다,0,2025-08-09T04:00:34Z
@apple6276,지들끼리 해먹는 느낌....... 진입장벽이 너무 높음 국내에서 현실적으로 쿠팡 이길 수 있나? ssg도 4만원 이상 무료배송 옘병 때문에 절대 못 이길 것 같던데,0,2025-08-09T03:57:59Z
@iong1870,없어지면 안됨. 서로 견제해야 소비자에게 득이 됨. 독점은 결국 소비자에게 손해,0,2025-08-09T03:54:10Z
@gysuh,"컬리 이욤해보면  안다.
질좋은 제품들과 종이포장재 등..컬리만의 매력이  분명 있기때문에 꾸준히 이용중이다.
어려움도 있겠지만  잘 해결돼서 계속 성장해 나가는 기업이 되길 바란다~~",981,2025-08-09T03:43:23Z
@jhc2612,컬리 힘내라 애용자,0,2025-08-09T03:37:51Z
@juhyekim3739,프리미엄 이미지로 가려고 했으면 1년에 멤버십 가입비 10만원씩 따로 받고 관리할 수 있는 고객만 유치했어야 했음 어중이떠중이 다 받으니까 배송 관리 안되고 상품 누락 빈번하고 블컨한테 공짜 보상비 퍼줌 정작 많이 살만한 고객도 안쓰게됨,0,2025-08-09T03:36:06Z
@aaa-lt1jr,10분 경제이야기 9개월전 컨텐츠랑 너무비슷..,0,2025-08-09T03:34:32Z
@logankent634,"정육각, 컬리... 그 다음 타자는?",0,2025-08-09T03:33:47Z
@happppppy-0601,컬리사장은 이미 팔고쨌잖아,0,2025-08-09T03:31:01Z
@Nolsarang528,앞서 나간것도 있지만 경쟁자가 너무 강한것도 있고 인구문제 경제불황 등 모든것이 연결된듯 . 앞서나간 마인드는 맞음.,0,2025-08-09T03:26:06Z
@_b_ba,"내부 개발자가 근본적인 문제의 원인을 해결하기 위해 건의를 하였으나, 개발자도 아닌 문과 애들이 거부함. 꾸준히 근본적 원인을 해결 해야 함을 어필하다가 대표한테 까지 말했지만, 무시... 당연히 이직으로 귀결. 내부 문제가 인지 되었을때, 적어도 지금 해결이 안되는거라면 우선순위를 정하고 나중으로 미루고 나중에라도 해결하면 되지만, 컬리는 그러지 않고 무시로 답했다. 작은 문제도 이런식으로 해결한다면 다른 것들은???  개발자 무시하고 문과 애들이랑 짬짜미 하다가 망한 기업이 주위에 보면 한둘이 아니다. 개발자들이 탈출을 한다??? 그럼 결과는 하나야. 그 개발자? 네이버 감. 끝.",8,2025-08-09T03:21:42Z
@머임마-b5h,그냥 쿠팡에 통폐합 됐으면 좋겠다,0,2025-08-09T03:13:29Z
@asapkorea,컬리만의 장점이 있는데 ㅜㅜ 제발 롱런하길,0,2025-08-09T03:11:29Z
@miragolee,쿠팡보다 신선제품이 여전히 질이 좋음ㅠ 망하지마😢 그런데 포장이 넘 엉망이 되서..  냉동식품이 녹아서 와,0,2025-08-09T02:59:43Z
@우솔심화폰_초등,버텨주세요ㅠㅠ,0,2025-08-09T02:57:10Z
@동물의왕국-c7f,"예전에 여기 영업했었는데
갑질 심하던데ㅋㅋ
꼴 좋다",1,2025-08-09T02:56:55Z
@oscarjeong9438,"쿠팡이 앞서 나갈 수 있었던 이유는 일단 잡화점으로 시작했는데, 게다가 더 싸게 줌...실제로는 같은 제품을 다른 가격에 다른 고객에게 제공한 것인데..그게 먹혔음.",0,2025-08-09T02:45:32Z
@sandgold2288,"여기뿐 아니라 홈플, GS 다 좀 이상함..제대로 잘 살아나기를 바람",0,2025-08-09T02:40:21Z
@interest6268,"그게 되겠어? 
실제로 안됐다고 한다 ㅋㅋㅋㅋㅋㅋㅋㅋㅋㅋ",0,2025-08-09T02:38:15Z
@Angie-vf5ro,"솔직히 배송상태(포장상태)와 신선식품 퀄리티가 타사대비 훌륭해서 가성비 안따지고 컬리 이용한다. s*g, 쿠* 은 그리 저렴하지도 않지만 저렴하더라도 저렴하기때문인지 배송상태가 늘 엉망이라 이용을 잘 안하게 된다. 내가 컬리를 좋아하는 이유.",0,2025-08-09T02:17:48Z
@jhs5535,여배우만 흑자네😢,0,2025-08-09T02:17:44Z
@너의본전은,몇년전부터 알바들 밥값도 안줄때 탈출,0,2025-08-09T02:15:00Z
@jay-y5c1e,아쉽네요. 지금도 여전히 컬리를 애용하고 다른 쇼핑몰에 없는 신박한 아이템이 많아서 좋아하는데… 회복을 기대할 수 있을까요?,8,2025-08-09T02:10:44Z
@---tp9wi,새벽에 물류비가싸다고?? 개똥 같은 소리 ㅋㅋㅋ,0,2025-08-09T02:03:20Z
@wynwyn86,"쓰레기가 너무 많이 생겨 주문하기 망설여져요..
당대 탑 모델을 쓰니..보여지는 것에 지출이 많아요",0,2025-08-09T01:51:25Z
@ARBA753,투자자금 때문에 엄청나다고 착각한거지 다른 기업도 다 할수있었던건데 딱 그냥 빠른배송 경쟁을 부추긴 것 정도의 의미,0,2025-08-09T01:25:41Z
@지금이순간-k9m,식자재 받아보면 안다. 컬리만큼 좋은 품질은 없음.,0,2025-08-09T01:14:47Z
@user2022-z2d,"컬리 문닫음 안됨😢😢😢 퀄리티, 가격, 빠른 배송 다 만족스러워서 자연드림서 컬리로 갈아탔어여..",32,2025-08-09T01:07:49Z
@햄버거-e5d,잘만들었습니다ㅡ유트브,0,2025-08-09T00:59:39Z
@bibianak3739,"캐시 플로우 아작나고 매입채무 급증했는데 에빗다를 저렇게 만들어 제시한다고?.. 재무제표 조금만 볼 줄 아는 사람이면 쳐다도 안볼 기업인데 도움도 안될 분기 보고서를 굳이 왜 만들어 돌린거지 ...? 비상장사면 차라리 그 메리트를 이용하는게 낫지 않았을까... 대표이사 지분율이 너무 낮은게 문제인듯,.. 저정도 지분율이면 결정권은 거의 없다고 봐야하지 않을까..사공이 많아 산으로 간 느낌",1,2025-08-09T00:59:13Z
@In_seng인생,자본이 깡패지 뭐.,0,2025-08-09T00:47:43Z
@wherewhy4268,ㅇㅇ출신 이런거 필요없다. 숫자로 증명해라. 고객들이 왜 안쓰는지 분석을 못해냈음.,0,2025-08-09T00:42:18Z
@황혜미-r1g,돼지고기 시켰는데 정말 맛도 좋고 질이 넘 좋았음,0,2025-08-09T00:34:09Z
@황혜미-r1g,컬리 물건 좋아요,1,2025-08-09T00:33:30Z
@yearnsoojeong7836,분석 잘했음,0,2025-08-09T00:27:18Z
@herwerld,정말 좋아했었는대 판매하는 아이템도 찾으면 쿠팡에 다있고 뷰티가 제일 어이없었고….,0,2025-08-09T00:23:44Z
@WL-ui7of,"솔직히 뭔 경쟁력이 있다고 저렇게 투자를 했는지 모르겠음
새벽배송를 따라할지 몰랐다고?
이게 제일 개소리 아님?
새벽배송하는게 아무나 못 만드는 반도체 같은 고급 기술임?
그냥 사람 써서 새벽에만 배송하면 되는 거임.

쿠팡은 근데 거기에 아예 차별점을 두어서 몇조의 돈을 들여서
물류 센터 짓고 적자 보면서 투자 했기 때문에 돌아선거고
컬리는 뭘 했다는지 모르겠음",0,2025-08-08T23:58:57Z
@옹옹옹-c6d,"재무제표가 받쳐주지 않는 투자는 허상이죠.
 돈을 못버는 구조는,갈수록  더 큰 부채를 강요하죠",1,2025-08-08T23:40:15Z
@0715882,웃기지마. 컬리들가봐 똑같은 제품이 두배비싸. 이게 오래가겠니. 난 몇년전부터 망할꺼라보았다,0,2025-08-08T23:37:05Z
@goraebabb,컬리가 살아날 방법은 하나다. 규모축소 압도적인 퀄리티 그리고 가성비. 내 댓글은 전설이 될것이다.,1,2025-08-08T23:18:53Z
@카오산고,"새벽배송...
안막혀도 비용더들죠",0,2025-08-08T23:18:36Z
@들개랑리치도도,인건비 때문 안됨,0,2025-08-08T23:12:31Z
@겨울이네-y2n,전 개인적으로 컬리 너무 획기적이었는데 쿠팡이 새벽배송 훔쳐가면서 대기업자본으로 쿠팡크고 컬리 망한거 같아서 정치게임에서 진듯한 느낌… 새벽배송은 특허내기 어렵겠지만 쿠팡도 고전을 면하지못하다가 그거 훔쳐다가 큰거 같다는 생각이 커서 끝까지 안썼는데 ㅠ 쿠팡없이 못사는 사람이되어버림 후..,0,2025-08-08T23:08:07Z
@김박-t5f,컬리제품이 단가가 너무비쌈,0,2025-08-08T23:07:59Z
@crabdollar,"쿠팡보다 컬리가 잘되길항상바라는데
휴..ㅠ 쿠팡은 미국인 미국기업
컬리는 한국인 한국기업임ㅠ",0,2025-08-08T23:06:34Z
@ericayoo5101,근데 컬리에서 파는 물건 중에 딴데서 잘 안파는 것도 있어서 컬리 자주 쓰는대,0,2025-08-08T23:05:17Z
@Giga_Pulse,저기에 상품 납품할때마다 존나 힘들었어,1,2025-08-08T22:54:19Z
@tmi6504,그래도난 컬리가좋아,0,2025-08-08T22:52:22Z
@mondainwizard3216,살게 없음 ;;;,0,2025-08-08T22:47:04Z
@닭털스트레인지-m4h,컬리 좋긴한데 비싸...,0,2025-08-08T22:33:59Z
@WaU-xd9pg,김슬아 회사 상장시키고 두둑히 챙길려다가 망했쥬?,0,2025-08-08T22:18:28Z
@y2goo,백종원과 협업하면 어쩌면 상부상조가 될수도 ...,0,2025-08-08T22:13:11Z
@아귀-m3j,망했지 탈출해라😢,0,2025-08-08T22:07:00Z
@ghv-g2q,거의 매일 컬리사용중인데 사라지면 안된다ㅜ,5,2025-08-08T22:06:08Z
@y2goo,"사업은 내가 하고싶은거 하면 망함.
애착이 가면 냉정함을 잃어버림.",0,2025-08-08T22:03:57Z
@user-Paolo_Maldini,응 이마트가 더 좋아 ㅎㅎ,0,2025-08-08T22:01:05Z
@y2goo,"중이 제머리 못깍는다고 남 기업 평가는 잘했는데..
우리는 사업이 똑똑하기만하면 된다고 생각하지만, 어림 반푼어치도 없는얘기다.
미국 굴지의 it 기업 오너들이 성공한 이유는 똑똑한데 냉정하기도 해야함. 
듣기좋아 냉정이지 가족같던 친구들 동료들 한순간에 잘 뒷통수 친 댓가가 오너라고 생각함.",0,2025-08-08T21:59:30Z
@헷헤-r4u,컬리 망하면 안됨 ㅜㅜ,0,2025-08-08T21:52:20Z
@씨바키싼토라이,컨설턴트 대표적사례 엘지한테 스마트폰은 없다 하던거나 잘해라 답은 나왔지,0,2025-08-08T21:21:49Z
@8888NOW,마켓컬리 하루 알바해보고 정떨어져서 어플 삭제해버림... 쿠팡보다 심해요.,0,2025-08-08T21:03:37Z
@macjuger,"혁신적인 아이템이었지만, 인프라가 없어서 절대 성공할 수 없는 회사였다. 인프라가 전혀 없었기에. 안타까운 현실이다.",0,2025-08-08T20:57:43Z
@jhb5625,"돈이 안되는건 유통 플랫폼이라서 그런거일듯..
왜냐하면 제조 생산 시설 없이
납품 업체들 인터넷 쇼핑 타사와 차이가 없어서
새벽 배송은 물류비가 낮지만 24시간 창고에서 하역 상차 돌려야함
그럼 배송비는 줄어도 인건비는 차이가 없음
그리고 제조 생산 없으면 그냥 마진율이 정해져 있음
정해진 마진율은 성장이 어려움",0,2025-08-08T20:55:58Z
@heshset,"글로벌 스타트업의 성장 패러다임이 바뀌었음. 예전에는 적자가 나도 매출이나 MAU가 성장하면 투자도 잘 받고 용인되는 분위기 였는데, 지금은 아님. 작은 이익이라도 수익모델이 확실하고 튼튼해서 투자를 하면 할 수록 이익율이 늘어난다는 확신이 있는 경우여야 투자해줌.",0,2025-08-08T20:41:56Z
@user-lg4bk3iz9s,관심 없다. 어차피 피해는 투자자 몫이고 선동에 선공한 기업가는 다른데서 더더더 높은 가치로 각광받을 테니까.,0,2025-08-08T20:38:41Z
@멍멍이-s2g,중국 자본=마켓 컬리,5,2025-08-08T20:14:43Z
@kdh5112,수익이 없으면 미래가 없다,0,2025-08-08T19:23:36Z
@자유를얻은호랑이,"컬리가 안 망해야 경쟁이 치열하고 좋지만 물류센터 운영하는 것만 봐도 쿠팡 압승이죠.  쿠팡이 훨씬 체계적이고 관리직들 수준도 더 높습니다. 컬리가 덜 욕먹는 건 신선, 냉동 식품이 많아서 여름에 문제가 덜 발생하기 때문이죠. 쿠팡 물류센터가 문제가 많이 되는 건 주로 여름이거든요. 너무 더워서 일하기 힘드니까요. 대부분의 쿠팡 물류센터는 초가을만 돼도 널널해지고 사람 덜 뽑습니다. 일도 쉬운 편이고요....",0,2025-08-08T19:22:31Z
@hoonk766,"너무 창렬임
손품 좀 팔면 네이버나 쿠팡에서 좀 더 싸게 살 수 있는거
유기농이니 뭐니 해서 창렬로 파는데

내부 알바 해봤으면 알지만",0,2025-08-08T18:59:00Z
@hdhkdixgwjma,고객센터 불친절,0,2025-08-08T18:52:09Z
@LBUK252,쿠팡때문임,0,2025-08-08T18:29:14Z
@커피콩좋아-o1x,혁신은 맞는데 딱 한 가지 마트보다 가격이 비싸다. 노브랜드 처럼 자체 저렴하면서 품질이 좋은 제품을 내놨으면 좋았을텐데.,0,2025-08-08T17:53:56Z
@gluestickwhite6432,근데 얘네는 회사를 키우는 게 아니고 팔고 나가려는 게 너무 눈에 보였는데 힘들고 지원 받으면 회사를 키워야지 상장후 팔고 나가려는 마인드가 너무 강함 상장하면 바로 망할껄?,1,2025-08-08T17:35:59Z
@정철최-t8k,컬리 주식에서 쫏겨나고 간신히 목숨만 부지,1,2025-08-08T17:26:49Z
@칼호나호,한창 잘나갈때  쿠팡 신세계 롯데 경쟁시켜서 비싸게 팔고 빠졌어야지.,1,2025-08-08T17:09:32Z
@maranata-maranata,컬리애서 시킨거 실패 없었음. 좀 고급지고 신뢰감.,1,2025-08-08T16:55:50Z
@아윈-z2f,결국은 밀키트와 비슷한 상황이군요. 편하긴 하지만 비싸고 대체할곳 있다.,25,2025-08-08T16:53:21Z
@lakochichi,걍 강남주부만쓰는게 컬리. 대표가 액시트만 생각하고 뇌없이 일벌린거임. 다들 수익모델 구리다고 첨부터 말했음,1,2025-08-08T16:43:56Z
@mhi5221,"독특한 식재료, 음식이 많아서 종종 쓰다가 비마트 쓰기 시작하면서 구매가 확 줄었어요. 무한경쟁시대에 오프라인 대형마트, 컬리같은 대형 온라인마트 다 위기군요ㅠ 시대의 흐름인지 코로나이후 얼어붙은 경제가  안풀려서인지 모르겠지만 다들 살아남았으면 좋겠어요.",0,2025-08-08T16:07:06Z
@foreverlove925,샛별배송 기본요금만 내리면 쓸텐데 언제까지 25000원 할까 서민이 쓰기언비싸지,0,2025-08-08T15:52:42Z
@AlpacaRama-k7p,신선하게 안와서 안씀,0,2025-08-08T15:52:08Z
@baramgaebi28,"오랫동안 컬리만 사용했는데.. 포장상태가 너무 싫더라고요.. 홀푸드마켓 벤치마킹이랬는데  전혀 그렇지 않고.. 유기농이나 무첨가물 식품같은 것은 또 오아시스, 초록마을 같은 곳이 더 나아보이고. 애매하면서 비싸기만 한 컬리와 점점 멀어지더군요... 게다가 중국자본.. 저만 그런줄 알았는데 사람은 뭐 거의 비슷한가바여",0,2025-08-08T15:50:21Z
@Channelmin,상장하기 위해 아직도 노력하나.. 무서운 회사.... 공포 그 자체... 어떻게든 흑자 만들어서 대출이라도 받으려는....,1,2025-08-08T15:48:54Z
@나라3,컬리 좋은데?,0,2025-08-08T15:45:14Z
@Channelmin,쿠팡은 든든한 일본형 손형이 있었으니 가능.... 판매물품 스케일도 천지차이고....하늘과 땅,1,2025-08-08T15:43:29Z
@mountainecho-jtw,애초에 저 여자가 컬리를 인맥으로 투자받고 시작했지. 무슨 유니콘 ㅋ 콧웃음만 나온다,1,2025-08-08T15:26:25Z
@mjyun2026,"제발! 망하면 안됩니다.
컬리 있어서 얼마나 고마운데",0,2025-08-08T15:21:52Z
@jgf-tm2xg,쿠팡최고,0,2025-08-08T15:17:08Z
@F--pv1tu,내가볼땐 그냥 조같은 플랫폼에 지나지않음,0,2025-08-08T15:02:01Z
@청보리-v2x,가벼워야 하는데 무겁다.,0,2025-08-08T14:58:41Z
@이사도라-d7u,"쿠팡은 사이트가 번쩍번쩍 정신이 산만
컬리는  산뜻하게 정리되고 고급스러움
쿠폰오거나 할인되는것만
찾아 잘 이용하니까  망하면  안되요❤",0,2025-08-08T14:57:32Z
@sunflower203040,내부관리가 안됨. 언젠가부터 배송 오류가 잦아짐.,1,2025-08-08T14:42:30Z
@따끈따끈한,컬리는 쿠팡따라서 전국확대한다고 대전권역으로 손벌렸다가 망함,0,2025-08-08T14:40:16Z
@gkaanrful,"컬리는 쿠팡에 비해 비쌈 
할인쿠폰 뿌리지 말고 좀 싸게 해봐
아님 아예 고급화로 가든지
타겟층이 애매함",0,2025-08-08T14:38:51Z
@s해피-h2f,"이름도 이상하더라
마켓컬리???
난한번도 안샀다ㅡㅡㅡㅡ😮😮😮",0,2025-08-08T14:37:42Z
@아리-hz1xg,"예전엔 컬리상품이 질이 좋아 메리트가있었으나 요즘은 왠만한건 쿠팡도 팔고있고 쿠팡가격이 더 좋음.
Only컬리상품만 사자니 장바구니넣을게 몇개안되고 가격도 비싸서 질은 조금 차이는나지만 쿠팡으로 구매하게됨.",0,2025-08-08T14:34:09Z
@sausalito9254,컨설팅 출신은 믿거임. 제대로 업무도 모르면서 이래라저래라 말도안되는 컨설팅해주고 몇억씩 컨설팅비용 받아감ㅉㅉ 결국에는 돈만 날리고 컨설팅은 적용하나도 안됨,2,2025-08-08T14:24:32Z
@snk8053,"유기농 오아시스가 더 이익 잘나옴
컬리는 쓸데없이 쿠폰 막 뿌림, 그러니까 적자나지

경영자 자체가 잘못된 사람임, 그러면서 월급은 다 받아갈거 아니야..",2,2025-08-08T14:22:47Z
@jsimon5055,맛있는데 ㅜㅜ.버텨줭,0,2025-08-08T14:17:08Z
@sejin0420,"1.컬리에만 있는 고퀄 이나 색다른 템이 있긴한데 그외 다른제품은 다른곳대비 너무 비싸게 팜.
2. 배송일 지정 안됨
3. 쿠폰중복적용 안됨. 쿠폰 막 뿌린다고 해도 사실 거의 쓸모없음",0,2025-08-08T14:15:15Z
@Vggfghhhgvb,자막에 무식해보이는 오타가 너무 많네 ㅋㅋㅋㅋ닳아 없어지는이 맞는데 ...달아 없어지는 ㅋㅋㅋ에휴 ㅉㅉ,0,2025-08-08T14:13:47Z
@ssibalAaa,냉동식품 포장해주는거 쿠팡이랑 비교안됨 그거 절감해도 좀 … 적자 낮출수있을거같은데 프레시백보다 더 안녹는거같음,0,2025-08-08T14:09:40Z
@mingena8916,위기를 기회로 변모시킬 혁신인재 없을라나;~;,0,2025-08-08T14:02:14Z
@JtwoFive,오너의 욕심이 과했지. 빨리 상장했어야지...가격높게 받으려고 질질 끌다 쿠팡에 뒤처짐,0,2025-08-08T13:56:57Z
@ohmygod607,아 스토리 맛깔나네. 옛날 이야기 중에 비슷한 거 있을 것 같은데,0,2025-08-08T13:43:49Z
@ashyenaa,바싸요,2,2025-08-08T13:35:17Z
@강대감1028,"컬리가 이렇게 된 이유... 어느날 컬리로 부터 받은 달걀이 냉장고에서 다 파괴 되었다...사진을 찍어 컬리 고객센터 에 사진을 보냈다...일주일이.되어도 답이 없고 완전 생까는 컬리...

달걀 다버리고 쿠팡으로 갈아 탔다...",1,2025-08-08T13:34:59Z
@raniakea5166,정가 자체가 타 플랫폼보다 비싸게 써져 있어서 아예 안씀,0,2025-08-08T13:30:10Z
@ad8361,이름이 컬리가 뭐냐? 누구나 다 들으면 슬로건을 홍보했어야지,1,2025-08-08T13:28:50Z
@gguggu25,컬리는 인간적으로 너무비쌌다,0,2025-08-08T13:23:48Z
@yjsays,컬리의 11시이전 새벽배송 놓치면 쿠팡으로 가게 됨,0,2025-08-08T13:22:34Z
@황꾸준히,김슬아!!!  기대한다  책임지는 경영하길 피해는 없도록 그것이 명이다!!!  판단하 길,0,2025-08-08T13:22:16Z
@드림원-e7c,"어쨋든 소비자 입장에서는 여러 업체들이 경쟁하는게 좋지,,한곳만 너무 앞서 나가면 그기업에 소비자가 개가 됩니다.,그래서 저는 옥션 g마켓 11번가  3군대만 이용합니다.,,.",1,2025-08-08T13:18:55Z
@judo6250,컬리 당장 댓글부대 만드시라. 쿠팡 파트너스를 배우길 결국 광고를 해야함.,0,2025-08-08T13:09:05Z
@darkest-n8c,"""먹거리""에 대한 진심으로 지속 가능한 비지니스 모델을 만들지 못했음.
허들이 낮은 아이템은 오래가지 못하고 곧 후발주자가 생김.
엘리트 코스 출신이 왜 이것을 예상하지 못했을까?

우리는 영원할 것이란 ""착각""과 돈을 더 벌고 싶다는 ""욕심"" 때문에 추락한 것.",7,2025-08-08T13:08:42Z
@user-qt3kr2rhwjkw,컬리 고객센터도친절하고 쿠폰도싸게자주줘서 애용합니다 퀄리❤❤❤,5,2025-08-08T13:05:35Z
@YoonLo-i1n,컬리가 오래 오래 롱 런 했으면 좋겠다!! 흑자전환 하시길 기원합니다!!,2,2025-08-08T12:54:58Z
@집집-z1j,악플많은거신기하네ㅋㅋㅋㅋ분기연속흑자에 매출도 계속신장중인데.. 이정도면 망하길바라는건가싶기도하네,2,2025-08-08T12:53:28Z
@dhyyrfhkvvh,"혁신이 한번더 필요함

이미 쿠팡에 잠식당해서 새벽배송으로는 답없음 쿠팡은 돈으로 해결가능
하거든.. 

블록체인 코인 활용해서 컬리 가입자들이 채굴 가능 하도록 노드 만들어주고 보상으로 주문 가능한 포인트 전환 하게 하고 생산 부터 유통 과정 투명히 보여주는 그런 방법 등

컬리가 새벽 배송으로 초기 떡상 했듯이 한번더 뭔가 혁신을 해야함

그리고 뷰티 이런 잡화는 다내리고
신선 식품 믿을 수있는 식재료 
이것으로 밀어 붙여야지…

컬리가 쿠팡을 어캐이기고 올리브영을 어케이김.. 제발 식품으로 조지길..",0,2025-08-08T12:52:11Z
@winsomehye,솔직히 비쌈,1,2025-08-08T12:50:17Z
@b2728,신선식품 유가공품 인정,0,2025-08-08T12:49:26Z
@김경민-v1p,컬리 맛없는것도 많아서 몇번 실망하고 안찾게됨,1,2025-08-08T12:44:49Z
@Olathe1004,컬리 없어지면 안타까운데... 여기서만 살수있는 질좋은 제품들이 많음 ㅜ 특히 치즈,1,2025-08-08T12:33:39Z
@Olathe1004,쿠팡은 가짜가 많고 가격이 천차만별이고 오히려 더 비싸서 더이상 이용안함. + 쿠팡은 개인사업자들이 좀 이상한 편법을 쓰면서 중국산 싸구려를 열배넘게 팔아넘기더라. 쿠팡 탈출.,1,2025-08-08T12:31:21Z
@Olathe1004,요즘 컬리 상품들 상태도 좋고 퀄리티 좋아져서 난 좋던데... 제발!!,2,2025-08-08T12:28:39Z
@hyeongkilkang3317,"컬리가 쿠팡에 비해서 상품의 다양성은 부족한데 퀄리티는 좋다 근데 지금같은 고물가시대에는 가성비가 최고다보니 어쩔수없는듯
쿠팡이랑 컬리 둘다쓰지만 컬리는 쿠폰줄때만 잠깐쓰는든",0,2025-08-08T12:25:47Z
@JASONKINGMATHK,진입장벽이 낮은사업이었다 애초에,2,2025-08-08T12:18:40Z
@alrnrdlwhgdk,"컬리 제일 좋아하는데 안타깝네.. 방법이 있을텐데 
고객들한테 너무 퍼줘서 그런가?",7,2025-08-08T12:17:26Z
@sujinkim4594,컬리 좋은데 오래 이용할 수 있으면 좋겠어요.,133,2025-08-08T12:00:11Z
@성이름-u6d5e,중국기업임 망해도 됨.,0,2025-08-08T11:52:35Z
@토함산정기,컬리배송은 지금도 흡족하는데.가장 큰 문제점은 구색이 별로없고 가격이 경쟁보다 비쌈.만약 컬리가 쿠팡처럼 막강한 투자자가 있다면 공룡이 될수도~~,0,2025-08-08T11:52:17Z
@엄망-l2s,"박스가 너무 많음
쿠팡처럼 보냉박스 했어야",0,2025-08-08T11:49:38Z
@황티파니-v6q,"저도 신선식품은 컬리에서
구매해요!상품의질이 좋아요",0,2025-08-08T11:47:15Z
@jamesjang7429,소니가 플스로 독점하고 마소의 xBox까지 경쟁이 치열할 때 닌텐도가 어떻게 살아남았는지를 고민해봐도 좋을듯합니다. 결국에는 플랫폼이 살려면 독점 히트 상품이 있어야 한다는거죠.,0,2025-08-08T11:40:20Z
@김주연-r1e,중국 자본으로 버티고 있는거예요,0,2025-08-08T11:39:09Z
@jamesjang7429,"컬리의 성장은 이용 회원 수인데, 요즘 인식이 쿠폰 있을 때만 쓰고 그 외는 쿠팡으로 해결임. 이미 시장에서 자리를 잃어가는 중.",1,2025-08-08T11:34:36Z
@jacklim3568,쿠팡 프레시 배송과 비교 조차 되나?!   이마트 장보기 배송과 경쟁은?  노답🎉,1,2025-08-08T11:24:45Z
@띵가띵가-j3q,안돼. 이제 컬리없이 못살아ㅜㅠ,1,2025-08-08T11:24:30Z
@klk2121,쿠팡때문이지,0,2025-08-08T11:19:02Z
@남대문커피,"컬리 다 좋았음 정체성이니 철학이니 팬심이 바꼈니 이런거보다
좋은 제품에 너무 높은가격, 고퀄리티에 고비용이라 선뜻 사기가 꺼려짐",0,2025-08-08T11:18:07Z
@HwangBR,새벽배송을 유지하기 위한 고정비를 상쇄하기에는 식품 카테고리만으로는 한계가 있는데… 새벽배송을 포기하는 수 밖에는,0,2025-08-08T11:17:15Z
@ssajj11,컬리 바나나한송이 6~7천원. 마트3천원..부자들은 편하게 먹는지 몰라도 못사먹겠던데,1,2025-08-08T11:15:10Z
@알파카라마토끼,"2017년부터 꾸준히 쓰고 있어요. 프랑스 이태리 영국 등의 양질의 해외식자재를 다양하게 파는건 컬리 밖에 없어요. 다른데는 안팔고 백화점 식품코너보다 훨씬 다양하게 있어요. 망함 절대 안돼요!
프랑스 교포들도 프랑스 현지에서 파는 유명 식자재 브랜드가 컬리에 다 있다고 하더라고요.",52,2025-08-08T11:15:03Z
@s파파,컬리  사기꾼들임. 상품들 너무 비싸게 팔아서 가격비교 해보고 어플지움,1,2025-08-08T10:58:01Z
@axrsjd,배송하는거보면 낭비가너무 많음 배달박스부터 비싼거임 남는게 있나 싶음 내가쓰는돈에 식품과 품격까지 배달해주니 좋기는한데 여기는 땅파서 장사하나 싶었음,0,2025-08-08T10:51:28Z
@LofiMan-l6v,"컬리 2~3번 써보고 안쓰는 제3자가 볼땐 컬리 상품 좋은데 
다만 가격 경쟁력이 있는것도 아니고 물건 가지수가 쿠팡에 너무 밀림",1,2025-08-08T10:51:09Z
@세상살이-i1i,쿠폰  만원이상 날리면 드간다.....,0,2025-08-08T10:50:55Z
@min-k1v4p,너무 냉철한 보고서다ㅜ,0,2025-08-08T10:50:27Z
@세상살이-i1i,"첨엔 신박햇찌
  지금은 여기저기  쿠폰날리며 경쟁업체들....
나두 앱  다가지고이땅",0,2025-08-08T10:49:54Z
@forthepeoplebythepeople01,오똑해 ㅜㅜ,0,2025-08-08T10:48:51Z
@jhj1649,"이래서 ceo가 중요..고집이 세면 . 아집에 빠짐
곧 매출과 부채 뒤바귀겠네",0,2025-08-08T10:42:56Z
@innovator108,중공돈 받아서 성공하겠냐?,1,2025-08-08T10:41:00Z
@jhj1649,"그냥망한이유는 사업다각화가 늦었다. 더군다나안일함에 빠져서 같은 비즈니스만하다
뒤늦게엉뚱한 멤버십하고. 앱을 오픈마켓화하다 망",1,2025-08-08T10:38:44Z
@jhj1649,망함 여기,0,2025-08-08T10:35:25Z
@Grandpa1160,아줌마 집구석으로 돌아갓,1,2025-08-08T10:32:51Z
@Minsang_Ray,쿠팡보다 컬리가 새벽배송 먼저 시작하지 않았나,0,2025-08-08T10:30:36Z
@내가누구지-i5c,컬리도 조만간이네,0,2025-08-08T10:29:57Z
@노틸러스-y8u,"난 처음 나올때부터 불안하다 봤는데..
음식으로만 쿠팡 흉내 낸다는게 분명 한계가 있을거라 봄.",0,2025-08-08T10:27:04Z
@김성희-g2v,"컬리 힘내세요, 참 도움이 많이 됐던 회산데….😂",7,2025-08-08T10:27:04Z
@lunarmagna3987,진정한 승자는 전지현,0,2025-08-08T10:24:47Z
@hangeuly,컬리 망하면 안되는데ㅠㅠ 대체할만한 곳이 없음. 힘내요! 컬리!,1,2025-08-08T10:20:00Z
@iililill-z8e,컬리보고 친중자본이라는게 너무웃김 쿠팡이 중국어로 뭔진아니,0,2025-08-08T10:07:12Z
@장수-o2m,ㅎㅎㅎ   한국이란 쬐맨한 시장 그것도  생물시장을 TAM 크지도 않은시장에서  ....땅따먹기  .      남는재고처리는...   될 사업이 아니엿기때문에  단칼에 거절당한거지요    재무적투자자가 중국이니  이 얼마나 다행인가  .  아니 이마트니 대형마트에서  해도 해야 할 사업  남는재고처리도 대형마트는  매장에서 팔수 있으니  ...   처음부터 될 사업도 아니엿다는거지요,0,2025-08-08T10:07:10Z
@iililill-z8e,논리적으로까면 이해를하겠는데 망하라고 꼬시다고 신난것처럼 보이네 ㅉㅉ 평생 컬리만 쓸건뎅,0,2025-08-08T10:05:19Z
@Love-Gratia,일개 유튜버따위가 뭘 안다고 남을 평가하고 같잖은 분석을 사실인냥 샤부리냐 ㅎㅎ 어이엄네,1,2025-08-08T10:03:53Z
@iililill-z8e,ㅋㅋㅋㅋ존나까는거보니까 잘되겠네 컬리 대체할곳이없는데 이정도로 까일정도냐? 쿠팡도 적자였어ㅉㅉ,0,2025-08-08T10:02:07Z
@마케팅챔피언,쿠폰 줘도 안사...컬러 운명은 소비기한도 지난 번데기 통조림!,0,2025-08-08T10:01:32Z
@syb3823,증국 묻어서 싫음,0,2025-08-08T09:55:32Z
@gouduoli,요즘 정말 다 어려운가봐요,0,2025-08-08T09:54:14Z
@korea-lily,사람들 쿠팡은 직원들이니 협력에게 갑질해서 안쓴다면서 다른건 잘만 쓰더라 진짜 지옥은...,0,2025-08-08T09:53:20Z
@gogoki112,"어찌된게 한국에는 유니콘 기업이라고 하는게 이런 컬리, 쿠팡, 배달의 민족 같은 내수 땅따먹기 하는 유통 기업들 밖에 없냐
기술을 혁신하고 새로운 시대를 만드는 기업은 찾아 보기 힘듦
망해도 전혀 아쉽지 않음",0,2025-08-08T09:50:00Z
@종로니코,"내 생각엔 엘리트주의의 이상향이 범용이 되지 못한듯,",0,2025-08-08T09:46:59Z
@병맛유트브-c3,식품의 질이나 컬리자체 물건은 좋은데 비싸요ㅜㅜ그래서 쿠팡으로 자꾸 가게됨😢,0,2025-08-08T09:46:56Z
@Chaos-fz1dm,"컬리 네이버랑 합병 할꺼라던데?
이야기도 왠만큼 진행된걸로 알고있음",0,2025-08-08T09:44:20Z
@eunkiya48,주간배송도 해주세요,1,2025-08-08T09:43:52Z
@Off-I-Go,"컬리 파이팅! 경영자의 철학에 대한 신뢰로 몇 천원 아낄바에 컬리쓰고 있어요. ONLY KURLY 이런 상품도 너무 괜찮고, PB 상품도 너무 괜찮음. 컬리 없으면 못 살아요~~",0,2025-08-08T09:43:41Z
@루루-v3l7l,흑자를 낸적이 단 한번도 없대 ㅋㅋㅋ,0,2025-08-08T09:39:11Z
@안성진-y3t,밤을 새서 배송하는 극한의 야간노동을 제값주고 인건비 지급하면 새벽배송비용이 급등할것이다. 지금이야 야간노동자들을 착취하는 수준이니 그냥저냥 돌아가지..,0,2025-08-08T09:38:33Z
@jaylee7475,AI 말투 겁나 느리네. 영상 길게 늘릴려고 수쓰는 신사임당,1,2025-08-08T09:37:14Z
@HonestFranklin,유통업이던 제조업이던 식상해지면 도태될 수 밖에 없다,0,2025-08-08T09:34:26Z
@dongeunangelalee-rh8ev,유명연예인 광고모델 안했어도 그냥 잘됬을텐데. 쓸데없이 돈쓰고… 아깝다. 진짜 물건 괜찮은거 많이 있는데,0,2025-08-08T09:33:14Z
@jasonwhy9222,"컬리 정산대금 지급기한 변경으로 재무적으로 위험하구나 생각 했는데요, 
더이상의 투자받기도 어려울듯 합니다",5,2025-08-08T09:31:18Z
@chaehakim7650,아 나는 아직 컬리가 편한데😢 망하지마,4,2025-08-08T09:30:38Z
@davidkwon4479,친구야 컬리랑 거래 한번이라도 해보고 얘기해라. 방금도 1.1억 들어왔다 제때 아주 잘 들어오고 있다,6,2025-08-08T09:29:12Z
@GuryeGaemi,"기업가치가 낮다며 상장철회한걸 후회할듯
3년전인가 1조 몇천억으로 상장하려던기억이있는데",4,2025-08-08T09:24:24Z
@웰던0,난 다른의견을 낸다면 뭔가 마켓컬리는 여자냄새가 너무남. 이름 사이트ui 디자인 광고 다 남성고객이 쓰기에 거리낌이 느껴짐. 남성들은 이게 무슨느낌인지 잘 알거임.  그에 반해 쿠팡은 그런 느낌이 전혀없지. 성별의 반이 약간이라도 이상함을 느낀다면 마케팅에 문제가있는거야,2,2025-08-08T09:19:53Z
@showmethemoney8282,컬리로 이제훈이 돈방석에 앉았지,0,2025-08-08T09:19:40Z
@gloria-1-b8l,비싸고..상페보면 거의ㅜ과장광고수준도 많다...,0,2025-08-08T09:19:39Z
@DDDDDDDDDDD-O,이마트몰도 개판이던데 ... 이거 줄줄이 난리네,0,2025-08-08T09:18:36Z
@tigerking9221,비싸...,0,2025-08-08T09:17:14Z
@stella-ro9nm,컬리.... 그다지 신선하지 않아요 ... 컬리에서 할인 야채 주문하면 음식물쓰레기가 옴..... 그래셔 가공식품만 주문하게 됨...,0,2025-08-08T09:13:36Z
@26koreanguy,"티몬 위매프꼴 안날려면  쿠팡의 새벽배송이 안되는 지역들을 공략하는수밖에 없다
물리적으로 힘든 진짜 시골지역은 지역내 마트나 시장 등이랑 연계해서 거기 제품을 배송시켜주는 시스템으로 하고
컬리 자체상품도 배치해서 팔아먹고  그리고 놀고있는 지방시골 사람들 배송기사로 채용하고 그러면 1석3조 아니냐",3,2025-08-08T09:13:01Z
@jakewon284,아이디어 자체가 특출나지 않았음. 그리고 새벽 배송같은건 누구나 할수 있는거고. 어차피 경쟁력 자체가 없었던 기업인데 시작 초기에 투자 잘받아 전지현 모델 쓰고 가입쿠폰 마구 뿌려대며 가입자가 굉장히 빠르게 오르는것처럼 착시 효과가 있었을뿐 기업 자체의 비지니스 메리트 자체가 한계가 명확했던 기업임.,0,2025-08-08T09:10:40Z
@luxmia71,상품 큐레이팅 및 발굴하던 인재들이 다 사라진 컬리는 그냥 한 유통업체일뿐,1,2025-08-08T09:09:21Z
@오주영-i9f,안돼~~~~~~~,0,2025-08-08T09:05:21Z
@EUNJINJUNG-m7r,쿠팡 오아시스 몇번 이용해도 저는 결국 컬리던데💜 짧은 인생 좋은것으로.. 효리언니😄,5,2025-08-08T09:03:25Z
@sklee7773,중국자본 퇴출,0,2025-08-08T09:01:22Z
@jess4261,"컬리가 확실히 비싸긴 해
근데 가끔가다 과일 정말 맛 없는 거 오면 매우 화가 나더라
그리고 새벽에 4시 5시쯤 오면 그 시간에 맞춰서 안 일어나면 냉동은 다 녹거나 죽이되고...",10,2025-08-08T08:56:50Z
@goodman2932,컬리에서 주문한 것들 맛있는데,0,2025-08-08T08:55:50Z
@시어머니,되도 않으면서 겁나 적자기업에서 연봉도 겁나 퍼주것지....동종업계보다 적게주면 아무도 일하러 안올테니 좋은 물건은 절대 싸게 못팜.,0,2025-08-08T08:55:18Z
@내가아리2,1분30초가 한계다. 바쁘고 쇼츠로 압축해서 보여주는 시대에 왜 파산위기인지 빠르게 궁금한데 무슨 한사람의 경력사항을 왜이렇게 보여주나.. 회사 이야기는 왜 궁금하지도않다.,0,2025-08-08T08:54:02Z
@민들레-w5t,쿠폰을 너무 막 뿌려서  쿠폰 안주면 안사게됨...  쿠폰없이 사면 뭔가 손해보는 느낌을 줌..그리고 자주 살수록 쿠폰은 더 안주고 할인율 낮은 쿠폰을 주니 더더욱 안사게됨..  자주 이용할수록 더 나은 서비스와 할인율로 고객을 유인해야는데 자주 사면 호구가 되는 느낌??,477,2025-08-08T08:51:48Z
@튠업,그럴싸한 마케팅으로 버티다 이제 단물 다 빠진거지뭐.애초에 계란으로 바위치기인 게임.이마트도 나가떨어지는 마당인데.,0,2025-08-08T08:51:00Z
@Gauaoulle,이제 대세는 가성비전략이다,0,2025-08-08T08:50:10Z
@김진성-u9d,김 슬아 는 워킹맘이 아님.. 워킹맘이었던 적이 없음.,0,2025-08-08T08:49:04Z
@esgymmmuser12,코로나때 욕심부리지말고 상장했어야함 너무 욕심을 부리고 까다로웠다는 얘기가있음 그리고 화장품판매는 상장을위한 몸집키우기였다고들었는데 이도저도아니게되었음 옷도파는거봤는데 프로모션이 크지도않았음 애매한거도입할때 차라리 식품 본질에 집중했어야한다고봄,0,2025-08-08T08:48:43Z
@iook__,여자 전용 컬리 아님?? 그런 이미지가 부각 됐음,0,2025-08-08T08:47:37Z
@lamlittlemama,1:53 이래서 대기업대기업하는구나 ;,0,2025-08-08T08:46:40Z
@drfdsdghuch99,ㅋㅋㅋ 컨설팅 업자의 한계,0,2025-08-08T08:45:53Z
@릴리-e2b,"김슬아 대표!
힘내세요~",0,2025-08-08T08:44:43Z
@esgymmmuser12,컬리 좋은데.점점 살게없어짐 과일은 소규모로 산지배송잘하는데가많고 반찬은 컬리서 샀는데 점점  없어지고 비싸지고하더이 동네반찬집도 배송이되니 굳이컬리서 살필요가 ...여튼 종류는 많아서 좋은데.너무비쌈,0,2025-08-08T08:43:51Z
@neo11293,컬리 포장은 그러힐듯 한데 음식 존나 맛없어 신선은 개뿔,1,2025-08-08T08:41:06Z
@하이오-e1w,여성이 대장인기업 혹은 여초기업은 절대 투자하는거아니다,1,2025-08-08T08:39:28Z
@marsjohn7519,"거만한 기업
빨리 사라져야 한다",1,2025-08-08T08:37:01Z
@WienRab,"쿠폰 빼면 네이버, 쿠팡에 비해 더 비싸고, 새벽 배송은 시켜보니 들쭉날쭉이서 별로. 이전에 뉴스 보니까 직원 갑질 이슈도 좀 터졌던데.",0,2025-08-08T08:34:43Z
@새론이-z9r,실패하면 컬리 성공하면 쿠팡 아임니까?,0,2025-08-08T08:34:00Z
@서강빈-r3g,"쿠팡을 이기거나,  비슷하게 안 하면, 생존하기 힘드실텐데",0,2025-08-08T08:33:34Z
@휴니파파,아직 아이디 비번도 없다 ㅋㅋㅋㅋㅋ,0,2025-08-08T08:31:25Z
@taralee859,가입이 쉽지않아서...,0,2025-08-08T08:29:41Z
@sunalower,악 고퀄컬리지켜 뷰티컬리 살게 망하지마ㅠㅠㅠㅠㅠㅠㅠㅠㅠㅠ💜💜💜💜💜💜,0,2025-08-08T08:29:38Z
@castletoy1,홍콩에서 리플리증후군으로 잘 알려진 친구,1,2025-08-08T08:28:24Z
@rosemary77333,"새벽배송 문제 많은데
이제 그만해도 되지 않나?",0,2025-08-08T08:26:05Z
@CHLOE_seoul,"근데 쿠팡 로켓배송이 너무 잘와…
무료 교환반품도 바로 되고…",0,2025-08-08T08:25:52Z
@신현복-h8j,좋은 아이디어 였으나 경쟁상대가 안 좋았음 😂😂😂,0,2025-08-08T08:25:11Z
@이상헌-q2g,해외성장성도 없는 사업이 1조가 넘는다는거 자체가 코미디 아니냐,0,2025-08-08T08:24:33Z
@쵸쵸-q7y,컬리가 쿠팡보다 훨좋음,1,2025-08-08T08:23:15Z
@jinasong23,새벽배송비는 따로추가하는게 어떨까.정 필요한사람은 구매하겟지,0,2025-08-08T08:21:14Z
@yachoi1464,"쿠팡하고는 질적으로 틀리는듯
쿠팡은 너무 사구려
급할때나 한번씩 이용",16,2025-08-08T08:19:48Z
@HyungsubChung,맛있는건 다 컬린데ㅠ,1,2025-08-08T08:19:42Z
@오직갓주분,컬리는 고객층인이 바쁜맞벌이직장인인데 가격이나 신선함이 로켓프레쉬와 차별이없음,0,2025-08-08T08:19:25Z
@UKGRADE,"예술을 할껀지 장사를 할껀지 내가 어느정도 영향력이 있는지 잘 판단해야함..
마켓컬리는 그래도 머릿속에 고퀄리티를 떠올리는 이미지가 남아있기에
미국 트레이더조 처럼 오프라인을 뚫으면 잘 될꺼임 뭐 온라인도 좋고
전체를 먹기 보다는 작지만 탄탄하면서 마진률도 좋은 급이 있는 고객만 끌고가는게 맞음
현대백화점 식품관에서 장보는 사람과 이마트에서 장보는 사람이 다르듯
그 다른 욕구가 있는 사람들을 타겟으로 해야함.본인과 같은 성향의 사람들 얼마든지 있음
쿠팡같이 가면 절대 이길 수 없지.",0,2025-08-08T08:19:23Z
@eq2509,"유니콘이 아니고 도룡뇽이 됐구먼
그렇게 갑질을 하더니😢",0,2025-08-08T08:15:30Z
@은세-i3p,다른곳 보다 비싸고 제품 밀봉시 불필요한 박스와 포장이 너무 많이 나와요 개선이 시급합니다,20,2025-08-08T08:15:19Z
@아이스-n9t,쿠팡이 망해랴 컬리 품질이 좋아,0,2025-08-08T08:14:20Z
@jrjr227,"컬리 ---

국제 --글로벌리스트출신이라 나라가 다 이렇게힘든게...ㅜㅜㅜㅜㅜㅜ(일루미나티랑 관계는 모르겠지만)

저들의 파워도무시못하지만..
(대기업은 거의그럼.....국가원수보다 더 파워가쌤)


배송 품질...
박스....진짜 세계죄고였고...정말 훌륭했습니다..
품질은 진짜 놀라웠고 음식또한맛있습니다..

국제앨리트들이 망하게 하겠나요???오너가 그쪽 출신인데.~ㅎㅎ",0,2025-08-08T08:12:35Z
@kkevin58,"의견.
.시장에 트랜드를 빨리따라가라
.초기 플라즈마 TV는 꿈에 컬러TV였다
.문제는 비싸서 그림에 떡이였다
.그리고 저가에 새로운 기술이..
Plasma 는 지금없음..LCD.LED xxxx",0,2025-08-08T08:09:19Z
@강철민-s4y,주식시장 애널리스트와 펀드매니져가 따로 있는 이유지~,2,2025-08-08T08:08:46Z
@수호사자-n1n,마켓컬리 중국거 잖아.!!!,1,2025-08-08T08:07:21Z
@신림동메두사,"컬리는 카테고리 확장이 패착임.
객단가를 높여야하는데, 그게 안됨.
비식품은 재구매율이 낮음.
컬리 식품 카테고리는 생각보다 판매율 높은데, 객단가가 낮음. 
즉, 고객은 1개 사나 2개 사든 똑같기 때문에 한번에 2개사는 경우가 잘 없음.
오히려 대형마트는 2+1, 브랜드관 추가할인 같이 객단가 높이려고하는데 컬리는 식품본업이 아니라 비식품을 확대하면서, 본업 경쟁력이 약화되면서 실적이 하락되는거.
이미 식품 유통에 포거스 맞춰서 플랫폼 셋팅하고, 물류센터 구축해놓고서 비식품을 확장하면 효율이 나나...",0,2025-08-08T08:03:33Z
@davidyoo8151,역시 사업은 운빨,0,2025-08-08T08:02:52Z
@myoung915,요즘 컬리보다 오아시스 사용합니다. 박스도 한박스에 냉동/냉장으로 포장 잘되어서 오고 3만이상 무료배송에 5천원 할인쿠폰도 줌..,0,2025-08-08T08:00:28Z
@JoGyeongmo,"네이버 이해진도 지분율 10퍼도 안되는데 경영 매우 잘하고 있다. 
김슬아 보다 더 잘할 사람이 누가 있는데? 이걸 보증할 수 있는 사람이 없으니 김슬아가 계속 대표로 있는 것이고
네이버가 컬리 지분 산거 보면 그냥 저냥 이대로 느리게 유지될 듯",10,2025-08-08T08:00:17Z
@Andre-m6k5f,그런 서비스에 프리미엄을 지불할 가치를 못 느끼는 사람들이 대다수니 망하는거임ㅋ 거기에 핵심 경쟁력인 물류센터 투자를 저금리 저성장 시절에 했어야하는데 그걸 안 했으니 바보가 된거지 ㅋㅋㅋ,0,2025-08-08T07:59:56Z
@MangoFruit.,홈플러스랑 협업하는것도 한번 고려해봐도 좋을듯 합니다.,0,2025-08-08T07:58:39Z
@정글에서온아이,"그니깐 광고 모델 너무 비싸게 쓰고,
너무 고급화하지 않음?",0,2025-08-08T07:55:19Z
@sak8585,전국구로 확장하는 게 아니었어요....,0,2025-08-08T07:55:03Z
@paranbit8194,야간 노동을 서비스라는 이름으로 팔아먹은 악덕기업이죠.. 쿠팡도 마찬가지,3,2025-08-08T07:53:37Z
@goodgame-j9c,"1인 가구들은 공산품 배송 비중이 높아서, 유료회원가입을 하려면, 공산품도 배송이 돼야 하는데..그게 안 되니 그냥 쿠팡 쓰죠",0,2025-08-08T07:52:27Z
@Safe.under.blanket,쿠팡 하위호환 취급 당하는 순간 컬리는 끝난거지. 90%이상 기계화로 가동 되고 배송만 기사 모집인 상태라면 컬리도 어떻게 승산이 있을텐데 쿠팡의 전국 셔틀버스 노선을 컬리가 따라 갈 수가 없음. 인력 충원 굉장히 힘들고 쿠팡은 본업이든 투잡이든 일하러 가기도 굉장히 편함. 인력 수급이 원활하지 않으니 배송에 차질이 생김. 전국적 확대 사실상 거의 불가능함. 남은 방법은 대기업 물류에 던지거나 쿠팡에 던지는 정도? 받아 줄 곳 있다는 가정 필요,2,2025-08-08T07:50:07Z
@mrskim6244,그냥 쿠팡 로켓프레시 이용함. 컬리보다 조금사도 다음날 새벽에 옴..컬리는 무료배송 금액이 커서 냉장고에 쟁여두어 오히려 신선도가 떨어짐.. 모델이 전지현이든 이효리든 구매와 전혀 상관없음.. 그 돈으로 배송금액을 낮추든지 아님 무료쿠폰을 줬으면..,1,2025-08-08T07:48:43Z
@tommykim3011,"비싸. 다른 곳보다 20프로이상 비쌈..
처음에 강남에서 성공한게 독이된거지..
차라리 극단적으로 저렴한 식품과 최상품 식품을 같이 팔아야했어.",0,2025-08-08T07:48:00Z
@최영자-n3q,"쭝꽁거..그러니  전지현 쓰고
김슬아 쟤도 화짱조?",0,2025-08-08T07:45:25Z
@양이-t2d,가격이 너무 비쌌던 듯,1,2025-08-08T07:45:02Z
@seouldot,어차피 아마존 따라한거자너,0,2025-08-08T07:45:01Z
@지효-r1w,"투자금을 분별해서 받아야 하는데
스치기만 해도 망하는 나라 기업 돈을 받았으니,,,",0,2025-08-08T07:44:12Z
@ESTJestj0211,무료배송해봐,0,2025-08-08T07:40:40Z
@새싹보리-q9x,그냥 투자금이 없어서 그런거 아님? 쿠팡도 적자만 나잖아,0,2025-08-08T07:37:41Z
@leeelin2474,신선식품을 과다 포장해서 빨리 받으려는 것은 돈이 많고 적음을 떠나 좋은 소비가 아니라고 생각한다 쿠팡도 마찬가지,0,2025-08-08T07:35:23Z
@urinaran,컬리는 상품평 많은것은 맛이 좋은것 인정.,0,2025-08-08T07:32:33Z
@최르네,"친중자본이란 얘기듣고 잘 안들어감.
그렇지만 여름에 배송 포장상태보면 고기나 냉장식품은 쿠팡은 주문꺼려지고 아직도 컬리쓰게되긴 함",0,2025-08-08T07:31:50Z
@고길동-r1z,"컬리? 혀 내밀어 에 에! 에!!
저게 온라인다이소지 무슨",0,2025-08-08T07:30:01Z
@별미르,나스닥에 상장했으면 살았을껄? 고민할 필요도 없는일을 고민한순간 죽어야지 뭐.,0,2025-08-08T07:25:59Z
@timemuse2025,패션마진 10퍼도안될텐데 차떼고포떼면..재고까지..,0,2025-08-08T07:25:33Z
@푸우짱구,내가 알기론 쿠팡에서 새벽배송 준비하고 있었고 당시 물류센터건설등 여러가지 난제에 직면해있었는데. 새벽배송을 컬리보다 먼저 런칭하지 않고 추이를 지켜보던 상황....,0,2025-08-08T07:24:28Z
@정바오-z6l,물건 좋은데 너무 비쌈 가격적측면에서 밀리지,0,2025-08-08T07:23:20Z
@GodFather-rb3us,컬리는 호구들이 팬덤으로 비싸게 사먹는 신선식품이 많지... ㅎㅎㅎ,0,2025-08-08T07:23:18Z
@훈하현,그냥 쿠팡쓸게..,0,2025-08-08T07:23:08Z
@SL-co6si,쿠팡은 사기가 많고 싫던데,0,2025-08-08T07:22:51Z
@가리봉-f2u,"쿠폰으로 사야 정가임.
5만원 구매시 7천원 쿠폰 써봐야 배민 10% 할인쿠폰에 뒤짐.
[쿠팡 배민 마켓컬 홈플러스 가격비교]
쿠팡은 이제 살게없고 빠른 배송 말고는 장점없음.
배민은 4만원(무료배송+10%할인)어세는 최강. 바로배송되면서 쌈.
마켓컬리 5만원 구매해야 그나마 네이버 최저가에 가까움.
홈플러스 PB상품 요즘 싸고 좋음. 과자 음료 맛있음.",0,2025-08-08T07:22:48Z
@ppoppkang3182,1조 적자여도 월급은 잘가져가겠지,0,2025-08-08T07:21:58Z
@user-hf9uo3up8q,컬리 넘 괜찮은데... 난 쿠팡 아이디도 없지만 컬리는 주에 두번은 꼭 씀.,6,2025-08-08T07:20:40Z
@kmk-r-r8b,쿠팡 와우 로켓배송 졸불편 ㅡ배송추적도 안되고 일반배송보다 더느림 ㅡ로켓배송 졸 답답,0,2025-08-08T07:19:25Z
@라디오-e2l,쿠팡처럼 거품 끼었을때 나스닥에 어떻게든 상장해서 마르지않는 자본을 가져왔어야되는데 ipo 실패하면서 와르르르,1,2025-08-08T07:19:02Z
@kylecha7949,"대표가 지분이 너무 없어
일할 맛이 날까?",0,2025-08-08T07:18:54Z
@kxq5,"티몬,위메프: 아 여기 옆자리 비었어요 앉으셔도 되세요",0,2025-08-08T07:17:41Z
@army_8702,컬리 너무 잘 쓰고있는데 ㅠㅠㅠ 망하지말아요 ㅠㅠㅠ,388,2025-08-08T07:16:28Z
@Newyork-c1g,안되는데 컬리 없어지면ㅠㅠ,0,2025-08-08T07:16:05Z
@cha5503,컬리 망하지말길😢,0,2025-08-08T07:16:02Z
@안녕-e6k9n,"그냥 가격 경쟁에서 쿠팡에 밀린거지. 양파, 대파 등 같은 브랜드 상품 똑같이 담아 비교하면 쿠팡이 훨씬 쌈. 결국 쿠팡으로 구매하게됨. 컬리는 독보적인 브랜드 상품을 비싸게 파는건 좋지만 그 외 겹치는. 일반적으로 우리가 집앞 슈퍼나 경쟁사 쿠팡에서 쉽게 볼 수 있는 상품은 최저가로 팔아야할듯...",0,2025-08-08T07:15:42Z
@Comododragoni,그동안 감사했습니다.,0,2025-08-08T07:10:21Z
@timseo,"이렇게 되니 사업도 안 해본 사람들의 훈수질, 조롱질.   쉽진 않아보이지만 끝날 때까지는 끝난 게 아님.",14,2025-08-08T07:05:39Z
@댕댕이균,큰일이네 컬리 없으면 못 사는데...😢컬리야 무사해줘,5,2025-08-08T07:04:52Z
@rollsrani,근데 컬리 안좋다 망한다 소리 들은지 꽤 몇년 되는것 같은데...😅,0,2025-08-08T07:04:32Z
@user-lz9uy1pz9f,컬리가 제품질은 괜찮던데 아쉽네,0,2025-08-08T07:04:29Z
@오현미-w7n,"난  아무리  좋아도  근로자 근무 환경이 안좋은 제품은
안씀
나에게는 편리한 새벽배송은
누군가의 새벽잠을  빼앗은 피땀이  담겨있기 때문이다",13,2025-08-08T07:03:44Z
@youkyungwon3867,"새벽배송 안되는 지역이지만 컬리에서만 살 수 있는 품목, 소포장 품목이 다양하고 마트 갈 시간 없어서 컬리애용해요. 배송이나 품질문제 몇 번 있었어도 신속한 대응 덕에 6년동안 애용하고 있어요. 컬리 애용자로서 잘 이겨냈음 좋겠어요.",251,2025-08-08T07:02:44Z
@라모-i2j,컬리애정 캠페인,0,2025-08-08T07:01:51Z
@anjibliss,컬리 애용자인데 안타깝다.,0,2025-08-08T06:58:05Z
@이하부정관,"배로 비싸니까, 쓸 이유가없음
포장 쓰레기도 많이 나오고",0,2025-08-08T06:57:43Z
@iwillleavesomeday,너무 바빠서 새벽에 식재료를 배달해 주길 바라는 잘 나가는 워킹맘이 얼마나 될까,0,2025-08-08T06:57:40Z
@HippoDaddy2005,원래 이런기업 창업자들 창립목적이 회사 급격하게 키워서 IPO 전후에 회사팔고 창업자는 한몫 챙겨서 빠지는건데 시점 놓쳐서 실패 한거지 뭐...,95,2025-08-08T06:55:22Z
@동동이4,"마켓컬리나 쿠팡이나 주구장창 적자 늪이었는데
결국 쿠팡이 승리했네",1,2025-08-08T06:50:57Z
@sgk4711,컬리는 망하지 말자.......질은  괜찮았다....... 배달 음식보다는 훨 낫다.....,0,2025-08-08T06:47:34Z
@JHL-h4p,마켓컬리는 중국자본 ??,0,2025-08-08T06:45:09Z
@금니오-h6o,"쿠팡에 발렸네.
왕지현 쓰더니만",0,2025-08-08T06:44:30Z
@멍구리-u3e,컬리 화이팅 내 알바자리... 지켜줭~,0,2025-08-08T06:41:42Z
@Earun777,"유통사는 돈으로하는거임.
 돈질로",0,2025-08-08T06:38:11Z
@노블스카이-v6p,컬리 ceo가 유튜브서 성공학 강의를 한다. 강의질도 허잡함. 이상하지 않음? 성공신화에 뭔가 야료가 있는듯.,3,2025-08-08T06:38:04Z
@성이름-z8s3x,🎉쎄세의 자본 🎉,2,2025-08-08T06:36:02Z
@멸공-j6g,여러 이커머스를 이용하지만 제품이상냄새때문에 뜯지도않은 물품 반품해달라했더니 택배비내라는 컬리 그담부터 해지하고 이용안함..가격도안싸고 서비스도 않좋고 제품 반품비도 질기게받는 이커머스는 컬리가 유일,1,2025-08-08T06:35:53Z
@skb9249,뭐긴 뭐야 중국자본 회사는 망하던 말던 ㅋ,1,2025-08-08T06:33:19Z
@bca-ft7pw,쇼핑몰이 강남스타일인데 나라 전체를 상대로 하니까 안 되죠. 쿠폰을 받아도 살 게 없습니다. 애초에 값이 너무 비싸게 책정돼있음.,0,2025-08-08T06:31:50Z
@greenwhite-q3b9v,"컬리는 11시까지 주문해야하고, 쿠팡은 12시까지 주문해도 됨.
무료배송 최소 주문금액도 쿠팡이 더 쌈",1,2025-08-08T06:29:14Z
@user-hc6dn8qh6l,가성비 안맞음. 똑같은 망고2개에 우리동네 몇배인거 보고 손절함,0,2025-08-08T06:27:29Z
@user-wi4jz3ig3i,쓱도 거의 장사포기하는 분위기고 컬리마저 망하면 쿠팡 독점시대ㅋㅋ,8,2025-08-08T06:23:26Z
@iconvalley7860,"그래도 컬리는 한국 기업
쿠팡은 미국꺼지",0,2025-08-08T06:19:41Z
@허원석-s2c,쿠팡 정도 자본력이 아니면 힘들지,2,2025-08-08T06:19:28Z
@rmfosjwkfskTek,기업은 망해가도 창업주는 손해는 아닐거야. 계속되는 투자 속에 본인은 충분히 보상을 받았을 듯.... 1$ 연봉이 아닌이상 억대 연봉을 받으며 사업을 해 왔을테니...,8,2025-08-08T06:16:54Z
@mashi6008,컬리 자체상품 너무좋은데 망하지마ㅠㅠ,648,2025-08-08T06:16:02Z
@그사람-o9y,"컬리는 영업방식을 업그레아드해야. 들어가보면 특별한건 없는데 가격이 쿠팡,네이버보다 비싼것이 문제.",2,2025-08-08T06:13:15Z
@user-mr2tv3wg5n,"컬리가 잘 되길 바래서 비싸도 쿠팡 끊고 컬리 쓰고 있음. 언제까지 살아남을 지 모르겠지만, 외국자본에 유통이 다 먹히지 않으면 좋겠음.",51,2025-08-08T06:12:31Z
@hongjang1980,어차피 지분도 거의 다 처분하지 않았나? 창업자 본인도 뭐 알았겟지,0,2025-08-08T06:11:15Z
@brightmind86,"몇 년전 컬리 배송 딱 한번 주문해 보구 안해요
물건이 별로 였어요
상품으로 만족 못시키면 끝입니다
몇 년째 오아시스 새벽 배송하고 있어요",1,2025-08-08T06:10:13Z
@평창동독버섯,확실히 쿠팡보다 비싸서 쿠폰주지 않는 이상 이용 안하게됨. 그렇다고 쿠팡이랑 비교해서 퀄리티가 아주 뛰어난것도 아닌 듯.,33,2025-08-08T06:07:27Z
@iconvalley7860,쿠팡도 그랬던 시절이 있었어      돈으로 막았지,0,2025-08-08T06:07:19Z
@g8w9c,쿠팡이 싸고 빠름,0,2025-08-08T06:05:07Z
@damura99,잉 아직 안망했나보네,1,2025-08-08T06:04:28Z
@애국시민-f1x,"마켓컬리가 중국 자본이라는 소리가 있던데, 사실인가요? 그럼 아웃!",1,2025-08-08T06:04:00Z
@Dotoritoday,컬리는 포장이 너무 과해..,1,2025-08-08T05:51:22Z
@ggondaeblues,쿠팡하면서도 불안한 건 독식하는 구조로 들어서면 쿠팡이  소비자들에게  어떻게 돌변하게될지 몰라 두렵다.  컬리하려다가도 할인가격으로 주문하려면 멤버쉽 또 새로 가입려니  부담스러웠는데 쿠팡의 독주를 막으려면 컬리도 멤버쉽 가입하고 주문해야할듯.,2,2025-08-08T05:47:38Z
@immortal2293able,30억에서 쉬천억 매출올랐는데  돈을 번적이 없다나? 경영을  어찌한거야?,0,2025-08-08T05:46:52Z
@user-li8de1um5q,새벽배송 하나로 너무 거들먹거렸지ㅋㅋㅋㅋ그게뭐라고  대기업이 못해서 안했던게 아닌데ㅋㅋ혁신도 아닌걸로 대단한척 하다가 망한거지,1,2025-08-08T05:45:56Z
@SHINDEN9999,만원쿠폰 쓸때만 쓰는 컬리,4,2025-08-08T05:42:33Z
@이나나-b1f,엑시트는 타이밍,0,2025-08-08T05:39:48Z
@최미경-l1f,"참신한 아이디어가 생각난다면  자본력이 가장강한놈을 찾아라 .
그놈이 거절하면 바로 2등을 찾아라 그리고 사업시작후 적당히챙겨서 떠나라 
2등이 잘나가면 1등은 바로전쟁을 선포한다
어차피 2등은1등에게 먹힌다 이것이 시장이다",0,2025-08-08T05:36:07Z
@pwjfbsvh,흑자라고 최근 안심했는데. 없어지면 안돼~~~😮😮😂😂,0,2025-08-08T05:34:58Z
@overseastatek3732,홍콩 자본에 뚜까맞고 대주주가 미금은 홍콩계 사모펀드,0,2025-08-08T05:34:30Z
@Titanic98,서울국전용,0,2025-08-08T05:34:16Z
@family4510,신선식품이 별로 없어서 안사게 됨,0,2025-08-08T05:33:44Z
@rotlqkf8290,컬리는 전지현이만 모델값 받아먹은거 말고는 그 누구도 이익이 없네 ㅋㅋㅋㅋㅋ 전지현만 웃었네 ㅋㅋㅋㅋㅋㅋ,0,2025-08-08T05:32:07Z
@chzzang9463,"포장부터 바꿔라~  뭐 좀 주문하면 종이박스가 3개씩 온다.. 낭비가 심해..  쿠팡은 다 떨어진 쿠팡백에 넣어서 갖다놓는데 말이야!! 냉동팩은 꺼내지 않고 돌려보내,  판매 가구가 적어 수거가 힘든가??",12,2025-08-08T05:31:08Z
@jeongheeji1536,컬리 자체가 시간을 돈으로 살 필요가 있는 사람들을 위한 시장이었는데 너무 큰 시장이 될거라 생각한게 무리였다.,127,2025-08-08T05:30:20Z
@나기-l9h,최근 뉴스 기사보면 컬리 흑자 되었다고 하던데요?,0,2025-08-08T05:28:36Z
@lovoomstory7563,어이 ㆍㆍ마켓컬리에서 매일 시키는데ㆍㆍ망하면 안된다..,1,2025-08-08T05:25:45Z
@user-엠마,쿠팡이 너무 강력함 ㅜ,2,2025-08-08T05:25:24Z
@morgankim5502,매캔지ㅋㅋㅋㅋㅋㅋㅋㅋㅋㅋㅋㅋㅋㅋㅋ,1,2025-08-08T05:16:26Z
@이지영-f7j5o,"대중적인 가격은 아니었음.
난 두번시키고 외면했음.",1,2025-08-08T05:15:01Z
@Nomercy0P,근데 다른데에 두배정도 되는 가격에 저는 발길 돌렸어요,1,2025-08-08T05:14:07Z
@mjpp2328,제품이 쏟아지는 시장에 컬리도 가격비교까지 되면서 더 이상 메리트가 없는 것..,2,2025-08-08T05:11:12Z
@사람-h3r6i,결국 투자자들의 돈으로 먹고사는 기업,1,2025-08-08T05:10:03Z
@루비진주,"컬리 원년부터 이용하는데 당시 납품 벤더들에게 최고의 가격을 보장한다는 기사를 보고 경영 철학이 인상깊었어요. 검증된 식재료,  소량 구매가능 장점 때문에 이용하는데 마음이 아프네요. 좋은 해결책 찾기 바래요.",0,2025-08-08T05:07:04Z
@hihappy-u2k,망하던지 말던지..살곳은 많다,0,2025-08-08T05:06:35Z
@Jinagadun_hyung,"컬리 비싸다고 하는 사람들은 실제로 매일매일 장 보면서 가격비교해보면 한곳에서 신선식품, 가공식품, 생필품 심지어 요즘엔 가전이랑 화장품도 더 저렴한데.. 너무 안타깝기도 하지만 뭐 계속 백원 십원이라도 더 싼거 싼거 찾는 사람들한테 대안은 아닌듯.. 좀더 버텨주세요 컬리. 그리고 무조건 싼것만 찾는 사람들은 쿠팡이나 이마트 쓰시면 될듯. 컬리 타겟은 어느정도 신선한 재료료 직접 요리를 해 먹거나 조금 더 값이 나가도 잘 선별된 제품 깔끔하게 보고 주문할수 있는 시스템 이건 뭐 비교할 대상이 없음 이대로 쭉 퀄리티 유지해 주길.",1,2025-08-08T05:06:18Z
@이인재-u2i,"""프리미엄 신선식품을 새벽에"" 이상적으로는 참 좋지만,  프리미엄, 새벽배송 , 둘중 하나만도 힘든 일을 2개 다하려고 하니 벅찰수 밖에,  쿠팡은  새벽배송 하나에만 집중했기에 그나마  턴어라운드를 할 수 있었지 않나?  프리미엄도 참 애매한게,  코스트코처럼 질좋은 제품을 저렴하게 내놓는 전략은 항상 성공하지만,  프리미엄이니까 비싼 제품이  길게 성공한 사례가 있나?",0,2025-08-08T05:06:03Z
@류제니스,"로고,상호에 다들 거품가득 투자자는 망한듯..엑시트는 영원히불가능
그래도 먹거리 퀄리티를 높인건사실,,올리브오일이나,발사믹을 니들이 
빨리 접하게된것처럼,,,고객에 눈을 높여준건 컬리의힘이지,,딱거기까지가한계인듯
대한민국유통은 쿠팡에게 모두 잡혀먹힐듯,,,결국은 부동산 상가임대업까지 망할듯
그래도 컬리만에 경재상품개발력은 인정,,,,",1,2025-08-08T05:05:09Z
@토리-t9s,컬리비쌈,0,2025-08-08T05:04:33Z
@FJ-hf8kg,애매하게 미국 명문대 나온 사람이 대표인 회사는 피하세요. 이상주의자가 많고 자본은 부족한데 배포만 큰 경우가 많습니다.,122,2025-08-08T05:04:16Z
@warr201,처음 가입 100원으로 배송한번 받고 있는지도모르고 살아감,0,2025-08-08T05:01:11Z
@이인재-u2i,카테고리를 확장하려면 쿠팡이 완성되기 전에 했어야지.   쿠팡이 모든 것을 하고 있는데 쿠팡보다 더 잘하지 못하면 누가 들어가 보기라도 할 것인가?,0,2025-08-08T04:58:22Z
@대한나라-v6i,"이런거지!
돈 있는 사람은 백화점이나 이마트에
가서 장을 보고!
없는 사람들은 쿠팡!
이러다보니 애매모한 컬리가 되겠나?
이마트등 대형 마트들도 배달해 주니
얼마나 좋아!
반찬 사러 백화점 갔더니 중국산 안 
쓰니 돈 있는 사람들은 다 이용하지!
없는 이들은 중국산 범벅이라도 싸고
빨리 갖다 주는 쿠팡 선호하지!
컬리도 방향 바꾸면 돈 벌지!",0,2025-08-08T04:58:17Z
@도또킹,아이디어는 좋았다. 하지만 쿠팡처럼 지원세력이 부족 지속적인 투자를 받아서 확장을 했어야 했는데 현재는 쿠팡에 먹혔다.,0,2025-08-08T04:54:14Z
@이인재-u2i,검증되지 않은 제품을 비싸게 파니까 매출이 늘어나는데 한계가 있다.   유기농이냐 새벽배송이냐를 하나만 집중해야하지 않았을까?,1,2025-08-08T04:52:48Z
@알고먹어야건강하다,그냥 처음 부터 거품이었는데 무슨 ㅎㅎㅎ,0,2025-08-08T04:52:28Z
@로카를,쿠팡이 진짜 여러모로 대단하긴 하네..,0,2025-08-08T04:51:37Z
@wildlifekr,세상 쉬운게 없다,3,2025-08-08T04:49:20Z
@kimindevil,결국 쿠팡이 다해먹었음.... 쿠팡이 가격 넘사벽임 너무 저렴함,1,2025-08-08T04:46:58Z
@babylovely9484,하나만 시켜도 두겹 세겹 싸서 쓰레기 너무 나오는 신박한 환경파괴,13,2025-08-08T04:44:22Z
@현영박-j4m,만구 지생각,0,2025-08-08T04:40:52Z
@현영박-j4m,동네 쌀장사 하는ceo가 운영 더 잘한다,0,2025-08-08T04:40:15Z
@권려원-y1c,"내가 알기론 컬리에 김슬아말곤 인물이 없던데 그게 폐인이 아니었을까? 쿠팡은 비단 대표 한 명에 의지하지 않고 여러 분야의 인재를 영입했고 시장을 읽는 시각이나 법률적으로 많은 도움을 받은 것 같다. 맥킨지 나온 여자가 코스탈리니의 계란같은 기초적인 이론에 근거한 혜안조차 없었을 리 만무한데, 이미 혼자 분투하느라 시야가 좁아진 게 큰 원인인 듯 싶다. 쿠팡처럼 코로나가 끝나가면 잔치도 끝날 걸 예측하고 지옥문이 열릴거란 걸 대비했어야지",4,2025-08-08T04:39:39Z
@dal22,항상 응원합니다 ❤❤,2,2025-08-08T04:35:43Z
@refham,얘네 이미 사실 제2의 위메프지~~ 이미 탈출~~~~~ ㅋㅋㅋㅋㅋㅋㅋㅋㅋㅋㅋㅋㅋㅋㅋㅋㅋㅋㅋㅋㅋㅋㅋㅋ,3,2025-08-08T04:35:09Z
@ysshin9807,손정의 처럼 순수피지컬로 버틸수없다면 대한민국에서 창업 도전하지마라ㅋㅋㅋ,0,2025-08-08T04:34:16Z
@레드블루-e8e,살아난다라면 손에 장을 지진다 지금 상황에서 뭘 할수가 있을까 ㅋㅋ쿠팡처럼 한다?그럴 자본이 있을까 자본이 있어도 또 경쟁 해야하는거다 남을수가 없어,1,2025-08-08T04:31:42Z
@junyang3357,"결국 마케팅 기획자일뿐,  뛰어난 경영자는 아니니깐...  경영 측면에서는 영....",5,2025-08-08T04:30:13Z
@kraftig7,"컬리가 아이디어는 신선하지만 가격 경쟁력이 떨어지고, 환경을 생각하는 고객들에게는 과대포장때문에 기피하게 된다. 신선식품유통은 오프라인매장이 없이는 존속하기 힘들다. 반면 탄탄한 오프지점들을 기반으로 시작하여 새벽배송, 당일배송을 시작한 오아시스는 매년 흑자 갱신중이고 가격도 저렴하고 쿠폰도 아낌없이 쏜다. 돈을 벌 목적으로만 시작했는지, 좋은 가격으로 소비자를 만나려고 생각했는지 시작한 컨셉부터도 승패 좌우. 고객은 자신을 생각해주는 회사에게 반드시 보답한다.",15,2025-08-08T04:28:09Z
@KIKI_GHIBLII,컬리 납품업체들 어서 빠지세여 지금 빠지는 게 사는 겁니다,2,2025-08-08T04:25:03Z
@tolltoll8181,중간에 누가 떼먹는지 특히 채소 과일값은 터무니 없이 비싸 . 내부감사 해봐라 .과일 한알당 200원씩 빼먹는 자 있는지  오래전에  모 유통업체서  고등어  한마리당 100원 씩인가 따로 바이어가 계좌로 받았던 사건  있었단다 . 나도 컬리에서 주문 점점 줄이고 있다 너무 비싸서..,1,2025-08-08T04:22:23Z
@charliekim184,"컬리에도 손정의가 있었다면? 
쿠팡에 손정의가 없었다면?",0,2025-08-08T04:20:53Z
@Shelter911-q8j,쿠팡보다  싸지가않음  할인행사해도 비싼품목이 많아서 쿠팡 말고 컬리에서  시킬 이유가없음,0,2025-08-08T04:19:49Z
@junyang3357,"엑시트 기회가 있었는데,,  안하더라... 그때  아 고집 세구나  했다....   기존 유통 대기업이 새벽 배송에 뛰어드는 시점에 눈치 챘어야 했는데...버티길래 어려울거라 생각했다   + 쿠팡",23,2025-08-08T04:19:36Z
@ggyynn-x6z,컬리 뷰티제품 가격봤냐ㅋㅋ 5천원짜리 스킨을 2.5만원에 팔고 할인쿠폰뿌리고 자빠졌다. 누가사?ㅋㅋㅋ,37,2025-08-08T04:19:17Z
@user-jizero526,한참 이용하다 최근엔 쿠팡으로,0,2025-08-08T04:18:49Z
@farm5kim,"새벽배송?
급하면 집앞에 마트가 있다.
아침 출근에 쫒기는 사람이  택배물건 정리하고, 심지어  간단하게 요리를 한다?",0,2025-08-08T04:16:26Z
@besbes-q5g,ㅠㅠ 컬리에서만 유통되는 맛있는 제품들 있는데  그리고 다양한 제품 한번에 살 수 있는 것도 최고인데.. 가격은 비쌀때도 많지만...없어지면 어쩌지 ㅠㅠ,17,2025-08-08T04:15:00Z
@나나-f3v2s,쓰레기 물건들 보낸다는 불만 게시글 올라오기 시작하면 끝난것임.,0,2025-08-08T04:14:18Z
@damnzing7470,미국자본 쿠팡 <--> 중국자본 컬리. 자 누가 답이지?,0,2025-08-08T04:09:25Z
@호호아빠-s3d234,"신선식품 새벽배송 당일배송..
저게 생각보다 마진이 적음
모 회사 센터에서 1년정도 있었는데
일단 신선상품은 전체 냉장을 돌려야함 유지비가 많이 들음
또 선도가 조금이라도 나쁘면 폐기임 예를 들어 계란이 30구에서 1~2깨졌으면 버리고 20~30프로 할인 붙이면 손해는 안나는데
온라인은 그냥 폐기임
 오프라인은 조금 다듬거나 선도에 맞는 할인행사 하면서 팔면되는데 온라인판매는 조금만 선도 나쁘면 바로 클레임 교환 환불임 그리서 폐기량이 어마어마함. 
또 선도 유지를 위한 포장값이 어마어마함. 일반 오프라인 매장대비 수십배는 더 들어감
또 인력도 생각보다 많이 필요함
상품들어오면 상품 관리등등 
또 배송하시는분 오프라인 대비 인원이 최소1.5배 더 필요
내 생각에 쿠팡도 그렇지만 신선프레시 이런건 마진이 거이 없고 미끼 상품인듯 가공식품에서 어느정도 땡겨서 마진을 봐야지
신선은 직접 눈으로 보고 사는게 아니라 정말 답없음  앵간해선 돈벌기 힘든 구조",79,2025-08-08T04:08:12Z
@totus-tuus2,"어쩐지 상품이 점점 줄더라.. 쿠팡에서 보기
힘든 수입 소스나 식자재라는 고급 희소의 가치가 없어졌고 배송비 추가에 다양하지도 고급스럽지도 않은 식재료.. 나도 안산다",1,2025-08-08T04:05:23Z
@talaria105,넘 과대포장해서 시키기가 그럼😢,1,2025-08-08T04:02:33Z
@loloha6582,초심을 잃은지 오래. 뻔한 결론.,0,2025-08-08T04:02:22Z
@밥짓는맥북,컬리의 품질은 의심하지 않는데... 비싸긴 해요. 누구 말대로 어느정도 여유가 있으면 컬리만 쓸 듯,45,2025-08-08T04:01:46Z
@권한나-x5c,"나는 새벽배송 자체를 싫어한다
편리함을 위해 야간노동에 내몰리는 수많은 사람들의 인간답지 못한 노동환경을 생각해 본 적 있는가?
병원처럼 불가피한 것도 아닌데 굳이. 컬리가 만든 새벽배송 문화가 싫다.",0,2025-08-08T04:00:33Z
@jun-ms6yq,"컬리 비싸고 품질은 그냥 그럼
오히려 그리팅이 비싸지만 품질은 좋음
가성비를 따지려면 쿠팡이나 네이버에서 사야지",0,2025-08-08T04:00:17Z
@suki-today,"생각은 좋았지만~ 너무 포장 낭비가 심함. 주문하면서도 뭔가 죄짓는 기분ㅜㅠ 그리고 새로운게 없음
이마트 트레이더스는 코스트코 따라잡은 느낌인데.. 컬리는 음....",0,2025-08-08T03:59:27Z
@MrSunzg,아직도 안 망했나? 첨부터 망할짓 하고 있더만...,1,2025-08-08T03:59:08Z
@huilee6304,대기업이 맞았네. 돈이 되겠어? 돈이 안 되니 저런 상황이 된 거지,2,2025-08-08T03:58:04Z
@megcjmdw,김슬아 대표는 아이가 없는걸로 알고있는데 아니었나봐요😅,0,2025-08-08T03:57:27Z
@jaskorea4840,"3년전 콜센터 응대 보고 거래 안하고 망할줄 알았다 ㅋㅋㅋ
축하!
망조든 경영철학",2,2025-08-08T03:53:11Z
@par953,ㅋㅋㅋㅋㅋ 품질이 좋았어 컬리가?? ㅋㅋㅋ 쿠팡 곰곰이랑 똑같던데?,0,2025-08-08T03:53:03Z
@forest-g8f,나도 컬리쓰고있지만 4만원에 만원 할인쿠폰을 자꾸 주던데..이러다 망하는거 아닌가 싶음.,1,2025-08-08T03:49:04Z
@광교곰,쿠팡이 없었다면 성공할 수도 있었지.  쿠팡이 더 크고 더 빠름.,0,2025-08-08T03:48:30Z
@hoolu8033,오아시스.신선식품 최고임,29,2025-08-08T03:46:53Z
@younmi0718,"쿠폰줘서 딱 한 번 이용해봄
깐깐하게 비쌈 😢
그냥 회원비 내도 쿠팡이 최고",0,2025-08-08T03:46:50Z
@suyeon901126,전지현 님 마케팅 때 덜어져 나간 1인... 소비자가에 광고비를 얼마나 씌워 놨을까 생각하면 😅,7,2025-08-08T03:46:00Z
@par953,"컬리의 패착은 코로나시대 중반기이후 전세계 돈잔치 할때 별 갖잖은것들 프리미엄이랍시고 비싼거 팔기 시작할때부터임.   별것도 아닌 계란,고기,빵 등을 야부리털어서 비싸게 팔아먹었지. 지금은 전혀 먹히지 않음.",3,2025-08-08T03:45:37Z
@흠흠-x7v,Ceo는 연봉으로 따숩겠지,0,2025-08-08T03:40:45Z
@하이킥KTV,이젠 쿠팡이지...,0,2025-08-08T03:38:21Z
@dennissorm1881,끝났지.. ㅜㅠ 새벽배송 최초로 했는데..,0,2025-08-08T03:36:32Z
@Coree_연합,폴바셋 커피 구매할 때만 한번씩 사용하는 컬리...,0,2025-08-08T03:33:17Z
@cheek1770,"식품 품질이나 배송, 포장 상태 그리고 컬리에서만 파는 유니크한 브랜드 상품들. 컬리가 없어지면 안되는 이유.  무엇보다 1인 가구에 적합한 상품들이 많아서 컬리 애정함.",656,2025-08-08T03:32:57Z
@레몬수-z7m,"컬리  믿고쓰는   품질
망하면 안돼  ㅠ",61,2025-08-08T03:30:34Z
@신유지니,꿈😅😢😂,0,2025-08-08T03:26:23Z
@ioio8489,제품라인업이 안좋아서 안삼,0,2025-08-08T03:25:28Z
@이론적고찰assessment,전형적으로 디자인 마케팅 영업이 멱살캐리로 만든 뻥기업,0,2025-08-08T03:25:04Z
@기버J,"컬리 노동자들,배송기사들 안전사고나 사망사고는 못본거 같네요. 반면 쿠팡은 끊이지 않지요..즉, 노동자들 얼마나 갈아넣어야지 이익이 난다는 말이되나요?
컬리도 이용해봐야겠네요..쿠팡은 노동자들을너무 갈아넣어서 이용하면서도 찝찝합니다.",3,2025-08-08T03:22:59Z
@jwp9469,"가서 하루만 알바 해봤는데 
그야말로 걍 죽음이다",3,2025-08-08T03:22:48Z
@hoon2614,쿠팡도 마켓컬리처럼,0,2025-08-08T03:18:48Z
@08thMSteam,"로켓배송이나 새벽배송이나 돈으로 때려박는건데 자본금, 상품물가상승이 안받쳐주면 절대 성공할수가 없지",0,2025-08-08T03:18:31Z
@HtChoi-qk9xr,쿠팡 승,0,2025-08-08T03:18:01Z
@yhycho6865,품질은 좋아요 기념일날 같은 때 집에서 만들어먹을때 좋은 요리를 해주고싶을때 즐 1년에 한두번 살까 말까가 되버려서 아쉽... 돈이많으면 매번 먹겠지만 모든 구매자가 그수준은 아니라,0,2025-08-08T03:17:05Z
@ninetosixty,참나..김슬아 보다 못한 인간들이 댓글로 훈수두는 꼴이 존나게 웃기네😂,0,2025-08-08T03:16:36Z
@hjcho96,비싼게 흠,0,2025-08-08T03:15:37Z
@deryeun3987,컬리 힘내요~~~ 신선식품 제일 칭찬하고 일빈식품도  품질좋은 제품으로 신경써주는 느낌 그래서 좀 비싼건 이해,0,2025-08-08T03:15:15Z
@김나나-g2e,컬리 없어지면 안돼요 ㅠㅠㅠ,17,2025-08-08T03:09:10Z
@jasonyoon4910,이젠 돌아올수없겠죠ㅜㅜ,0,2025-08-08T03:08:01Z
@소곤소곤-d2o,결국엔 쿠팡한테 먹히는구나,0,2025-08-08T03:05:10Z
@테마조아,상장했으면 개미주주들에게 피눈물 떠안겼겠네,44,2025-08-08T03:03:45Z
@고고-u3y,비싸던데,0,2025-08-08T03:01:45Z
@마이리dks,저 때 가치 쫌 낫게라도 상장 햇어야 햇음,0,2025-08-08T02:57:23Z
@p인,컬리가 잘 되길 ㅜ,11,2025-08-08T02:55:31Z
@요요-n6b,사기꾼이  따로  있는게  아니다..,1,2025-08-08T02:55:12Z
@user-1945-rtx,엑싯 못했나?,0,2025-08-08T02:52:50Z
@herayury,새벽배송 로켓배송 쿠팡이 다 먹음,0,2025-08-08T02:46:04Z
@jjk7379,ceo가 광고나온거보고 뭔가 거부감이 더 생겼어요... 이상했어요 그 광고,3,2025-08-08T02:45:59Z
@celltrion_holic,5분8초 매출과 영업익 그래프가 바뀐듯합니다,0,2025-08-08T02:41:18Z
@바니썸캐롯,아이공,0,2025-08-08T02:39:05Z
@후린후린후린,컬리는  쿠폰줄때 사는곳~,0,2025-08-08T02:34:01Z
@줄비행기,멘트들이 너무 진부해요,0,2025-08-08T02:33:35Z
@sookang2196,넘 비싸 ㅠ,0,2025-08-08T02:31:01Z
@안티조,요즘 컬리 쓰는 사람 보기도 힘든데;;;;,0,2025-08-08T02:28:46Z
@태주-h9t,솔직히 쿠팡하지 컬리 써본적도 없다잉,0,2025-08-08T02:27:51Z
@wowfast2,"킹팡, 이마트, 네이버 등과의 경쟁에서 마켓컬리가 살아남을 가능성은 사실상 제로에 가깝다고 본다 ㅠㅠ
레알 눈물이 낳오고 자개감이 든다 ㅠㅠ",0,2025-08-08T02:27:44Z
@개밴츠TV,로켓에 참수당하다,0,2025-08-08T02:22:34Z
@Hardy_B-q8x,난 여전히 컬리 배송 간혹 시키는데...컬리만에 강점이 있는 건 사실.,23,2025-08-08T02:21:00Z
@아르메데스,대기업이 옳았네.. 돈이 않되잔아.,7,2025-08-08T02:19:14Z
@gsk2154,"이유: 다소 비싸더라도 중산,부유층 상대로 새벽 신선배송으로 차별화 했으나, 쿠팡이 이를 커버링 해버림...더 싸고...",0,2025-08-08T02:18:58Z
@송파불청,좀 비싸도 컬리 이용하게 됨. 특시 식품 쪽은 컬리만한 곳 없음. 상품의 다양성이 많이 부족하지만 대신 질이 좋음..초기보다 못하지만 그래도 아직 타기업보다 경쟁력 있음.,808,2025-08-08T02:15:06Z
@kkmkm5700,컬리 초창기부터 사용했던 사람으로서 차라리 고급화로 자리매김하던지 했어야 했는데 어정쩡했고 품질과 서비스가 점점 떨어짐. 나도 사용하다 다른데로 갈아탐. 포장 품질 서비스 초창기랑 매우 다름. 지금 쿠폰주면 갈까말까임,46,2025-08-08T02:05:33Z
@홍홍홍박사-v4v,컬리안타깝다.,0,2025-08-08T02:03:51Z
@bossboss7869,자본으로 밀어 붙이는 쿠순이한테 밀린거지요!,1,2025-08-08T02:02:10Z
@suewildapp2603,"김슬아는 사업가가 아니라 사기꾼임.
적자이면서도 사업 안 접고, 최저시급 알바1000명 노동착취해서 버티며 사기쳐서 상장해서 팔고 떼돈 벌려고 끌고 간 것임.
김슬아는 7억? 연봉 받으니 적자 파산해도 계속하면 신나는 일인거임
파산해도
나라에사 국민세금으로 똑 국민 피 빨아서 쪽쪽",2,2025-08-08T02:01:11Z
@user-hz7ec1fh3y,"한국 시장이 작아서 별수 없지,, 고점에 팔고 나와야지 질질끌다가",0,2025-08-08T01:59:09Z
@호겸-e6w,컬리에서만 파는 먹거리들이 품질이 우수해요.망하면 안되는데...ㅜㅜ,3,2025-08-08T01:58:23Z
@jac4340,"배송상태가 나빠서 손절했습니다
비싸도 좋은 물건 사고싶어요",0,2025-08-08T01:55:17Z
@자유의별-c6s,"내가 마켓컬리, 쓱배송, 쿠팡 세 개 모두에서 알바를 해보며 왜 쿠팡이 성공했고 컬리나 쓱배송 이제는 사라진 GS새벽배송 들이 실패했거나 실패의 길로 가는 지 근본 원인을 알겠더라. 

일단 첫 번째로 쿠팡을 제외한 컬리, 쓱배송, GS 들은 물류거점이 수도권 중심으로 소수였으나 쿠팡은 수도권 뿐만 아니라 전국에 적자를 보면서 계속 늘려나갔다. 쿠팡이 몇 년 동안 적자를 기록했던 것도 사실은 전국 각지에 부동산을 사고 물류센터를 건설하는데 돈을 엄청 썼기 때문이다. 나중에 더 이상 물류센터를 확장할 필요가 없이 배송만 하면 되는 시기를 상정하고 거점 확보에 주력했는데, 이게 정말 배송 스피드나 소비자로서의 선택할 수 있는 물건의 종류에서 다른 배송업체가 따라갈 수 없는 수준이 되었다. 컬리, 쓱배송은 수도권에 2~3 개 정도 되었는데 판매 준비 상품이 쿠팡에 비해 너무 작았고 배송스피드에서도 차이가 크게 날 수밖에 없는 상태가 되어 쿠팡이 다른 새벽배송업체들의 점유율을 점점 잠식할 수밖에 없다. 

두 번째의 이유로 쿠팡의 막대한 노동력 착취로 인한 노동생산력의 차이이다. 기본적으로 쿠팡은 밥먹는 시간 이외에 쉬는 시간을 주지 않는다. 그리고 일하는 사람에 대해 매우 노예적으로 취급하는, 마치 일제시대 때의 강제노동처럼 인력을 다룬다. 그에 비해 쓱배송은 90분 마다 15분 정도의 휴식 시간을 주었고, 컬리도 쉬는 시간을 주었다. 이게 작은 차이 같지만 무슨 대단한 첨단 기술로 물건을 파는 일이 아니라, 순전히 노동력에 의존해서 돈을 버는 배송업체에서 사람들을 혹사시켜 피와땀을 쥐어 짜내는 기업과 그나마 양심적인 기업의 이익은 슬프게도 쿠팡처럼 노동력을 잔인하게 착취하는 기업이 더 높을 수밖에 없다는 현실이다.

세 번째의 이유로 소비자가 주문한 대로 정확하고 빠르게 배송하는 과정에서 쿠팡이 다른 업체들보다 오류가 나올 확률이 훨씬 적고 빠를 수 밖에 없는 시스템을 선택했다. 쓱배송 같은 경우는 레일 위에 박스상자가 돌아가면 우유나 과일 등등의 각 파트에서 빨간 불이 들어오는 물건의 갯 수 만큼 박스 상자에 넣고 그걸 그대로 내보낸다. 즉 아무리 숙련된 노동자라도 하더라도 숫자를 착각하거나 상자에서 요구하는 갯수가 많아지면 오류가 나오는 경우가 허다하다. 마켓컬리도 장지동에 있을 때의 시스템에서는 배송상품을 사람들의 손으로 뛰어다니면서 바구니에 넣고 그걸 바로 포장해서 보냈다. 물론 마켓컬리는 쓱배송에 비해 포장과정에서 포장하는 사람들이 오류배송을 잡아낼 가능성이 조금 더 높긴하고 평택으로 이사간 후에는 집품 방식이 약간 바뀌어서 그나마 쓱배송 보다는 오류가능성을 줄이긴 했다. 그에 비해 쿠팡은 PDF기로 일일이 갯수와 물건을 집품자가 한 번 확인하고 집품하고 또 포장시에 포장자가 다시 한 번 오류가 있는 지 확인할 수 밖에 없는 시스템으로 설계되어 다른 업체들에 비해 오류가 압도적으로 적을 수밖에 없고 스피드도 다른 업체들에 비해 매우 빠르다.

결론적으로 쿠팡은 미래를 내다보고 전국적인 물류거점을 확보하는데 주력하는데 성공했고 거기에 더해 인간 노동력을 착취하는데 아무런 제지를 받지 않고 성공했기 때문에 다른 물류회사를 압도할 수 있었던 것이다.",0,2025-08-08T01:54:21Z
@밍sss-x8h,컬리를 쓸만큼 돈이 많고 가정부를 쓸만큼 부자는 아닌 사람이 미국처럼 많지가 않아,0,2025-08-08T01:51:02Z
@김기훈-m9y,잘나갈때 상장해서 한몫 땡기지도 못했네 안타깝다,0,2025-08-08T01:50:12Z
@swb4917,"현장과 전혀 맞지 않는 경영
아직 망하지 않는게 신기",0,2025-08-08T01:43:05Z
@kneeling-shot,여자가 경영한겨?,0,2025-08-08T01:42:47Z
@정국하트,쓰지도 않은 회원비 일년치 환불도 안해주더만 영 가버려라,0,2025-08-08T01:42:38Z
@ghwlf0301,이런 상황에 대표는 24년도 연봉 5억 2천에 상여를 2억이나 챙겨간게 대단하네.,24,2025-08-08T01:36:31Z
@aion-k6j,영업용 화물기사 입니다  컬리 자주 이용도 하고요   저번주  평택청북 컬리 납품 오더 수행중  납품 직원 및 지계차직원들한테  갑질 하역 당하고  바로  컬리 아이디 삭제해버렸음   쿠팡직원 갑질은  그냥 보살 이더군요,61,2025-08-08T01:36:03Z
@edward9876,원래 4조짜리 회사가 아니었던 거죠뭐 4조면 얼마나 큰회사야,0,2025-08-08T01:34:01Z
@Chloe-eh6xg,잘 나갈 때 엑싯트했어야지…….바보,2,2025-08-08T01:32:31Z
@영미김-z5w,컬리는 빠르고 품질 좋아서  좀 비싸도 자주 애용하는데 ..  그것도 할인쿠폰 자주 오니까. 얘네 뭐가 남나 싶은데.  없어지면 안돼요,75,2025-08-08T01:30:49Z
@miahpersson-z9w,"우리 아파트 재활용 박스 버릴때봐도 예전에는 쿠팡박스가 젤 많고 그다음이 마켓컬리였는데
지금은 거의 안보여",1,2025-08-08T01:28:41Z
@jungookseo2489,다 처분하고 정리하면 몇백억 남잖아.  내가 회장이면 그러겠다,0,2025-08-08T01:27:28Z
@okiok-zt3dd,잘나갈때 조심 초심으로 돌아가야함 마켓커리 이용하는 사람도 자부심이 있었는데 점점 물건도 별차이 없다면 굳이,1,2025-08-08T01:18:44Z
@suewildapp2603,"컬리 정직원 몇십명일까?
비정규직 최저시급 일회용 알바생 1000명 굴려서 돌아간다. 알바생들 식사 토나오는 음식 뱉을만큼. 
회사가 아님. 악마. 쓰레기
청소도 안함.
더럽고 엉망인 곳에서 주문해오는 곳.
광고나 홈피 이미지로  멋진 줄 아나보네",25,2025-08-08T01:18:24Z
@dwpark5576,"김슬아 대표 2025년 연봉 7억 2,300만원. 검소한 수준이네.",24,2025-08-08T01:15:24Z
@jimk6819,쿠팡에는 10년이상 믿고 맡기는 손정의 펀드가 있지요.중장기 사모펀드가 있어야...,1,2025-08-08T01:12:42Z
@goqudeo13-y3g,컬리에서만 파는 독점 제품들 맛있는거 진짜 많은데 ㅜㅜ  망하면안돼,221,2025-08-08T01:11:46Z
@hjkim4144,새벽배송안해줘도 되는데... 마켓컬리 자체 브랜드 치킨까스는 진짜 맛있는데...가격도 좋고.크기도 괜찮구...안에 고기가 진짜 튼실하고 맛있는데...돈까스도 맛나고...여기 사라지면 어디서 사...ㅠㅠ 여기 돈가스 라인과 미트볼은 꾸준히 구매합니다...파산안했으면 좋겠어요 ㅠㅠ,2,2025-08-08T01:10:29Z
@okiok-zt3dd,도움이 많이 되고 있음  그런데 요즘 문제가 발생하던데 이런일이 생기는군  배달 사고 내고도 고객탓으로 돌리려했음,0,2025-08-08T01:07:42Z
@contemporaryJAPANARCHITECTURE,민족사관학교부터 시작해서 엘리트 코스만 받다보니 알바해서 번 자기돈으로 등록금내고 공부해본 적이 없는 머리좋은 공주님이었나..최저시급으로 알바도 좀 해보고 그랬으면 경영마인드나 가치관도 달라졌을수도.😑😑😑,17,2025-08-08T01:07:28Z
@dgmdj-o1e,"비싸니까~  양은 너무 적고  가격대비 비싸지요
첨엔 시켜먹어봤는데  두세번 시키다보니 비싸게 느껴짐
신뢰도 별로 ~",1,2025-08-08T01:07:21Z
@amay1771,에비타를  알파벳으로 읽어버리는거 보고는 아 이분 컨텐츠 만들기에 급급한...,0,2025-08-08T01:06:22Z
@superkim2462,내용정리 및 전달에 너무 감사드립니다. 좋은 서사를 보았습니다.,6,2025-08-08T01:02:03Z
@Soso-kb6xv,"주문 하고 11시 전에 또  주문하면 담날 새벽에 다른 배송원이 두번옴,, 그거 보고 쉽지  않겠다 싶었음. 같이 오면 될것을 두번 오게 하는 건 뭔지 ,, 그 비용 어쩔거야",5,2025-08-08T00:59:36Z
@DeemoAlice,"컬리는 과도기 때 정말 좋았음. 
부모님이 컬리 없으면 못살겠다고 했을 정도니까.
프로모션이 너무 자주 나오니까 이상하게 보이기 시작함. 
할인율이 저렇다는건 마진을 포기한다는건데, 내부 재정적으로 건전할 수 있을지 의문이였음. 
뽐뿌와 같은 사이트에 주목할 때 나도 슬슬 쓰지 말라고 함. 
매출 대비 내부 제정 건전성이 떨어진다고 판단되었음. 
티메프랑 사실 큰 차이 없는 상황인거지.
근데 이렇게 될지 나도 예상은 못함.",0,2025-08-08T00:58:33Z
@DeemoAlice,"컬리는 과도기 때 정말 좋았음. 
부모님이 컬리 없으면 못살겠다고 했을 정도니까.
프로모션이 너무 자주 나오니까 이상하게 보이기 시작함. 
할인율이 저렇다는건 마진을 포기한다는건데, 내부 재정적으로 건전할 수 있을지 의문이였음. 
뽐뿌와 같은 사이트에 주목할 때 나도 슬슬 쓰지 말라고 함. 
매출 대비 내부 제정 건전성이 떨어진다고 판단되었음. 
티메프랑 사실 큰 차이 없는 상황인거지.
근데 이렇게 될지 나도 예상은 못함.",16,2025-08-08T00:58:31Z
@봉구아빠-e2u,"신선한 아이디어, 부모의 후광과 똑똑해보이는 CEO에 대한 기대감으로 받던 기운이 실질로 채워지지 못하니 바람빠지는 풍선같이 되는 것..",2,2025-08-08T00:56:37Z
@aaa-iw8bp,할인쿠폰 뿌리는 거 보니 거의 끝났다.,0,2025-08-08T00:53:42Z
@june_2030,와 정리 잘하셨네요👍🏻,0,2025-08-08T00:48:20Z
@종로너구리-r4c,얘도 유퀴즈 아님,0,2025-08-08T00:46:30Z
@ksc3642,"컬리, 그게 돈이 되나? 아이디어건 뭐건 그 시작부터가 잘못됐다.
남들이 잠든 사이에 개같이 일해야 하는 직원들과 배송기사들.
물론 그렇게 해서라도 돈벌고 싶은 사람들은 있지만 다들 컨디션이 정상일리 없고 배송사고도 많을 수 밖에 없다. 전통시장 같은 오프라인 시장 침체에도 한몫했다.
유통 과잉 그 자체.",2,2025-08-08T00:44:15Z
@스기스기-e4l,흑자로 돌아섯다,0,2025-08-08T00:43:31Z
@피닉스2002,메킨지 때문에 엘지 스마트폰 망했잖아,0,2025-08-08T00:43:15Z
@user-nranb,물건 좋은 거는 많은데. 식품 말고 확장도 괜찮은데. 비쌉니다. 적어도 고급 물건들 타사보다 싸게 판매하는 것 부터 되었으면 좋겠네요. 지금까지 컬리는 야 이거 물건 좋아. 컬리말고 딴데는 이런거 못봤지? 이게 충성 얼리어답터  소비로 이어졌는데 한계가 있죠.,0,2025-08-08T00:41:55Z
@donghwi8428,우리아파트 새볔에 문앞까지 배달해주는데 컬리는 들어갈 수 없다는 이유로 정문 앞에 놓고감 그래서 잘 이용안하게 됨,4,2025-08-08T00:40:24Z
@큰별-q4e,새벽배송을 왜 시켜요 꼭 새벽에 받아야해요?,0,2025-08-08T00:39:28Z
@wkk9477,서울강남만 고급 식자재로 승부햇으면 충분햇는데  전국카바는  무리 ㅜㅜ,0,2025-08-08T00:37:57Z
@yoohjmeang6911,필요 없는 회사는 소비자가 쓰지 않는다. 4천억이 곧 4억이 될 시대가 열린다.,0,2025-08-08T00:37:23Z
@dreamer.k1764,신선품 믿고 주문가능한곳은 컬리인데 양이 넘 적고 비쌈. 쿠팡도 배송은 빠르나 배달을 엉망으로해서 일반상품은 손상된거 받을경우가 많아서 짜증남,1,2025-08-08T00:35:49Z
@유영욱-t1n,컬리의 실패는 명확합니다. 쿠팡은 물류허브와 창고를 확보하고 사업의 확장을 꾀한 반면 물류허브와 창고가 없는 사업은 지속가능이 불가능합니다.,12,2025-08-08T00:33:19Z
@다라이-h8o,"컬리가 살아날 방법은 
쓱이랑 협업 해야한다
배송지역도 너무 한정적이고
e마트는 촌동네도 다 있기 때문에 배송지 확보가 필요 
쓱 단점이 배송이 넘 느림 
쿠팡 약점이 신선제품 상태가 좋지 않음 특히 계란 셀러드 해산물 쿠팡독점 보단 경쟁기업이 있어야 생각합니다",20,2025-08-08T00:30:47Z
@눈꽃-l2t,"마켓컬리 성공해야 하는데..ㅜㅜ
안타깝네요.",4,2025-08-08T00:27:43Z
@I_행복자_I,안녕하세요. 유익하게 잘보고 있습니다. 야나두도 한번 다뤄주시면 좋겠어요.,0,2025-08-08T00:27:21Z
@yeonjaejeon7701,"내용은 좋은데, 나래이션 목소리 귀아픔",0,2025-08-08T00:23:34Z
@tenis_kimdragonhee,솔까 비싼게 다했지뭔,0,2025-08-08T00:23:05Z
@blackshadow00764,민사고.중에 멀쩡한 놈 없더라 그리고 기본적으로 컨설턴트는 행동력은 없지 말만 많지,20,2025-08-08T00:23:01Z
@caint1027,400억도,0,2025-08-08T00:21:19Z
@caint1027,쿠폰안주면 안산다,0,2025-08-08T00:20:46Z
@fro9286,조만간 큰 거 온다.,0,2025-08-08T00:20:25Z
@pliossun,"고작 야채 신선하게 먹자고, 누군가는 잠을 못자야 한다는게 그 때나 지금이나 드는 생각이다.",17,2025-08-08T00:19:56Z
@islamunion4163,티켓몬스터 꼴 난다는거네,0,2025-08-08T00:19:31Z
@정경원-o4n,컬리 종이박스 과사용 등등 개선하고 가격빼면 괜찮은데,23,2025-08-08T00:18:40Z
@백경민-z4s,쿠팡 때문에 아무것도 안되,0,2025-08-08T00:18:12Z
@바르셀로나-t8g,"김슬아님 걱정하는것 완잔 오바입니다
저분 월급이 수억입니다 (아마5억)
그냥 곤란한표정 몇번비추고 받는보상이 저정도고 물론 회사없어지면 엑싯 부자는 안되겠지만 엄청 부자 이십니다 😅",0,2025-08-08T00:13:53Z
@베이컨좋아하는배익헌,와 이게 벌써 10년전이라고? 나 10살 언제먹음??,0,2025-08-08T00:11:00Z
@nocommentgame,2000년대에 새벽 배송하던 회사 있었는데 푸른뫼식품이라고,1,2025-08-08T00:09:44Z
@rwys5336,"어쩌다? 애초에 사업모델이 흑자전환 될거라고는...
사업성보단 스토리에 투자한 전형적인 케이스
새벽배송 때문에 망한 소상공인 유통업체가 강과 같지",0,2025-08-08T00:07:27Z
@아프리카청춘이다-v8v,쿠팡은 알았는데 컬리는 첨들어본다,0,2025-08-07T23:59:53Z
@bellavitajang5486,좀 비싸지만 컬리가 신선식품은 편리함+품질 메리트는 있음. 잘 이용중,207,2025-08-07T23:56:37Z
@chogs933,ㅋㅋㅋㅋㅋ. 그냥 대출로 연명하고 제 살 깍아서 혁명이랍시고 사기쳤던 기업이야.,1,2025-08-07T23:54:59Z
@gusuuuu,"여기서만 유통되는 귝산 수입식품이 많아서 없으면 매우 어쉬운 서비스임... 컬리 생기기 존 이마트만 봐도 유명 베이커리류나 초콜렛 등 배송에 묶어살수있는 품목 거의 전무했는데 컬리생기고 미식관이니 뭐니 해서 그나마 늘어난거, 그리고 여전히 컬리에서만 배송받아볼 수 있는 신선/가공이 많음.. 이런 유통구조가 비싸게 팔아도 돈이 안될",123,2025-08-07T23:54:06Z
@namketer,대중에게 자리잡으려면 가격에 대한 확신이 있어야하는데. 컬리는 이용해보면 품질은 괜찮아도 가격에 대해서 어딘가 불편함. 매일 먹는 식거리인데 굳이 커리를 매번시켜야하는지 의구심이듬. 차라리 소수를 위한 식품회사를 목표로하고 적절히 수익을보면서 성장해야했음. 품질 우선주의를 할거면 쿠팡을 롤모델로 하면서 무분별한 확장을 해서는 안되는거지.,2,2025-08-07T23:49:25Z
@LifeRenaissance50,배송으로 성공한 업체가 배송을 실패하고 언젠가부터 책임전가에 환불도 잘 않되게됨. 배불렀구나 하는 생각이 들면서 짜증나서 이용 않하게됨.,0,2025-08-07T23:47:29Z
@nextins9,새벽배송은 원래 있는거 ..,0,2025-08-07T23:47:05Z
@sungki,아직도 숨통은 붙어있구나😮,0,2025-08-07T23:45:23Z
@g6969o19,새벽에 일하면 암걸린다,0,2025-08-07T23:41:18Z
@또바기_내뜻맘,컬리는 고객서비스에서 승패가 갈렸다고 봅니다. 쿠팡과 컬리를 다 이용했던 제가 컬리를 끊은 이유는 컬리에 주문한 소고기가 처음 주문했을때 맛있어서 같은 제품을  다시 주문했는데 완전히 다르길래 먹다가 안먹고 사진 찍어서 고객센터에 글과 함께 보냈는데  몇달이 지나도 아무런 응답이 없었습니다.  쿠팡의 경우에는 고객센터에 제품이상을 신고하면 사과도하고 묻지도 따지지도 않고 바로 취소하고 환불해 줍니다. 그러니 당연히 고객 입장에서는 쿠팡에 주문할 수 밖에 없죠. 오늘 기사를 보니 몇년전 생각이나 글올려 봅니다,102,2025-08-07T23:41:10Z
@JuneBPark,"아파트 분리수거 코너를 보면. 몇시간 사용하고 버린 두껍고 튼튼한 컬리 종이박스가 쌓여 있는걸 보고, '아 이 회사 오래 못가겠다' 했음.",100,2025-08-07T23:39:50Z
@dreamcatcher4446,새벽배송이 특허가 아니니깐..싸게 베끼는 구조를 갖춘 경쟁업체가 가로채는것임. 쿠팡이 새벽배송을 가로채면서 국내 유통시장을 본격적으로 장악하기시작함,9,2025-08-07T23:38:06Z
@앙드레지안,새벽에 한번이라도 직접 배송해봤을까 ?,0,2025-08-07T23:36:58Z
@amerigooo432,"한국 소비 상상,상중,상하류시장을 과대평가하고 있어.",0,2025-08-07T23:31:40Z
@lkjasdf-c7x,"그래도 컬리가 제일 신선하고 질이 좋던데, 없으면 대체할 만한 곳이 없음ㅜㅜ",707,2025-08-07T23:27:59Z
@suribian,지금조달 안되면 위메프 꼴 나는거지. 99프로 예상한다. 이 조그만 해는 하나로 충분하지. 쿠팡이냐 컬리냐 둘중하나. 예견된 수순이었지,1,2025-08-07T23:25:45Z
@dertra-p6i,전지현만 돈벌었네...그래도 빚땡겨서 수년간 호의호식했겠네...회사는 파산나더라도,32,2025-08-07T23:25:28Z
@김재식-f2p,쿠팡땜시~,0,2025-08-07T23:23:41Z
@상-f2u,과일은 컬리였는데 어느 날부터 당도 확 떨어짐~그 뒤부터는 사용 안하게 되었네요~품질관리 실패도 큰 몫을 합니다,32,2025-08-07T23:23:31Z
@형석김-d1f,"쿠팡에 밀린거지. 거대자본에. 경쟁에서 밀리고. 단, 새벽배송이라는 아이디어로 인해 소비자들은 아줌마들은 편해진거지. 이것은 발전이다. 그 아이디어로 소비자들이 편해진거고 서비스의 향상을 이룬거잖아. 망했다고 비하할게 아니라 그 아이디어가 시장에 나왔다는거. 누가 실행을 했다는거.",1,2025-08-07T23:18:49Z
@띵띵-y1r,이번에 10주년 행사 보고 진짜…운영하눈거보면 답답이들임,0,2025-08-07T23:18:12Z
@ZZABARI,유통업이라는게 뭐 대단한 아이디어가 있다기보다는 치킨게임으로 어느 한놈이 죽을 때까지 버틸 자본력으로 밀어부치면 되는거지.. 특히 한국같은 손바닥만한 시장에서 자본력에 의한 자연독점은 필연인거지.. 그리고 한국시장은 최고급 소규모 시장이던가 아님 싸구려 대랑 시장만 살아남는데 식품이 최고급 소규모 시장에 통할 품목이 아니지..,2,2025-08-07T23:18:08Z
@stay.sharp.,힘들어도 프리미엄 식품 새벽 배송으로 끝까지 밀어붙였어야 하는데...,0,2025-08-07T23:13:24Z
@amyholland9383,감각상각비,0,2025-08-07T23:13:20Z
@funny_running_kr3651,결국 승부처는 배송기사를 얼마나 확보하느냐 또 그 배송기사가 어떻게 해야 목숨걸고 뛰어댕기냐 그 차이,1,2025-08-07T23:13:07Z
@gogomankim,그게 돈이 되겠어라고 질문했던 유통대기업의 통찰력에 감탄을 하게 되네요,50,2025-08-07T23:12:38Z
@sangmoon1931,컬리 주문해야겠어요,0,2025-08-07T23:08:12Z
@MUgiWaRa-q4s,난 쿠팡보다 컬리 품질이 더 좋아서 시키는데,453,2025-08-07T23:03:01Z
@makerchu,"뷰티제품, 식품의 수준 다 좋아요
그런데 컬리는 수준이 높다보니 대체적으로 가격이 좀 높다고 생각이 들었었는데.. 요즘 쿠폰을 뿌리면서 고객을 잡다보니 팔아도 이윤이 남을것 같지가 않는 수준에 이르렀어요;;
전에 티몬도 망하기 몇달전부터 이거 괜찮은 걸까? 라는 생각이 드는 일들이 있었거든요
하지만 컬리는 꽤 오래된 것 같아요.. 버티고 버티는것 같아요
없으면 아쉬운 곳인데 😢 ..",180,2025-08-07T22:58:50Z
@달콤함인생,무조건 첫번째 쿠폰을 없어야합니다.   쿠폰없이 사는 것이 비싸다고 느껴지면 게임오버!!,35,2025-08-07T22:57:10Z
@윔호프,회사는 망하든 말든 연봉 백억씩 가져가는 비양심.,1,2025-08-07T22:56:13Z
@jinja7000,소비자 희롱하던 몰이 아직도 안망하고 있어?,0,2025-08-07T22:54:38Z
@jk_id_in,직접 광고 등장할때부터 알아봄,1,2025-08-07T22:50:59Z
@HRA-uf5by,4천억도 고평가,1,2025-08-07T22:47:48Z
@동글한마음,피터틸의 제로투원에서 수평적 비지니스는 한계가 분명하고 수직적 비지니스만이 시장을 독점한다고 했지 . 남들 다 하는 배송을 새벽에 한다는건 그저 수평적 비지니스 이건 어쩔수 없이 경쟁을 할수밖에 없는 불안한 구조.,0,2025-08-07T22:45:04Z
@부엉이-e2q,쿠팡압승,1,2025-08-07T22:37:48Z
@prussia-v,컬리는 여자가 대표라 그냥 고평가된거같은데 성공한 여성 사업가 이미지로 시작했는데 이거 말고 없음,4,2025-08-07T22:29:37Z
@난다난다훨훨,대한민국 배송은 컬리가 시작하고 쿠팡이 완성시켰지. 하지만 지금의 컬리는 할인쿠폰 줘야지 그제서야 들어가보는 뭔가 애매한 플랫폼인듯..,1410,2025-08-07T22:25:34Z
@파랑새28,마켓컬리 좋음~다시 살아나는것 같은데~~~,7,2025-08-07T22:22:19Z
@윌리스-o3p,작은 마트라도 직접 운영해보고 했어야한다. 야채 과일의 매입 판매 배송등 관리의 어려움을 간과한거죠,0,2025-08-07T22:10:40Z
@스치면물림,"컬리 협력사(운송, 납품, 도급등등) 죠되기전에 탈출해라..",0,2025-08-07T22:10:03Z
@HaKeN359,마켓컬리를 혁신이나 역사니 하는 개소리 그만해라. 우리나라에선 있어선 안되었을 회사 아닌가 새벽배송 하나로 택배노동자를 나락으로 밀어버린 최악의 회사라 본다.,5,2025-08-07T22:03:20Z
@백두산고양이-n1z,Ipo 성공 못한게 아쉽것네,0,2025-08-07T22:00:29Z
@프쉬케-q9o,"저도 회원인데 할인 쿠폰을 과다하게 줌
좀 자제합시다...너무 많이줌~
고객은 좋지만..",20,2025-08-07T21:52:45Z
@ed_White_Camp,또킨지..,1,2025-08-07T21:52:14Z
@timeless12-z,세금투입 진행 시켜,0,2025-08-07T21:34:26Z
@니쿠짱-o7e,남자들을 위한 새벽 배송은 없냐,0,2025-08-07T21:27:17Z
@euigonsuh8153,컬리가 뭘 혁신했지?,3,2025-08-07T21:18:45Z
@starktony8797,ㅋㅋㅋㅋㅋㅋ,0,2025-08-07T21:11:33Z
@alsub2,"야채, 확실히 신선식품은 컬리임, 쿠팡하고 비교가 안됨, 그런데 양이 적고 비쌈, 컬리 구독 배송비 무료 쿠폰 무료 혜택 최저 금액도 20000원임. 20000원이라는 금액이 은근히 저항감이 생김. 쿠팡은 15000원이라서 적당히 자주 시키고 컬리는 가뭄에 콩나듯이 시킴",122,2025-08-07T21:03:34Z
@리네-v3z,걍없애라 적자만 지속되는데 결국 사기다,1,2025-08-07T20:53:31Z
@우리는하나wearetheone,"💥진짜 착한것은 가장힘없고 가난한 동료들입니다!
동료들을 서로 짓밟고 무시하면서 기업과 권력앞에서 서로 희생을 강요하는것은 착한것이 아니라 비겁하고 나쁜것입니다.

💥안그래도 오랜세월 물려받은 아픔과한을 치유하지 못한 상태에서 
동료는 보잘것없으니 더똑똑하고 성공한권력자들이 기업을 만들고 나라를발전시킨다고 생각하니 못배우고 성공하지못한 국민들은  당연히 더 희생하고 빨리빨리해야한다고 세뇌된것입니다.

💥성공한사람은 더 열심히 노력하고 일반서민들은 시키는일만하고 게으르고 부족하다는 신념에 사로잡혀 있습니다.
그래서 먹고살게해주니 더 서로를압박하고달리는것입니다.
기업이살아야 나라가 사는것이 아니라 사람이 살아야 기업도 나라도 사는것입니다

💥기업과 권력을 키워서 기업의 이익과 나라의 명예만 살리다가
국민을 보살피지 않으면  결국 다같이 망하고 국민은 사람을 미워하는 병에걸려  결국 몸과마음이 병들고 
자신의 꿈이아닌 부모와 세상이 원하는 꿈에 
부모도 자식도 가족도 국민도 모두 병자가되는줄도 모르고 미쳐가는 것입니다.
미쳐가는지도 모르는것이 가장무서운 겁니다.

다죽자고 전쟁이 일어나는데도 눈앞에 이익에 빠져 나오지못하도록
깊히 세뇌된 것입니다. 👹😡😱😈🥶

🌟모든국민들의 기를 살리고 직장에서 압박하지않고
모두가 꿈을꾸는 환경을 만들면
잠재된 능력들이 살아나서 기업 그이상으로
발전하고 풍족한 나라가됩니다.🌟💢🌟💚💛💜🩵🩷😄🤗🥰😊😇😁

💥각자의 잠재된 능력을 서로 짓밟고 무시하며
우물안의 개구리로 살게만들었습니다.
💥모든국민이 서로기죽이며 능력을 발전하지 못하도록 무시하는 습관에 빠져 기업만 떠받들고 
자신들은 자책하게만들어 한계를 가두고
세상을 바로 볼수없도록 자본주의 지식만 최고라 여기고
진짜 인간의 한계를 가두고
기업과권력의 노예로 사는 시스템입니다.😂🥵🤬😰😱🥹

💥🌟이제 우리모두가 정신차려 바로보고 진실로 화합할것입니다.🌟💥♦️💙🇰🇷💛🔷️🔷️🔷️💚🇰🇵❤️
💐",0,2025-08-07T20:51:27Z
@찡찡이-h8b,이걸 쿠팡이가로채고 대박터진쿠팡,9,2025-08-07T20:48:41Z
@sokchung1,"고관세, 고금리, 고비용 구조하에서는 그 어떤 기업도 충분한 이윤을 창출하기 어려움. 
가뜩이나 전쟁이 여기저기서 터져나오면서 그동안 반세기를 누려왔던 비관세 장벽이 사라지고, 고관세 장벽이 높게 쌓아올려지면서 인플레이션, 스태그플레이션 등에 대부분의 국가들이 놓여 있게 됨.
비싸면 안 팔림. 
그러나, 세계적 기류는 계속 원가 상승 등으로 인해서 비싸질거라는 것임. 
이건 컬리만의 문제가 아니라, 전세계의 문제임. 
마른 오징어 쥐어짠다고 해결될 문제가 아님. 
유통은 규모의 경제를 실현못하면 나가리 됨. 어떻게든 규모의 경제를 실현해서 조금이라도 싸게 팔아야 살아남음. 
컬리는 이걸 앞으로 할 수 있을까?",0,2025-08-07T20:48:00Z
@상쾌한하루-e3h,난 가끔 잘 이용중임 😅,29,2025-08-07T20:43:56Z
@bemmath2203,찾는 상품은 없고 비싼 거만 보여주더라,0,2025-08-07T20:33:42Z
@MrVegasoul,쿠팡의 로켓 배송을 쓰고 있는데 픔질이 문제죠. 직접 마트에 가서 고른 것만 못했죠. 컬리가 픔질만 유지해 준다면 살아날 것 같아요. 유기농등 고급화를 지속하면 반드시 돌아올 것 같아요. 먹거리는 가격만 보고 소비하는 것이 아니죠. 마트에 가서 직자를 보고 고른 것 보다 낫다면 할 수 있죠. 대도시로 시장을 좁히세요. 나스닥으로 가세요. 적은 지분으로도 김석준은 쿠팡 지배해요. 뉴욕등 선진국 대도시로 사업을 확장해 보세요.,1,2025-08-07T20:17:23Z
@moophago5252,컬리는 이미 끝난지 꽤 됐다.,0,2025-08-07T20:13:21Z
@sokanet9,"Ceo가 맘에 안든다고 까는구나!!!
컬리 좋기만 하더만!!!",1,2025-08-07T20:11:14Z
@가나초콜릿-j3t,"배송 방식이나 품질, 가격 등 모든 면에서 오아시스가 더 좋아.",0,2025-08-07T20:01:48Z
@김진규1,컬리vs쿠팡 새벽배송vs로켓배송 각자의 포지션으로 달리다 적자의 숲에서도 꾸준한 투자처 및 공격적인 마케팅 차이로 이기고 지냐의 차이가 보여진 싸움 컬리는 써본적 없고 쿠팡은 정말 싫어하는 사람인데 컬리가 이렇게 도태되는게 좀 아쉽긴하네요 쿠팡좀 못크게 해주면 좋았을텐데,1,2025-08-07T19:58:40Z
@npaik1972,"EBITDA 에비타 라고 읽어요. NATO 를 나토 (네이토 미국식 발음) 으로 읽듯이. 세글자 약자는 알파벳으로 읽고, 네글자 이상은 발음해서 읽는게 보통입니다.",13,2025-08-07T19:34:28Z
@Mfhrhebncuye-5,이익이 안나는 사업은 허상이다,1,2025-08-07T19:34:07Z
@baal3032,상장 했으면 일년만에 상장폐지 될뻔,2,2025-08-07T19:06:15Z
@junghan2072,컬리가 독특한 상품은 많은데 뭐든 가격이 비쌈 복숭아도 퀄리티도 별로데 비싸게 팔고 그렇다고 이마트는 요즘 쓱배송이 없어지고 택배로 전환되서 이용하기 싫고 요즘은 가성비도 괜찮고 퀄리티도 괞찮은 롯데마트 제타 아니면 쿠팡로켓프레시 이용함,7,2025-08-07T18:50:40Z
@dannyboy8184,인생은 실전이다,10,2025-08-07T18:50:02Z
@곽축산,대금정산 늦추기 시작하면 탈출하라는 신호다,1220,2025-08-07T18:33:13Z
@sangyongwoo4283,"신선 채소 위주의 유통인데 
요즘 채소 비씨기도 하지만 예전처럼 그렇게 잘 먹지 않음.",4,2025-08-07T18:00:07Z
@kongtary123450,쿠폰 마구 뿌리면 안될 쇼핑몰이 있을까?,0,2025-08-07T17:37:19Z
@tonychoi2152,"경쟁이  안됌,, 잘되면  돈없으면 뻇김..",3,2025-08-07T17:28:20Z
@kongtary123450,당연,0,2025-08-07T17:26:32Z
@제이켄,"컬리의 아이덴티티 두가지.. 신선식품과 새벽배송.
하지만 새벽배송은 대기업이 뛰어들려고 하면 다 할 수있음. 뿐만 아니라 중소, 중견기업이더라도 
인근지역 내에서의 배송이라면 협력업체 찾아서 진행하려고 하면 할 수 있음. 
문제는 이 신선식품임. 요즘 1인가구 증가, 출산율 바닥.. 요리해먹는 사람 요즘에 그렇게 많지않음. 당장 미국만 보더라도 그냥 가공식품만 데워먹는 수준인데..
우리나라는 그정도 수준은 아니더라도 음쓰 처리비용, 귀찮음으로 인한 설거지거리 줄이기, 식사시간의 효율 등 
여기서 보다 많은 소비자들이 선호하는 건 배달음식임.
그래서 마진율 높은 뷰티쪽에 카테고리를 늘린듯 싶은데... 소비자들은 요즘 올리브영보단 가격만 따지면 다이소, 택배로 받고싶으면 쿠팡.
과연 컬리는 살아남으려면 어떤 방향으로 나아가야 될까요?",4,2025-08-07T16:44:04Z
@solska12,보이스웨어좀 쓰지 마라. 똑바로 읽지도 못하니까 내용까지 쓰레기로 보인다,6,2025-08-07T16:41:12Z
@용수진-d5m,"사업하면서 한번도 흑자못낸 주제에서 온갖 방송 잡지등 언론에 성공한 커리어우먼 코스프레할때 세하더라, 조만간 컬리는 망하고 김슬아는 번 돈가지고 잘 살겠지",115,2025-08-07T16:25:10Z
@hardfree3031,컬리. 술배송되는거 좋음..,1,2025-08-07T16:21:59Z
@조선닌자핫토리,금리 내려가고 소비시장이 좀 풀리면 숨이 좀 트일지도?,3,2025-08-07T16:19:38Z
@최유진-j9u,어차피 CEO는 재산 몇 천억이므로 걱정 X,3,2025-08-07T16:17:55Z
@최유진-j9u,뭐든 같은 물건이라도 싸야 경쟁력이 생김 ㅋㅍ이 박리다매하는데 경쟁력이 없어지지,2,2025-08-07T16:15:39Z
@아슈크림조아,컬리 단골은 쿠폰안주고 안사는 사람만 쿠폰줘서 기분나빠서 지움,3,2025-08-07T16:05:24Z
@리얼티랩,타이밍이 아쉬운 브랜드,0,2025-08-07T15:59:53Z
@Dfggffddgg,거기 물류센터알바하던 학생들이 센터직원들이 알바한테 욕도하고 고함지른다고함,2,2025-08-07T15:49:30Z
@_foodthinking3532,새벽배송을 쿠팡보다 먼저 한거에요??,3,2025-08-07T15:45:49Z
@lakeoh895,쿠팡은 신선 식품이 안신선… 신선식품은 컬리만 쓰는뎅…….컬리 있어야 하는뎅… 쿠팡은 신선식품 찝찝해서.. 쿠팡프레쉬 백이… 지져분해요😂,48,2025-08-07T15:42:51Z
@lifeofpie-v8p,투자를 받으면 어쩔 수 없이 무조건 키워야 함.,12,2025-08-07T15:21:55Z
@장미영-z2h,쿠팡도 원래 망하는길로가는걸~~재일한국인이 살려준거지~~,0,2025-08-07T15:13:22Z
@AM_0830,"나는 여성 CEO정말 좀 부정적인게,
천재성 가진 정도아니면 기업 운영하는 마인드 자체가 진심 이기적임.
특히나 중간관리자 일때 드러남.
여자 팀장 = 자기 이속만 챙기고 일터지면
자기만 빠지는 그런 이기적인간임.
월급쟁이 여자 CEO = 자기 임기때만 채우고
나가면서 회사 뒤통수 치는거 한두번 본게 아님.",6,2025-08-07T15:12:23Z
@yonglee9472,"책임을 지지않던 컨설턴트가 직접 회사를 운용한게 패착. 
 '컨설팅과 실제는 다르다' 라는 말에 예시가 하나 더 추가됨.",379,2025-08-07T15:03:51Z
@pipe777,요즘은 물건들이 완벽하지도 깐깐하지도 않음. 배송도 엉망.,82,2025-08-07T14:59:04Z
@lorykcal3719,조언은 게임이지만 직접하면 전쟁이지,175,2025-08-07T14:51:05Z
@최우랑-e7m,너무 비싸요😮😢,38,2025-08-07T14:38:32Z
@Colossus707,CEO가 여성이라서 그런지 주요 타겟고객을 여성을 대상으로 잡았는데 (특히 직장여성) 이는 시장의 절반을 포기한 자충수가 되었음.,5,2025-08-07T14:32:50Z
@locopamasan,너무 비싸. 맛있는 게 필요한 게 아니라 양 많은 게 필요하다. 뭐 시키면 손 바닥만한 것들이 옴. 안 사.,40,2025-08-07T14:25:44Z
@pg92925,"컬리는 독특한 식품이나 구하기 어려운 핫플에서 파는 밀키트 같은거 팔아줘서 좋은데! 뷰티 상품도 프리미엄이고! 쿠팡이랑 다르게 프리미엄 전략으로 비싼만큼 서비스를 주면 더 잘될거 같음!

솔직히 깐깐하다는 식자재들은 생각보다 맛이 없고 가격도 싸지 않아 메리트가 없음! 

깐깐한 주부라면 별로 안 살거 같고 소확행을 추구하는 젊은세대나 1인세대가 살만한 맛집 밀키트가 많은게 그나마 살아남고 있는 이유 같음",12,2025-08-07T14:01:40Z
@박하꽃향,확실히 빠르고 대응좋고 품질 괜찮은데... 비쌈. 내가 부자면 컬리만 쓸텐데.,651,2025-08-07T13:47:29Z
@작은콩-w8t,컬리는 그래도 국산재료가 많던데,8,2025-08-07T13:46:28Z
@고동필-v3s,어느정도 예상했음.... 쿠팡..네이버를 이길수 없음,3,2025-08-07T13:44:51Z
@장천석-b1n,"새벽배송, 그건 저작권이 아니라는 것",269,2025-08-07T13:43:38Z
@blacktalker96,욕심내지 말고 코스피라도 상장 받았음 상황이 좀 달랐을 텐데,0,2025-08-07T13:42:44Z
@hcy29,저거 첨부터 안될꺼 알았지ㅋㅋㅋ,17,2025-08-07T13:39:31Z
@YSChoi-lh3rz,초기에 몇번 써봤는데 너무 고급화하느라 가격이 조금 비싼것 같아서 이후에 구매를 안하게되었고 이후 다양한 상품을 내거는 걸보면서 갸우뚱했지만 여전히 구매할 의사가 안생겼다 . 어쨌거나 이렇게 무너지는걸 보니 안타깝다.,0,2025-08-07T13:28:45Z
@user-1ux72hs8wj2hs,4천억도 후하게 처준 거 같다.,77,2025-08-07T13:24:23Z
@gentlemen4070,"헛소리들이 많은 것을 보니
회시가 잘 가고 있는 듯.
잘 되니까 배아 아퍼서. 😂",5,2025-08-07T13:16:43Z
@GgirlFF,"새벽배송이라...
처음 했을뿐이지 따라할 수 있는 곳 많음.
무엇이든 넘기힘든 허들이 있어야 살아남는다.",122,2025-08-07T13:12:57Z
@Sup-d2z,"마직막.페이지는  없을것 같습니다..
공룡기업이 너무 많고
요즘은 가성비가 대세입니다",162,2025-08-07T12:53:07Z
@천국의계단-b7v,"누군가의 1조원은 태웠지만, 활기는 돌았잖아요~~~ㅋㅋㅋ",57,2025-08-07T12:36:09Z
@후하-x4q,컬리대표도 유퀴즈에 나오지않았나?? 정육각에 이어 또??,22,2025-08-07T12:34:27Z
@beeeeastmode2268,정답은 돔황챠 입니다,1,2025-08-07T12:26:46Z
@simonj9650,여자가 대표먼 뭐다?,9,2025-08-07T12:22:17Z
@Semilingual,난 비싸서 손 안가던데,80,2025-08-07T12:12:03Z
@챙멍이,너무 비싸고 물건이 별로 없음 쿠폰질 요새 안먹힘,35,2025-08-07T12:00:07Z
@스파2endure,외국기업인줄 알았었네.,0,2025-08-07T11:56:36Z
@반짝반짝빛나는-y4i,쿠팡있는데  컬리   11번가 주문할래,2,2025-08-07T11:56:28Z
@BellParker,냄비 국민성을 감안하면  잘 버티는 중.,5,2025-08-07T11:50:10Z
@ParkRd-q4r,"성공을 안했는데 왜 성공했다는거냐?
대기업에서 그런 아이디어 성공하겠냐 거절한 이유가 지금 컬리의 상황이다",74,2025-08-07T11:38:08Z
@강남호-f5d,"애초부터 성립되지 않는 사업 모델..ㅉㅉ
원가가 판매가보다 항상 높음",7,2025-08-07T11:35:34Z
@pp-gi9lr,"굳이 컬리를 쓸일이 없음
지금도 아직 안써봄",2,2025-08-07T11:29:47Z
@AiVogue,망한 이유... 싸다고 해서 들어가 봤더니 그냥 안 쌈.,3,2025-08-07T11:27:47Z
@배달창업-레시피전수,어쩐지 요새 쿠폰을 안주던데..,3,2025-08-07T11:19:35Z
@ComedianZorba,할인쿠폰 남발해서 모은 고객들인데 할인쿠폰 사라지면 햇볕 맞은 이슬처럼 사라지지. 그래도 쿠팡은 회사가 궁할 때도 할인쿠폰 남발은 안 했다.,2,2025-08-07T11:15:21Z
@Dennis-yi5ct,에비따를 저렇게 읽는다고 😅,14,2025-08-07T11:12:13Z
@ppukderahoma,써보면 안쓰게됨,1,2025-08-07T11:03:56Z
@moonhjo4735,"방구석 백수도 아는 공식을 몰랐나보네 고점이다 싶으면 최고가에 팔고 빠지기..
그외는 모두 욕심이다 끝..",1,2025-08-07T10:59:28Z
@김준희-c6c,뭔소리? 1년 6개월 전 상황을 왜 지금 하냐? 25년 1분기에 9년만에 흑자전환하고 지금은 어느정도 안정적으로 가고 있다더라~~,23,2025-08-07T10:48:49Z