작성자,댓글,좋아요수,작성일
@SimMinDeok213,"선생님들 아직도 다이어트 하고 있어요 😂

영상이 76kg에서 끝나서
다들 지금 만족한다고 느끼신 거 같습니당
다이어트 의지 다질 겸 올린 영상입니다..!
아직도 비만 맞고 절대 만족하지 않아요!!!

얼른 더 감량해서 오겠습니다..!",4831,2023-11-13T16:45:29Z
@주캡틴,"저게끝,",0,2025-09-22T07:09:08Z
@햐-u8n,대단하세요!! 본받아서 저도 열심히 빼보겠습니다!!,0,2025-09-18T17:38:41Z
@뀨-r3w,와 진짜 힘내셔서 한것 같네요 진짜 수고하셨어욤 ㅎ,0,2025-09-15T22:56:05Z
@KL-zn1sd,뭔가 평가하는것처럼 들릴까봐 염려스러운데 너무 아름다우세요...,0,2025-09-14T15:01:12Z
@금붕어-k8h,대단하네,0,2025-09-13T20:28:06Z
@zied34weix32-e3m,열심히하셨군요 ! 응원합니다,1,2025-09-12T09:23:14Z
@귀환-m2n,40kg 감량이라니 정말 고생 많이 하셨네요 ㅠ 저는 6kg 감량하는 것도 너무 힘들었는데 ㅠ 지금도 체중유지 위해서 ~ 운동 하면서 코크보틀 같은 영양제도 먹는데요. 혈당관리가 잘 되어서 그런지 식욕도 조절되고 살이 덜 찌는 느낌이라서 다이어트가 즐거워요.,0,2025-09-11T15:03:18Z
@쿵쾅이척살단,55까지 갈거아니면 116이나 76이나 남자눈엔 똑같음.,0,2025-09-10T21:48:59Z
@마시멜로우-m8y,76키로 됐지만 아직도 갈길이 멀다는게 함정... 저기서 보통 요요옴 진짜 해봐서 암,0,2025-09-09T18:38:23Z
@청소는국가대표,"다이어트하시니 다른사람같아요 대단합니다
저도  어제부터 시작했는데  자극받고갑니다",0,2025-09-08T21:47:00Z
@toto-do1qh,멋지다! 대리만족?하고갑니당 목표체중 꼭이루시고 요요없이 건강하게 유지하시길 빕니다,0,2025-09-08T11:46:52Z
@옌인데뇨,와.. 40kg..!! 너무 대단하다.. 끈기가 엄청나요..!! 진짜 놀라운데.. 와..,0,2025-09-08T09:55:18Z
@붕붕-h7u,"진짜 꾸준함이 기본입니다!! 멋져요~ 🙌
앞으로도 단순한 칼로리나 몸무게 등 숫자만 새는 다이어트보다는 쇼가올릴 같은 성분 챙겨주면서 대사 상태를 깨워 요요없는 건강한 다이어트 하시길 바래요:)👍👍",1,2025-09-08T02:25:38Z
@기름라이팅,너무 이뻐요,0,2025-09-07T03:32:11Z
@채로미-i1m,폐급의 품격,0,2025-09-04T08:40:31Z
@먀먕-f7h,전 5키로 빼는것더 어렵던데...수많은 노력을 하신게 안봐도 보이네요 짱입니다,0,2025-09-02T14:51:24Z
@드럼통령리짜이밍,당신의 노력에 존경을 표합니다,0,2025-08-30T20:47:34Z
@shs1506,보기 좋다❤,0,2025-08-30T09:24:29Z
@sunny00314,너무 예쁩니다!!!!,0,2025-08-30T04:12:45Z
@commong-zz85,아... 이쁘네,0,2025-08-28T16:08:57Z
@Jennifer-m4m8r,와.. 정말 대단하시네요! 저는 아직 갈길이 멀어서 홈트 꾸준히 하고 있는데.. 맘대로 되지 않아서 지쳤었거든요.. 그러다 최근에 모로페린 먹으면서 운동했더니 3주쯤 지나면서 붓기도 빠지고 몸이 한결 가벼운 느낌이에요 ㅎㅎ,959,2025-08-28T14:41:42Z
@Sky-bear..0,사람됬지만 더 노력이필요,0,2025-08-26T13:37:10Z
@럭키가이-y7e,인간승리^^~~**,0,2025-08-26T10:14:34Z
@momo34578,대박...❤,0,2025-08-25T08:13:27Z
@name-n2j,"앞자리 바꾸기 첫날 몸무게 64.1
3일단식 시작
첫째날 : 62.8
둘째날 : 61.8
셋째날 :
넷째날 :",0,2025-08-25T06:38:51Z
@MK.08,위고비 없던 시절아니냐,0,2025-08-24T14:58:57Z
@PLUTONIUM1228,외모뿐만 아니라 그 강철같은 의지를 남녀 떠나서 인간으로써 존경합니다,0,2025-08-24T08:38:06Z
@에밀신,76kg같지가 않네,0,2025-08-23T15:09:13Z
@dltnswo19291,바다코끼리 ?,1,2025-08-23T04:20:52Z
@지중해바람trofeo,본판 불변의 법칙....,0,2025-08-22T14:47:35Z
@cyni06,아. 살이 빠진다.,1,2025-08-21T08:57:21Z
@브룩클린커피,전 포기가 진짜 빨라서 다이어트 시작하면 늘 중간에 포기하곤 했어요 ㅠ 그런데 이번에 운동이랑 식단에 레조베르가못까지 같이 챙기니까 확실히 달라졌더라구요. 초반엔 몸무게 변화가 없어서 답답했는데 2~3주 지나면서 체지방이 줄고 4kg저옫 빠지기 시작하니까 그 뒤로는 훨씬 수월해졌어요!! 목표 몸무게까지 열심히 감량해보겠습니다!!,0,2025-08-21T07:43:33Z
@Diet_Salppaejiyeon,본받을게요 스앵님,0,2025-08-20T13:46:27Z
@상민-b2h,116kg까지 찌운 비결이?,0,2025-08-20T07:20:14Z
@파리지엔느-f9p,"저도 전에 몇 번씩 다이어트 실패했었는데, 다이어트 광인 아는언니가 혈당이랑 내장지방 관리에 좋다고 레조베르가못을 꼭 챙겨보라 하더라구요 . 반신반의 하면서 시작했는데 전보다 식욕도 줄고 폭식 충동도 덜 와서 훨씬 수월해졌어요. 오메가3도 같이 먹으면서 관리하니까 몸도 한결 가벼워지고 꾸준히 이러갈 힘이 생기는 것 같아요~",0,2025-08-20T05:38:19Z
@jena777-y8b,멋져요,0,2025-08-18T22:11:45Z
@Hazhinkalary2024,how is you tall?❤,0,2025-08-18T11:32:57Z
@Happy-qs3nn,멋져요 오져요 😊,0,2025-08-17T14:05:13Z
@아쎄이_기열ong-v5s,나도 살빼야지,0,2025-08-17T13:22:33Z
@다시다Begin,진짜 조금만 더 빼고 스탑 그만 해라 더 하면 욕심이고 요요만 심해진다 건강상 문제 없다면 이제 근육을 만들어라,0,2025-08-16T12:37:17Z
@HoudaCherifi-s9c,Wawoooo❤,0,2025-08-15T19:26:39Z
@검색좀해봐제발,속으로 똑같겟지 욕하려다가 애프터 보고 마음이 따뜻해짐,0,2025-08-15T10:18:29Z
@TV-gu4ok,저도 다이어트 중인데 혹시 얼굴 복부 다리 살쳐짐 같은건 어떻게 해결하셨나요,0,2025-08-13T06:32:18Z
@cs-cw6vt,제일 중요한건 안빠졌네요 다행,0,2025-08-13T00:36:08Z
@HB_2500,"입술이 순대 입술이야
매력적이네요",0,2025-08-11T14:28:56Z
@핑핑이네-p6t,와진짜 ㅠㅠ어떻게 성공하셨어요? 저는 지인한테 하도 징징거려서 추천받아서 지엘틱정으로 식욕억제중인데 ㅠㅠ자극받아서 갑니다 멋잇어요👍👍,0,2025-08-11T12:33:08Z
@liar1032,사람이 이렇게나 변한다니..... 저도 열심히 해야겠네요 중1인데 173cm 70kg ㅠㅠ,0,2025-08-08T02:07:06Z
@JeongaLee-f2t,"‘다이어트는 꾸준함이 답이다’ 라는 말이 실감나네요. 정말 리스펙입니다! 지금 2개월 넘게 모로페린 먹고 있는데, 슬슬 체중도 줄고 몸도 훨씬 편안해졌어요. 매일 따라하면서 저도 몸만들기 꾸준히 해볼게요 :)",1502,2025-08-07T09:52:04Z
@맛집탐정김먹방,대단하십니당... 다이어트하면서 같이 챙긴 보조제 있으세여??,0,2025-08-07T04:35:37Z
@이름-e8l6i,"(모든 여성이 행복하길 바라는 메세지 알리미 💗🎀) 
여성과 여성성을 비하하고, 여성에게 이중 노동을 강요하는 사회에서 여성들은, 자신의 감정의 허기, 남성의 이중 메시지로 인한 무기력 같은 정서적 허기를 신체적 허기라고 착각하기 쉽다. 
가부장제(한국) 사회는 여성이 좌절이나 분노, 우울증 같은 학대당한 경험을 표현하는 것을 억압하는데, 여성이 자기 고통에 직면하지 못할 때 섭식 장애가 나타난다. 폭식이나 거식은 언어화되지 못한 여성 문제가 머무는 도피처, 연막인 것이다. 다이어트는 ‘아름다움의 문제가 아니라’ 여성의 자아 존중감과 관련된 문제이다. 
-정희진-",0,2025-07-31T17:29:14Z
@송지민-p6s,저도 보통에서 마름까지 빼고 싶은데 먼저 위를 줄여야 하는데 식욕이 너무 세요.. 보조제나 그런 걸로 도움 받을 수 있을까요? 아무나 조언 부탁드려요,0,2025-07-30T23:16:50Z
@용쎈튭-u6t,"체중감량이 너무 더뎌서 포기할 뻔했는데, 지엘틱정 챙기고 나서 조금씩 변화 생기고 있어요.",0,2025-07-30T22:41:33Z
@아마도사람-c5u,운동하면서 엄청 잘 빼셨나봐요ㅠㅠㅠ 76키로가 아니라 60키로 같아요 라인이며 바디 완전 대박이에요ㅠㅠㅠ❤❤,0,2025-07-30T14:50:18Z
@룽-h5r,40키로를 어케 빼지..??? 나는 감히 엄두도 못낼것같은데 너무 대단해요,0,2025-07-30T10:01:27Z
@Celest817,"인간승리!!!
정말 대단하세요 ㅎㅎ",0,2025-07-28T12:35:56Z
@햇살영화관,"와 진짜 많이 빼셨네요,,, 의지가 대답하십니다,, 저도 살빼려고 여주애사비 구입했는데 심민처럼 살 많이 빠졌으면 좋겠어여",0,2025-07-28T04:27:36Z
@수연-n2f,대단하다,0,2025-07-28T02:56:17Z
@순삼사자,얼굴은 그대로네요 😍,0,2025-07-27T20:56:32Z
@밥퍼-q6r,저도지금 103에서시작해서 아직 91입니다 화이팅이에요 저도유트브하고있어요 ㅋㅋ,0,2025-07-27T12:27:25Z
@오쌍-f4l,어떻게 해야 저렇게 찌죠?,0,2025-07-27T05:27:59Z
@김도엽-l8k,와76인데 왜캐  이쁘시지 ㄷㄷ 더 빼시면 여신되실듯😊  대단하십니다. 자기 자신과의싸움에서 승리,1,2025-07-26T14:31:41Z
@그럴수없어-m8m,진짜 의지력 대박이시다,0,2025-07-26T05:41:33Z
@햄수텅,와....이걸 지금 보다니 5키로 빼는것도 어려운데 대단하세요,0,2025-07-25T11:21:06Z
@멋진낭만주의,저녁만 거르면 되는데  그게 쉽지 않죵? ㅋㅋㅋ,0,2025-07-25T11:12:04Z
@마시마로-x9y,리스펙!❤,0,2025-07-25T08:53:06Z
@jukjima_overwach,"저도 다이어트를 시작하려고 하는데, 처음 운동 시작은 PT로 시작하셨을까요?
운동하는 법을 몰라서 저는 PT로 시작해보려고 하거든요... 어리석은 선택이 되는건 아닐까 싶어서.. 운동을 도전하고 성공하신분의 경우가 듣고싶어요",0,2025-07-24T12:14:27Z
@hasseok538,어떻게 116kg 만들었나요?,0,2025-07-24T07:04:37Z
@미야노마모루-f3v,살쪘을때도 귀여우신 ㅜㅜ,0,2025-07-23T16:13:24Z
@양주연-y8y,우왕~~~~ 이뿌다아앙❤❤,0,2025-07-22T19:01:06Z
@doyunLee-z3v,동기부여 받고 갑니다,0,2025-07-22T17:42:14Z
@율곡이이-v5j,이쁘시네요,0,2025-07-22T16:37:05Z
@김라쟈,미드가 엄청나요 이뻐요!!,0,2025-07-22T14:13:26Z
@Abcdefghijklmnopqrstuvwx.y.z,대단합니다 🎉,0,2025-07-21T15:15:22Z
@evol_de,"진짜 완전 리스펙 ,,👍🏻 완전 엄지척 두개 드리고 싶어요 저도 살이 갑자기 찌는 바람에 지엘틱정 같이 챙겨먹으면서 운동하고 식단 조절 했는데 저는 아직 의지가 부족한가봅니다 ,, 영상 보고 저도 운동 하러 가볼게요 💪!!!",0,2025-07-21T08:08:29Z
@sonjohn3641,역시 관리하는 사람이 멋진 거야,0,2025-07-20T13:09:45Z
@ggssoi4555,인간승리다,0,2025-07-20T10:10:37Z
@야타부리,살빼도 페미상,0,2025-07-20T06:54:56Z
@야타부리,페미상,0,2025-07-20T06:54:47Z
@으흐흐아조시,대단하다..,0,2025-07-18T17:37:18Z
@KSD3503,"폭굉유도거리가 짧아질 수 있는 조건을 쓰시오.
- 압력이 높을수록
- 관지름이 가늘수록
- 관 속에 방해물이 있을때
- 점화원의 에너지가 클수록
- 정상 연소속도가 큰 혼합가스일수록",1,2025-07-18T12:15:10Z
@멍멍-i8w,아 살이엄청많이찌면 만화처럼 얼굴이 다그렇게되구나 엄청 예뻐졌어요 와,0,2025-07-18T10:37:55Z
@해피-m6c,어? 산이 익숙하네요 편백숲 가는 길 맞죠?,0,2025-07-18T04:38:36Z
@너구리꿀떡,"으쌰으쌰 원동력 얻어갑니다!
지엘틱정 먹으며 8키로 감량했는데 저도 더 할 수 있을 것 같아요!",0,2025-07-17T12:53:30Z
@강-f2d,기간이 어떻게 되나요?,0,2025-07-17T11:52:10Z
@올리브유-y8h,예쁘다 ❤❤❤❤❤,1,2025-07-17T09:20:23Z
@연박사-n9w,제발 얼굴 찍을때 현실적으로 찍자,0,2025-07-17T05:56:15Z
@sir_umma,와! 진짜 대박이네요 😊😊,0,2025-07-17T02:20:04Z
@왕눈이-k6r,와 ...슴가... 다이어트해도 슴가는 그대로 네요 .부럽,0,2025-07-16T18:20:08Z
@이재조Ezblack,배리나가 카리나가 되는 마법인가,0,2025-07-16T10:58:21Z
@hrfjjffj6695,ㅈㅓㅈ탱이보소❤❤,1,2025-07-16T07:11:04Z
@infanta1112,대박 ㅜㅜㅜㅜㅜ,0,2025-07-16T05:14:58Z
@리스트-i2f,45까지빼야지,0,2025-07-13T07:29:54Z
@masterLeeWonHee,오.. 외모가 사네요,0,2025-07-12T16:59:03Z
@룔룔룔툥,기간이 어떻게 될까요?ㅠ,0,2025-07-12T11:45:02Z
@maori4444,쉽지않으셨을텐데.. 노력많이하셨네요 화이팅!! 귀여우셔 ❤,0,2025-07-12T09:55:58Z
@jjj-w7f,65까지 감량하면 딱이겠다,1,2025-07-12T03:46:05Z
@이기노무으-x2,꽝이긴하네,2,2025-07-11T11:39:25Z
@짱-s2s,응원합니다!,0,2025-07-11T05:18:07Z
@탕면무파마,76킬로인 떄도 마니 살쪄 보입니다. 하아,1,2025-07-09T23:51:51Z
@shindelala,얼마나 걸리신거에요?,0,2025-07-09T16:31:54Z
@하릴리-p4y,"와 진짜 짧은 영상만봐도 엄청 노력하셨을 것 같아요 제자신에게도 반성이 되네요😢
지엘틱정 먹고 도움받고 있지만 님처럼 포기하지않고 진짜 진짜 노력해야겠어요~~!!!",0,2025-07-09T09:00:13Z
@JOGLASSY-v2x,그냥 살 빼기 전부터 얼굴이 이쁘신데...ㅠㅠㅠ,0,2025-07-08T09:55:09Z
@블루라이프-o6s,와우.~,0,2025-07-06T16:41:59Z
@공부안해서남줬다,봉준이 여장한줄알았는데 미인,0,2025-07-06T09:47:58Z
@용쎈튭-u6t,"몸에 무리 주는 건 오래 못하겠더라구요.
지엘틱정은 은근히 식욕만 눌러줘서 자극 없이 오래 가요.",0,2025-07-06T01:02:18Z
@lllllllIlll-Il,저두저두 121키로에서 111키로 까지 ing중이에요!! 화이팅 해볼게요!,0,2025-07-05T12:48:25Z
@Taejin-x2e,대단하시네요 전 5kg도 못 빼고 있는데..,0,2025-07-04T19:19:55Z
@지한-p8t-x4h,"진짜 존경…저도 30대 들어서면서 77kg까지 체중이 늘었었는데, 마음 다잡고 운동 꾸준히 하고 울트라컷24 같이 챙겨 먹으면서 식단 조절해서 지금은 56kg까지 감량했어요.
저도 다시 동기부여 제대로 되네요",877,2025-07-03T12:27:52Z
@김해인-y2v,우와 같은사람맞나여? 인간승리네요 진짜부러워요ㅜ,0,2025-07-03T09:43:09Z
@minbbb7,"와 의지력이 정말 대단하신거 같아요 ㅠㅠ
다이어트는 정말 의지력과 채력으로 버텨야하는데 체력 거지인 저는 운동하기전 지엘틱정먹으면서 조절하고있어요 ㅠㅠ
정말 대단하십니다! 기운 팍팍 얻어갈게요!",0,2025-06-30T14:08:21Z
@돌고래-j3j,나도 오늘부터시작 97,0,2025-06-30T13:28:10Z
@김지민-w9k7r,정말 대단하십니당!!! 완전 리스펙 ㅋㅋ 저도 다이어트 열심히 하고 있는데 위킷 멜라잇 먹고 나서 잘 잘 수 있으면서 부터 정체기 탈출했어요~~,0,2025-06-30T04:58:22Z
@준형-i3n,이게 안긁은 복권이지.,0,2025-06-30T03:47:29Z
@단군할아버지-l1m,이게 진짜 페미니스트지,1,2025-06-29T22:58:02Z
@임지훈-t7w,굿 ❤,0,2025-06-29T15:19:49Z
@KANGSEONGU,76kg만 봐도..허리 골반 보이네요.,0,2025-06-29T11:38:00Z
@galbidogfart,Epoda inside and out!,0,2025-06-29T03:03:53Z
@Y123-r8v,엄청 노력하신 것 같아용 ㅜㅜ!!! 저도 지엘틱정 먹고 다이어트 중인데 열심히 해볼게요…!!,0,2025-06-28T13:19:14Z
@leeleeleeleeleee,그래도 돼지네,0,2025-06-27T05:48:52Z
@덕구-j3w,와우..감탄밖에 안나오네요,0,2025-06-27T00:29:01Z
@호두르르르르를,40키로라니 진짜 대단하신거 같아요ㅠㅠ 너무 힘드셨겠지만 고생하셔써요 저도 꼭 지엘틱정 도움받아서 다이어트 성공해야겠어요,0,2025-06-26T10:37:41Z
@기억의습작-e6q,정말 대단합니다. 와우~~,0,2025-06-25T11:18:08Z
@로지-c5n,"가슴 사이즈 그대로인게 너무 부럽!! 얼굴, 몸매 넘나 매력적 굳굳 👍👍👍개이뻐요 진심 😊😊❤",0,2025-06-25T09:10:50Z
@허허거참-p3y,건강을 되찾으시길 바람 행복하시길,0,2025-06-24T04:26:03Z
@sandgeorge1004,역시 최고의 성형은 다이어트지😊,0,2025-06-23T18:45:25Z
@kktkkt03,지나가는 잘생긴 남자 입니다. 너무 예쁘세요❤,0,2025-06-23T13:13:22Z
@jupitnim,진심 노력에 박수를..이쁘십니다..,1,2025-06-23T10:33:11Z
@user-born_in_2003,진짜 뭘 해도 성공할 분인것 같아요. 멋져요❤❤,0,2025-06-22T12:28:26Z
@비울-h4w,존경합니다. 키가 좀 있으신가봐요. 76키로에서 더 빼고 있으셨다 해도 미모가 살아났네요.,0,2025-06-19T22:32:12Z
@akeiakeh4555,여자면 더빼야지,0,2025-06-19T09:35:27Z
@ineternalsuffering791,Hermana pasa dieta!!! Gracias por inspirarme,0,2025-06-18T07:14:47Z
@akosijuan4034,몸매가 이뻐여~~ 🎉🎉🎉 부럽..,0,2025-06-18T03:20:33Z
@스마1-k7t,얘뻐요❤❤❤❤🎉🎉🎉,0,2025-06-17T05:21:03Z
@나고양-h6r,"40키로 ㄷㄷ
난 목표치 20키로 오늘 시작 첫째날 휴 언제 빼냐ㅜㅜㅜ",0,2025-06-16T16:31:05Z
@kangjihwan1995,마지막에 귀척 시발 극혐,1,2025-06-16T10:02:48Z
@kangjihwan1995,요즘 새기들은 하도 잘쳐먹어서 비만 이지랄하지 나때는 시발 먹을거 없어서 지나가다가 메뚜기 잡아서 튀겨먹었다,1,2025-06-16T09:58:00Z
@kangjihwan1995,북한에 1년정도 쳐 보내놔야 다이어트 이딴 개소리 안지껄이지,1,2025-06-16T09:57:15Z
@으뜸-z9x,고도비만일때 신발 뭐신고 하셨나요!??,0,2025-06-15T09:52:14Z
@KIM010-dq8bb,지구 자원좀 그만 축내라..,0,2025-06-15T07:07:12Z
@최하은-p3u,이뻐요,0,2025-06-14T09:10:07Z
@exhico8458,와..복권당첨,0,2025-06-13T10:26:18Z
@평꾸임다,영상 또 언제 올라오냐요?,0,2025-06-12T10:45:01Z
@오리-f2z,예쁜 사람들은 쪄도 예쁘고 빠지면 더 예뻐지네요ㅋㅋㅋㅋㅋㅋ,0,2025-06-11T21:11:17Z
@user-kx6pm7qk2f,혹시 몇개월 정도 걸리셨나요ㅠㅠㅠ,0,2025-06-11T16:56:07Z
@미안하다좀마니,진짜 멋있다 다이어트 1달차인데 힘들때마다 동기부여 받고가요,0,2025-06-11T05:13:41Z
@김이찬-e1m,"제가 100키로에서 45키로 감량후 55키로 만드는데 걸린 시간은 13개월입니다. 마지막 체중 5키로 빼는게 가장 힘들었어요. 점점 표준체중으로 갈수록 안빠지니까 사람들이 적당한 선에서 멈추라고 했어요. 하지만 포기하지 않았습니다.
보통 60-70에서 멈춰도 충분히 잘했다고 하지만, 사실 표준체중과는 거리가 멀었기 때문입니다. 진짜 싸움은 60 진입부터입니다.",0,2025-06-09T16:23:58Z
@니얼굴피크민,진짜 대단하다…,1,2025-06-09T12:01:10Z
@hwanghhmida7086,탈동양인 피지컬 ㄷㄷ,0,2025-06-09T04:11:03Z
@와맛있겠다-o1i,와 살쩠을때도 애기피부넹 부럽당,0,2025-06-08T18:01:11Z
@이성진-v9m,팔자로 걸어면 마음껏 먹어도 날씬해집니다 왼발을 최대한 벌려 걸으세요,0,2025-06-08T17:55:21Z
@코리안베지터,고생하셨어요!,0,2025-06-08T10:40:55Z
@오병진-f1k,ㅋㅋ왜40만빼고 올리는거지 70빼고 올리면 되는걸,0,2025-06-08T09:17:13Z
@hsd45,진짜 대단해요!!!저는 항상 하다가 포기해서 요요가 여러번왔었늑데ㅠ 진짜멋있어요!!!,0,2025-06-08T07:31:43Z
@송민지-j5h,"와 진짜 대단하시다. 이걸 보고도 비아냥거리는 사람들은 뭐냐 진짜;; 나도 스위스식 당독소 다이어트로 20키로 감량해본 경험으로
40키로는 진짜 불가능 할거 같은데 리스펙합니다",727,2025-06-08T03:49:02Z
@sinhakkim5493,❤❤❤❤,0,2025-06-08T02:33:31Z
@F.L2323,افرین بهت افتخار می کنم😊,0,2025-06-07T08:19:05Z
@A달달-p2g,여신이 됐네... 미드가 그대로.. ㄷㄷㄷ,0,2025-06-05T11:08:28Z
@현이이야기,존경스럽다 동기부여 얻구갑니다,0,2025-06-05T08:47:32Z
@배불뚝이2,헐 너무 이쁘세요 미드는 그대로인데 와 오우야,0,2025-06-04T08:32:31Z
@miya274,나는 절대 불가능,0,2025-06-02T14:53:29Z
@김예진-p5w,어떻게 빼셨나요?ㅠㅠ 너무 대단해요,0,2025-06-02T07:26:26Z
@Oscar-hk6lt,복권이네,0,2025-06-01T13:22:09Z
@factcheckbyme,Holy shit thats insane dedication and achievement 😲👏🏻,0,2025-06-01T04:03:17Z
@rays1684,필터는 빼고 올려야지 ㅉ,3,2025-06-01T01:26:43Z
@Egg_08,역시 최고의 성형 다이어트,0,2025-05-31T16:01:08Z
@나는야모든지될거야,저런 라인 유지하면서 빼기 ㄹㅇ 쉽지 않은데 몇년동안 운동 하셨나요?,0,2025-05-31T13:46:07Z
@한우-m6d,분야는 다르지만 금주금연 일주일차 영상보고 용기 얻어갑니다,0,2025-05-31T03:23:30Z
@병신은팬다,"우리는 이영상으로 한번더 알게 되었다.
몇 키로가 빠졌는지는 좆도 안중요하다
앞자리가 5가 되는게 우선이다 ㅋㅋㅋㅋ",2,2025-05-29T23:15:37Z
@barapark100,76kg도 어떻게 뺀거야 대단한데,0,2025-05-29T00:47:36Z
@오징어징징이,뭐가달라진거냐,0,2025-05-27T15:17:30Z
@멀바_그냥사람임,열심히 노력하시는 모습 최고예요..❤,1,2025-05-26T11:59:58Z
@훈훈한세후니,빼기전에도 이뻐요,0,2025-05-26T06:06:35Z
@슈니-e9h,오 츄 닮으셨다,0,2025-05-24T12:29:21Z
@쏘쏘한하루-y3b,어떻게 빼셨는지 방법 쫌 알수 있을까요? 저도 지금 100키로 라서 창피해서 집 밖에도 못 나가고 운둔 하고 있습니다,0,2025-05-24T11:07:41Z
@skh4252,응원 합니다❤🎉🎉🎉,0,2025-05-23T19:00:56Z
@SHURE-SE846,흐어어어억,0,2025-05-23T02:09:45Z
@장발장-w2e,40kg면 진짜 뼈깎는 노력하셨네요 대단해요!,0,2025-05-22T08:32:01Z
@Neverknow_12,이뿌다ㅎㅎ,0,2025-05-22T07:46:51Z
@NoChink,저 입술은 타고나셧구나,0,2025-05-21T14:54:39Z
@김새봄1,미쳤다 살을 빼고 바스트가 진짜 남아있네요 ㅠㅠ 저는 살빠지면 가슴부터 빠져서 가슴영양제 먹으면서 두유같은 건 꾸준히 먹어주고 있네요... 세달동안 10키로 뺐는데 다행이 아직 유지중이에요 저도 자극 받아서 40키로까지 해볼게요!,0,2025-05-21T09:47:33Z
@옘옘-n4l,대단하다 ㅜ ㅜ 거울셀카 츄닮았어요,0,2025-05-20T01:10:16Z
@あゆみとにちじょう,"여자력 올라오니까 본인도 좋죠 ? 
이래서 자기관리해야해 😊",0,2025-05-19T22:35:29Z
@magaret8014,와 성형한줄 😊 너무 예쁨 살찌지 마요 응원합니다,0,2025-05-19T08:18:23Z
@심도사4jutaro,와🎉,0,2025-05-18T08:25:20Z
@최야르-g3m,"인생에서 최고의 히열은 다이어트임 !! 
다이어트 성공하면 너 얼굴 수술 했냐 부터 
ㅋㅋㅋㅋ 건강도 챙겨지고 👍👍",1,2025-05-17T10:00:36Z
@ki-chikubo_y01,복권이 꽝이네ㅋ,0,2025-05-17T09:50:44Z
@user-vu6hq8qs9w,ㅋㅋ배보면 쭈글쭈글 늘어난 피부는 못돌려,0,2025-05-17T09:13:56Z
@Hj_Jang81_12,멋지십니다!,0,2025-05-17T07:44:10Z
@JJ-xs3om,"초 고도비만에서 고도비만되는건 마음만 먹으면 쉬움
고도비만에서 비만되는게 더 힘들고 비만에서 정상체중으로되는건 더 힘들고 정상체중에서 바프용 몸 만드는건 뒤지게 힘듬",0,2025-05-17T06:30:13Z
@이신영-n7l,저정도 다이어트는 마약한사람이 마약 끊은거랑 똑같다그러던데 불가능한걸 가능하게한당신 존경합니다,0,2025-05-16T09:16:20Z
@대왕문어-l2x,대단하십니다 항상화이팅입니다,0,2025-05-15T12:09:11Z
@해린-u5t,"헉… 저도 사실 초고도비만에서 슬림열크림 쓰면서 3개월에 10kg 뺐거든요ㅠㅠ 이거 진짜 땀나는 게 장난 아니고, 특히 운동할 때 바르면 땀 줄줄 나서 확실히 체지방 빠지는 게 느껴져요! 이 영상 보니까 저도 다시 마음 다잡아야겠어요🔥",44,2025-05-14T20:09:27Z
@Abaturoo,괴물에서 사람으로 진화,2,2025-05-14T15:37:44Z
@최강시티,근데 허리는 가늘고 바스트랑 힙만 큰거 쩐다.... 여자들 보통은 바스트부터 사라지지 않나ㅠ 완전 축복받으신듯...,1,2025-05-14T14:54:17Z
@리꾹빡-r4p,별 차이 없는데요,0,2025-05-14T08:45:17Z
@이지훈-h4i,"30~40~50 키로 정말 다이어트 정말 대단합니다..
저두 30키로 감량 개속 다이어트 하고있습니다..
문제는 유지 입니다... 유지하는게 정말 어렵습니다..(그래고 어릴때는 처진살이 근방 돌아와두 나이먹고 다이어트는 처진살 지옥입니다)
다들 화이팅 하시길 ㅎㅎ",0,2025-05-14T07:41:10Z
@박효진-o1n,복권이다~~~,0,2025-05-13T15:44:09Z
@user-er3rd1sn2j,9키로 빼는것도 힘들었는데....존경합니다,0,2025-05-13T14:39:46Z
@펭귄고멤화이팅,넘 예쁜디,0,2025-05-13T09:02:50Z
@고고-f6d,"진짜 인간은 하고자 할때
의지와 끈기가 정말 강한듯..
다이어트는 진짜 배고픔의 싸움인데
뭘해도 오뚜기 같으실거 같습니다
👍",1,2025-05-12T15:53:11Z
@user-hx9ru6fj9o,선생님키가,0,2025-05-12T14:38:45Z
@어쩌라궁내맘이즤,ㅁㅅㄱㄷ,0,2025-05-11T23:37:13Z
@부끄-l9b,흑흑 아름다워,0,2025-05-11T07:45:34Z
@유나-m7b3c,빠진건가,0,2025-05-10T14:12:43Z
@평범한사람-l6g,가슴 크시잖아 한잔해,1,2025-05-10T10:58:35Z
@DdDd-r2d,삽십키로 더 빼고 나랑 데이트하자,0,2025-05-09T13:19:54Z
@대한민국-j9p,다른 걸 다 떠나서 저정도 독한맘 먹고 40키로를 뺀 거 자체가 대단하시다...,2,2025-05-09T10:34:05Z
@사와디캅앗살라말라이,어떻게하신거에요? 궁금합니댜 ㅠ..,0,2025-05-09T05:27:55Z
@그냥-j8n,뭐가 달라진건지 도통모르겠는데... 왜올린건지...,1,2025-05-09T05:01:02Z
@거룩한밤-e1y,와 인간승리,0,2025-05-06T16:02:41Z
@정유-b5j,매우 예쁘네용,0,2025-05-06T14:14:25Z
@봄내에요,진짜 대단하네요 그 인내와 노력과 끈기에 박수를 드립니다,0,2025-05-06T14:05:41Z
@너티독폭파한다,존경합니다 ㅠㅠ,1,2025-05-06T14:03:18Z
@열심히하자-o7v,살 빼니까 ㅈ@나 이뻐졋네 ㅋㅋ,0,2025-05-06T12:08:41Z
@Imn755,76 초섹시다… 라인미쳤더 부러워😢😢,0,2025-05-05T23:26:27Z
@Sksimwosj-y1y,키가 몇인데 76이어도 말쑥하다는 느낌이 드냐.,0,2025-05-05T10:50:40Z
@Papatya10,tebrik ederim :) ben de 108 kg umarim ben de zayiflarim,0,2025-05-04T12:49:23Z
@소소한설레임,116 kg 일때도 이쁨이 넘쳐나셔요,0,2025-05-04T06:04:50Z
@GRSon-kg4fx,화이팅 !!!,0,2025-05-03T14:27:24Z
@soosoo6022,근성봐라...너는 성공하긋다,0,2025-05-03T12:40:22Z
@이자유로운영혼,"너무 예쁘세요! ^^
꼭 원하는 목표까지 이루어지시길 바래요",0,2025-05-03T05:23:36Z
@천사랑사랑-f4r,가능,1,2025-05-02T20:33:45Z
@aldoqjd5746,"저도 감량중인 사람인데요.. 존경스럽습니다 그리고 여성같은경우는 남성보다 감량하기가 좀더 힘든데,
(위험을 대비해서 남성에 비해 지방을 좀더 축적하려는 경향이있음) 등등 대단하시네요..
응원하고갑니다 파이팅",0,2025-05-02T09:57:37Z
@Gimikei,멋지다,0,2025-05-01T08:58:15Z
@choeleph1911,이루기 힘든 것들을 이뤄나가는 경험들이 당신을 더 멋진 사람으로 만들어줄 것을 믿습니다. 정말이지 멋집니다.,0,2025-05-01T04:16:36Z
@VariousY-ll1rn,혹시 어떻게 뺐어요..? 알려주세요...!!!,0,2025-05-01T01:17:40Z
@이헌동-x3s,츄 인줄,0,2025-04-30T11:47:16Z
@해달-q9s,똥이랑 설사 차이인가.. 난 모르겠다,0,2025-04-30T09:51:23Z
@archi-lintel,긁지 않은 복권이다........대박,0,2025-04-30T05:09:28Z
@87tkfkd23,고생 많이하셨어요~무엇보다 건강해진다는게 더  좋아요~😊,0,2025-04-29T11:14:24Z
@HiHi-c1f,인간이되가는구나,0,2025-04-29T06:24:59Z
@우리는한화다,살 많이빼면 츄 느낌나겠다,1,2025-04-28T10:40:51Z
@자연인-ppp,와 엄청난 컵이네요. 유전자가 타고난건가요?,0,2025-04-28T03:25:44Z
@chocho223,그래도 피그미는 아직 남아있는거보니 다이어트 더해야할듯,0,2025-04-28T00:15:00Z
@Happy-2220,"근데 어렵게 다이어트식이 할 필요 없이 하루 삼시세끼 학교 급식처럼 먹으면 살이 절대 안 찌던데...왜 힘들게 닭가슴살 먹고 현미밥 먹는지 도저히 이해를 못하겠음...
난 오히려 네끼 먹을때도 많은데 그래도 살은 안 찌던데... 내보겐 과자 빵 이런 군것질이 원인일듯... 그것만 안 하면 누구나 연예인 몸무게 유지 쌉가능임...살찌는 체질 그런건 사실 변명임...제발..ㅠ",0,2025-04-27T23:25:39Z
@chickeng177,입술 쉐입이 타고난 이쁜 쉐입이에요:) 화이팅 하세요❤,0,2025-04-27T03:33:27Z
@kwan-px4vy,이렇게 올릴께 아니예요~ 혼자 만족하는 무게 하지마세요~ 20키로 더 빼셔야되요,0,2025-04-26T20:29:30Z
@농이부-z1h,와 116kg에서 76kg까지 가는데 힘들었을텐데 고생하셨네요 살이 빠지니까 태가보이고 점점 이뻐지네요 50kg이하 갈때까지 홧팅입니다. 지금 시점에선 많이 빠졌을테지만요 정말 너무이쁘네여 고생하셨어요,0,2025-04-26T09:31:30Z
@꿀펄센,"거의 성인 여성 한명을 덜어 냈으니, 정말 피땀없이 힘드셨겠어요. 진심으로 리스팩입니다.",0,2025-04-25T16:09:03Z
@raditcs,"respect
i'm still in progress too",1,2025-04-25T15:14:39Z
@김원중-r5w,와.. 이쁘다 그리고 존경스럽다,0,2025-04-25T10:50:58Z
@Sandring_bangbang,우와 슴가가 하나도 안쭐고 넘이뻐요 라인이 .. 부러워 ㅠㅠㅠㅠㅠ,0,2025-04-25T09:17:36Z
@xdhgdsf,고생많았겠다   근데 좀더 빼자,0,2025-04-25T04:21:00Z
@마카롱-h6o,인생여전,0,2025-04-24T14:42:13Z
@dna1188,화이팅입니다 꼭 더빼서 미녀돼세용,0,2025-04-24T14:15:58Z
@JK15757,저희 체육관에 최고의 성형은 다이어트라고 전신거울에 붙어있음 화이팅~,0,2025-04-24T02:58:17Z
@i1288,다이어트 할거 없이 막 퍼먹고 위고비 맞으면 됩니다~ 마음껏 먹으세요,0,2025-04-23T22:18:40Z
@ll-on9wy,박수!!!!!!!!!!!! 당신의 노력을 진정으로 박수를 !!!!!,0,2025-04-23T10:59:12Z
@unw5909,와우~ 대단 (ㅡㅡ)b,0,2025-04-23T01:20:53Z
@parason5853,와 대단하다,0,2025-04-22T13:05:37Z
@곰방대19,앞자리 6 만들고 와라.,0,2025-04-22T12:56:48Z
@BigJoe7279-i1p,ㄷㄷ 개예쁘시네,0,2025-04-22T10:33:56Z
@젊게사는김덕철,"40kg빼고 30kg는 더 빼야겄다...
지나가는 페미니스트 1이네 걍 ㅋㅋㅋㅋ",0,2025-04-22T08:08:44Z
@sookiiiii,살이 예쁘게 빠지싱것같아여 완전 베이글녀느낌,0,2025-04-22T07:59:39Z
@수염빨루이지-j2n,"진짜 복받으셨네요. 보통 살빠지면 가슴살까지 같이 빠지는데 이분은 그대로 둔채 살만 빠지셨네.
제 아는분은 진짜 지옥같이 노력해서 살뺐는데 자기 절벽 됐다고 맨날 좌절하던데",0,2025-04-22T07:41:58Z
@스치면간다-d6m,지금은 얼마인가요?,0,2025-04-22T01:37:47Z
@hongse2k,복권 긁기 성공!,0,2025-04-22T01:04:52Z
@Greeny-o1p,요요왔다에 한표,0,2025-04-21T23:07:26Z
@꾸꾸나리,"다이어트를 하고 있는 입장으로써 너무 멋지십니다 ㅎ
건강에 항상 유의 하시고 앞으로도 꾸준한 성취 얻어가시길 바랍니다^^",0,2025-04-21T21:24:47Z
@mai-t7c,먹는거도 대단허다... 그동안 먹는거에 얼마를 쓴거지,1,2025-04-21T14:54:09Z
@마라탕먹방-19j,저는 다이어트를하는중인데 살이안빠져요 혹쉬 어떻에살빼용?,0,2025-04-21T10:42:34Z
@살로만-q2o,저도 125에서 살살 빼고 있습니다 화이팅,0,2025-04-21T09:28:22Z
@털없는원숭이-k9e,"항상 말씀 드리지만... 비정상 몸무게에서 비정상 몸무게로 만드는건 쉬운 일입니다. 딱 제일 힘든게 비정상에서 정상으로 들어오는 구간이구요... 76키로면 충분히 아직 비정상 구간이시고
거기서 50 kg 후반까지 오시는게 정상입니다. 지금 해온 구간이랑 다르게 딱 100 더 힘들 텐데 힘내십시요",0,2025-04-21T07:44:07Z
@원-12,116키로????? 혹시 그 아니다,0,2025-04-21T02:32:33Z
@seokkwanyun8902,"자랑스럽습니다 내몸에 뱃살도 못빼는데요
대단합니다",0,2025-04-20T23:43:08Z
@매드클라운-n5s,다이어트 성공했다고 ㅋㅋ 뭐가자랑임 빼는게 젤쉽다 덜먹으면 끝인데,0,2025-04-20T22:29:58Z
@꽥-g4h,안녕하세요..살빼면은 인간관계나..세상이 좀 달라질까요...너무 궁금합니다. 살이 쪄서 그런지 대학교나..대학원을 가든...먼저 다가가는 경우는 있어도 먼저 말 걸어주는 사람도 없고 요즘 왠지모르게 많은 생각을 하게 되네요😂,0,2025-04-20T17:33:49Z
@MrJarim71,BGM이 딱이네 ㅎㅎ,0,2025-04-20T15:20:13Z
@minimey-w2w,100키로 찌는방법좀,0,2025-04-20T10:49:22Z
@attentionr1409,"이왕 미친듯이 노력했으면 64kg까지 빼삼 인생이 달라질꺼임 화이팅 
본인은 남자고 110kg -> 77kg",1,2025-04-20T10:09:30Z
@byebyesayonara,본판이 이쁘니까 바로 미모 나오네,0,2025-04-20T09:04:53Z
@bluesky신,5키로 빼는것도 장난아닐텐데 대단하시네요~!,0,2025-04-20T02:44:32Z
@mainer77777,저거도 보정일테니 ...,1,2025-04-20T01:16:36Z
@tmkim2615,와... 대단 살 늘어짐 없나요...?,0,2025-04-19T13:51:57Z
@SiriusBlack-K,키가 꽤 커보이시네요. 76kg인데 전혀 살 쪄 보이지 않는 걸 보니...,0,2025-04-19T12:42:15Z
@kimreon,사람이 아름다운 이유는 저마다 제 인생을 살아가면서 자신에게 도전을 하고 그 한계를 넘어서고 일어서고 극복하는 것에 있다.,0,2025-04-19T11:15:28Z
@isfjt-uo6fg,"이 영상 올린지 1년이 시군요
잘 시청하고갑니다
운동할때 동기부여도 될꺼같고
여러므로 배울께 많을꺼같아 구독누르고갑니다^^~",0,2025-04-19T08:22:49Z
@최순규-u6t,정말 멋지십니다,0,2025-04-19T06:53:11Z
@katechoi7592,"나도 살빼야하는데... 
ㅡ,.ㅡ
당뇨때문에...",0,2025-04-19T02:34:05Z
@dbk1383,"116kg 때도 순수하게 웃으면서 찍은 사진이 넘 사랑스럽게 느껴져요 76kg대도 넘넘 예쁘구요😊😊
어제까지만 해도 심정적으로 너무 힘들었는데 덕분에 용기 얻고 갑니다ㅠ",0,2025-04-19T02:26:15Z
@님아안녕나야,도망가자,0,2025-04-18T13:22:01Z
@moisescaiceso,와.... 저는 고딩 때까진 격투기 동아리 활동 조금하고 밥이든 뭐든 항상 많이먹어도 174/65 킬로 유지가 돼서 제가 살안찌는 체질인줄 알았는데 직장 생활하며 운동은 1도 안하고 술퍼먹고 배달음식에 빠져살았더니 어느덧 100이 넘었습니다... 이제 숨쉬기가 불편하다는 느낌이 들어서 뭐라도 해야겠네요ㅠㅠ 용기를 얻고 갑니다,0,2025-04-18T08:21:55Z
@qwersepg,"저렇게 쪘던거자체가 사람이아님.... 
얼마나 먹고누웠으면....",0,2025-04-18T04:52:50Z
@바닐라부,"와.! 
멋지세요
정말뭐든하실분이십니다",0,2025-04-18T00:21:53Z
@머냐이건-g8r,존경스럽습니다,0,2025-04-18T00:05:25Z
@min-hyung-ahn_genius,아니 갑자기 엄청 매력적이 되셨네,0,2025-04-17T13:19:27Z
@mddjdj73,똑같잖아 ㅅㅂ,0,2025-04-17T11:52:20Z
@진사어르신,아름다우십니다~ 외모도 그대의 의지도~ ㅡ_ㅡ)/,0,2025-04-17T05:57:08Z
@gguny1468,"더빼면 아까울듯 지금 70아래로 가시면 점점 볼륨이 줄어드실텐데 
진짜 신이 주신 볼륨감  살빼기 전부터 이미 일반적인 볼륨이 아니셨네요 살이 있으셔도 섹시 하신 ㅎㄷㄷ 그런대 살까지 빼시니 정말 너무 섹시하고 멋있네요",1,2025-04-17T05:21:10Z
@양준모-h3u,박수 응원~~,0,2025-04-17T04:45:53Z
@SamuelNucDoctor,노력대단 🎉,0,2025-04-16T22:36:32Z
@김철호-w5s,멋집니다.🎉,0,2025-04-16T04:27:15Z
@안돼돌아가-h8g,멋지다요! 화이팅!,0,2025-04-15T17:31:23Z
@존버불패-y7v,중요한 곳은 안빠졌내요. 원래 중요한 곳 부터 살이 빠진다던데,0,2025-04-15T10:30:23Z
@이정현-f2h,"최고의 성형은 다이엇이라더군요. 화이팅 
글고 혹시 페미는 아니시죠?",0,2025-04-15T10:28:31Z
@thny0209,삶의 질적인 측면에서 뭐가 다른지 물어보고싶네,0,2025-04-15T08:31:00Z
@namchoi1386,알고 이뻐라 잘뺏어오❤ 나도 살 빼본 사람으로 건강 생각해서라도 빼야합니다! 잘 하셨어요,0,2025-04-15T08:20:07Z
@MinAElvis-z8d,외모도 외모지만. 일단.. 건강해져서 오래 사는게 중요함.. 비만은 곧.. 만병의 근원이 될수 있음.. 일단 당뇨에 무릎 작살나기 시작해서;; 더더더 많은 병이..,1,2025-04-15T02:16:41Z
@Jay-cp3mt,50까지 가면 여신될듯....ㅎㅎ,0,2025-04-14T17:03:47Z
@고혁-o9n,뺀다는게 쉽지 않을거라 생각해요 그 누구보다 더 열심히 노력해서 빼셨을거라 생각이 가장 큽니다 정말 대단하세요 ㅠㅠ  건강 하셨으면 좋겠어요,0,2025-04-14T13:47:05Z
@벨루가-h8s,찌찌는 그대로 있는거 너무좋다,0,2025-04-14T13:44:35Z
@castle_crab,5키로 빼다가 포기하는 나…,1,2025-04-14T12:17:37Z
@dks0216,와우! 노력에 박수을 보냅니다!!,0,2025-04-14T10:11:18Z
@무었을보는거니,대단하십니다!!,0,2025-04-14T10:06:18Z
@미모지,와근데 첫장면하고 막장면하고 맹똑같은건 전날에치맥한잔한거아님?,0,2025-04-14T09:36:43Z
@광토끼,"어떠한 이유로 넘어왔는지는 모르지만
와~ 노력과 의지에 정말 박수 보냅니다 
다이어트 뿐만 아니라 어떠한 일도 성공할꺼에요 ^^
헉 !! 지금보니 1년전 영상이었네요",0,2025-04-14T07:41:00Z
@swjo2853,응원합니다. 당신은 승리자,0,2025-04-14T05:13:58Z
@마술항아리-p6k,"아.진짜 대단하네여
방법 궁금해여ㅋ",0,2025-04-14T02:07:37Z
@rhrjrkdjd,와 진짜 대단하고 멋있다 쉽지않을텐데,0,2025-04-13T23:47:28Z
@FunnyTV-wl1kv,"멋있습니다. 돼지처럼 뒤룩뒤룩 쪄서 자기 합리화 하는 애들보다, 자신을 위해 건강을 위해 강한의지와 노력하신거에 리스펙합니다",0,2025-04-13T23:11:59Z
@강호준-x5q,대단하십니다. 파이팅!,0,2025-04-13T16:54:37Z
@홉빵맨-l7m,아... 나 다이어트 중이야... 라고 말하면서 운동 단1도 없이 그냥 굶는 아가리어터들보다 백배 무한배 멋져요! 갈수록 건강해보여서 저도 기분이 좋아지네요. 끝까지 화이팅입니닼!!!,0,2025-04-13T14:44:34Z
@정연권-o5s,와 진짜 멋집니다,0,2025-04-13T14:05:26Z
@조지기2,가능,0,2025-04-13T12:50:38Z
@서울촌놈-v2e,요요오는 순간 120키로 됩니다. 살빼는 것보다 유지가 중요합니다. 화이팅하세요.,0,2025-04-13T10:50:33Z
@FCUK609,똑같네,0,2025-04-13T08:33:11Z
@근바,👍👍,0,2025-04-13T04:32:30Z
@nesay777,얼굴 변화가 드라마틱 하네요   더 노력 하시면 정말 이쁘실 것 같아요!! 화이팅 입니다.  짝짝짝 고생 하셨어요^^,0,2025-04-12T23:37:56Z
@소피스트-m6w,너무 보기 좋아요~ 힘내세요~!!,0,2025-04-12T18:11:38Z
@fafa_22275,멋져,0,2025-04-12T16:00:50Z
@와단흑,개대박이다,0,2025-04-12T16:00:22Z
@조디로,살빠지면 예뻐진다고 멋져진다고 해도 예의상 한말이겠거니 했는데 진짜네..,0,2025-04-12T13:42:55Z
@junlee993,40키로 뺐는데 남자인 나보다 더 나가네,0,2025-04-12T13:34:53Z
@반지하의제왕-c1g,담배끊는거보다 10배는 힘듦....진짜 개고생도 이런 개고생이 없드라구~!!!!,0,2025-04-12T12:42:17Z
@yoojak2217,다이어트는 원래 여정이다. 모두가 다른 출발점에서 시작한다.,0,2025-04-12T12:35:32Z
@LOVE-ci6xb,"멋져요!!!!! 저도 식단, 다이어트 3달차 되어가고 112 > 92로 현재 20kg 뺐고 앞으로도 열심히 뺄 예정이랍니다. 하루하루 열심히 살아가고 있지만, 누구 하나 알아주지 않는 나 혼자 만의 싸움이라는 게 가끔 슬퍼져요. 그치만 예전보다 훨씬 건강하고 행복감도 많이 느껴서 다시 또 힘내자! 하고 기운 냅니다 ㅎㅎ
저도... 제 첫번째 목표가 앞자리 7인데 꼭 해내려구요. 파이팅!!!!!!!!!!!!",0,2025-04-12T11:26:59Z
@zzingnyam512,얼굴에 츄가있네,0,2025-04-12T11:14:00Z
@정광명-d8s,60k  👏 👏 👏 👏 👏,0,2025-04-12T10:57:57Z
@태희이-l1f,❤❤❤❤❤❤❤❤,0,2025-04-12T10:32:20Z
@복자와준보TV,와 .. 나도 할 수 있당 ㅠㅠ,0,2025-04-12T08:55:15Z
@구미마이-y8b,이 친구는 이제 시작이네,0,2025-04-12T06:14:29Z
@KiKi-sc1yl,살뻇는데도 못싱김..,0,2025-04-12T02:31:39Z
@김바키-v7x,폐미니스트의 길로 가지 않아서 다행이고 응원합니다! 역시 노력하는 여자는 멋져!,0,2025-04-12T01:24:19Z
@dse32g5d,존경스럽니다요 ㄷㄷ 컨텐츠 준비중이신건가용 ?,0,2025-04-12T01:14:21Z
@leeleelee6782,👍,0,2025-04-11T17:01:13Z
@라그나그로스브로크-k4,어떻게 가슴은 그대로 살고 필요한곳만 살이 빠지죠? ㄷㄷ,0,2025-04-11T16:05:17Z
@Shadow123-f7h,전 말라서 뚱뚱할떄가 더 좋은듯,0,2025-04-11T15:03:32Z
@우거지-z4o,화이팅,0,2025-04-11T13:29:49Z
@닉넴뭘로하지-n7t,"목표체중이 몇이신가요 더 안빼도 되실거같은데
딱 좋음..ㄷ 키가 크신가요?",0,2025-04-11T11:49:00Z
@조각의토마스,복권이셧네 ㄷㄷ.. 저도 맨날 건강생각하지만서도 할엄두가 안나는대 정말 대단하십니다..,0,2025-04-11T10:35:00Z
@대겸유,이영주?,0,2025-04-11T09:01:44Z
@함바그-b7z,"ㅈㄴ 대단하네, 건강한 몸무게까지는 아직 좀더 빼야하긴 하겠지만 충분히 가능할듯",0,2025-04-11T08:48:10Z
@TheBanggul,대단하다 진짜,0,2025-04-11T05:14:57Z
@cbm0801,근데 다 좋은데요..이미 쪄보신 분들은..결혼하심 바로 도돌이표 입니다 그 모습까지도 사랑해주세용,0,2025-04-10T21:10:33Z
@user-tc3bm1ui5o,저랑 사귈래요?,0,2025-04-10T15:23:12Z
@찬희김-r9u,예쁘네요 몸무게 유지 ㅎㅇㅌ입니당,0,2025-04-10T15:21:22Z
@김희수-w5p,끈기와 용기에 감명받고 갑니다.,0,2025-04-10T15:16:58Z
@hyunj1959,이 정도면 인간승리다...진짜 대단하네,0,2025-04-10T14:44:18Z
@Nn-vy9fb,116키로까지 어떻게 살이 찔 수가있지;;,1,2025-04-10T13:55:01Z
@nsfw3228,"복권도 이런 복권 없을 듯, 다이어트 화이팅",0,2025-04-10T13:48:45Z
@아련한그리움,조금만!! 조금만 더 합시다!!,0,2025-04-10T12:02:59Z
@누렁이-z5i,116때도 이쁘장하네,0,2025-04-10T12:01:59Z
@임종석-t8q,베리나인줄,0,2025-04-10T09:53:28Z
@returnstrifj,긁지 않은복권ㄷㄷ,0,2025-04-10T08:15:44Z
@rush_dark1788,5키로만 더빼면 미스코리아,0,2025-04-10T04:09:29Z
@종친인생,살뺀게 훨신낳아보임니다 비법은뭠니까,0,2025-04-10T02:39:07Z
@Tanghuru888,"야... 대단하십니다. 응원합니다.!! 
>알벤다졸+비타민C메가도스__>>다이어트 특효입니다.",0,2025-04-09T18:52:55Z
@aksid218,인간승리 응원 합니다!!,0,2025-04-09T15:44:01Z
@wewoo6788,살벌하네,1,2025-04-09T10:31:18Z
@film5204,당신의 다이어트를 응원합니다,0,2025-04-09T09:39:16Z
@kim0ic,30키로는 더빼셔야 건강한 몸이됩니다 화이팅,0,2025-04-09T08:08:55Z
@ic6534,와.. 노력에 박수를 보냅니다. 건강은 덤이네요,0,2025-04-09T08:06:15Z
@1-px6gn,응원한다,0,2025-04-09T06:42:38Z
@peno2623,"진짜 대단하십니다. 살 빼는거 진짜 힘든건데...
저도 이 영상보고 오늘도 열심히 운동해야겠습니다.",0,2025-04-09T00:07:01Z
@llil6235,아직멀었다,1,2025-04-08T21:31:13Z
@KIM_junmo,당신의 다이어트를 응원합니다,0,2025-04-08T18:35:09Z
@jackpot999-u8w,대단하다.. 쉽지 않았을텐데.. 왜 예뻐 보이고 싶어하는거여 그자체로도 대단한데,0,2025-04-08T16:15:52Z
@Screenterior,저도 오늘부터 시작해야지.......하죠 맨날 ㅋㅋㅋ 정신차리고 시작!!,0,2025-04-08T14:54:04Z
@dw1769,진짜 전혀 다른사람이네...의지력에 박수~,0,2025-04-08T14:24:10Z
@베노아,힘들때 어떤 마음으로 이겨내셨나요?,0,2025-04-08T14:24:00Z
@diplopia6471,키가 크신듯,0,2025-04-08T14:04:59Z
@tag7062,고생 했네.,0,2025-04-08T12:23:50Z
@이장준-f3w,매력있네,0,2025-04-08T08:55:41Z
@nfd5g,살빼니까 이뻐졌네요,0,2025-04-08T07:28:41Z
@이진아-v4p,우와 진짜 대박...! 저도 다이어트 중입니다ㅎㅎ열심히 모로페린도 먹어주고 헬스도 열심히 하는데 자극 정말 많이 받고 가요!!,905,2025-04-08T02:06:15Z
@Hwannnn2,이분 근황 없나요,0,2025-04-07T23:47:00Z
@김수루수루,우연히 쇼츠에 나와서 봤어요~ 정말 존경스럽고 너무 예쁘네요! 당신이 노력했던 결과를 이제 즐기시기를 바랄게요!,0,2025-04-07T23:02:24Z
@Jjjjjjjjjjjjju116,ㅋㅋㅋㅋㅋㅋㅋㅋㅋㅋㅋㅋㅋㅋㅋㅋㅋㅋㅋㅋㅋㅋ,1,2025-04-07T17:09:51Z
@니얼굴얼씨구,대단합니다 화이팅~!!,0,2025-04-07T16:01:24Z
@노빠꾸정신,아직 갈길이 머네,0,2025-04-07T12:52:14Z
@chsun2,살빼니깐 진짜 여자로보임,0,2025-04-07T12:44:54Z
@shylin0_0,대단하십니다 지존이십니다,0,2025-04-07T11:48:08Z
@애응-s3h,멋지다!,0,2025-04-07T10:14:01Z
@장현준-y1c7g,힘든 시간이었을텐데 멋있습니다,0,2025-04-07T07:26:42Z
@sosososososo4148,"대단하십니다 누나
얼마나 노력하셨을지 상상이 안가네요. 
저는 선천적으로 마른체형이어서 보기도 너무 안좋고 벌크업 하느라 운동+식단관리가 얼마나 빡센지 알겠더라구요.",0,2025-04-07T07:11:50Z
@barkkyounghee,인상이 확 바꼈네요. 대단합니다.,0,2025-04-07T03:41:45Z
@Just_Hammering,76kg도 진짜  개빡셧을탠대 대박이내,0,2025-04-07T02:30:37Z
@김동섭-g9r6f,요요왓어요??,0,2025-04-06T22:31:17Z
@astguh,"지금은 몇키로 인가요?
60키로 가즈아~~
키가 몇인가요?164라면 못 해도 60키로 나가야 합니다.",1,2025-04-06T19:28:33Z
@하하요요,감량 하니깐 얼굴이 한썽깔하게 변했네.,0,2025-04-06T17:48:38Z
@andone5811,최근 댓글에 요요 온 건 아니라고 하시니까 슬슬 근황도 한번 올려주실 때 됐습니다 응원합니다,0,2025-04-06T13:28:20Z
@festival98,노력에 존경을 표합니다,0,2025-04-06T12:03:11Z
@rimdk9550,로또당첨 ㅊㅋ,0,2025-04-06T03:26:14Z
@찬딘,기대되네요,0,2025-04-06T02:11:03Z
@gambler_howl,여기서 15키로만 더빼면 로또2등이다,0,2025-04-06T01:21:27Z
@PeterLynch7,긁은 복권,1,2025-04-05T14:28:22Z
@초콜릿떡볶이,건강하니 더아름답네요,0,2025-04-05T14:14:02Z
@벅키란트,12kg 만 뺀거도 엄청 힘든데 40kg이나 ㄷㄷ 정신력과 노력에 감탄하고 갑니다 힘내세요,0,2025-04-05T13:47:47Z
@Nightbot_JI,-50 ㄱㄱㄱㄱ,0,2025-04-05T12:52:25Z
@hoyou31,정말 대단하시네요!! 앞으로도 쭉 응원합니당,0,2025-04-05T09:01:01Z
@숏다이닝ss,화이팅입니다~~~ 살 빼서 예뻐지는 것도 기쁜 일이겠지만 몸과 마음이 점점 더 건강해지는 게 더 큰 자산이 될 거라고 생각해요 ㅎㅎ 저도 다이어트 중인데 좋은 에너지 받고 갑니다 ㅋㅋ !!,0,2025-04-05T08:31:11Z
@user-ke4ro5uk1z,다이어트 성공 ㅊㅊ,0,2025-04-05T08:05:12Z
@영원한내새꾸,"눈이 너무 예뻐요❤❤  커지기도 했고,.자극 받아서 
오늘만 야식 먹고 내일부터 운동 시작 해야징 😂😂  노력은 배신 하지 않죠~  습관처럼 하신거 정말 대단하세요👍👍  누구보다 예쁘시지만 더 예뻐질거라 믿어 의심치  않습니당 ^^  화이팅",0,2025-04-05T06:50:16Z
@아임_윤찌,"더빼라






 더이뻐지겠다^^♡",0,2025-04-05T01:41:22Z
@테라스의아침-u8b,이렇게 이쁜데 꽁꽁 숨겼어~~~~❤,0,2025-04-04T22:10:10Z
@RonieKang,"g화이팅하세요!
건강이 최곱니다.",0,2025-04-04T13:43:12Z
@백-f7t,1년이후. 영상없는거면. 고인아님. 요요로.  더 거대화되신건가봄..,0,2025-04-04T13:37:43Z
@아양호루,존경스럽다,0,2025-04-04T13:02:11Z
@농심디아블로,bbw매니아인대  100kg떄가 더 매력있어보이십니다 다시찌워주셧으면 좋겠습니다,0,2025-04-04T12:24:28Z
@davidmlee9097,확실히 댓글이 많이 줄었네요 ㅋㅋㅋ,0,2025-04-04T11:36:24Z
@히익이-r8s,근데 놀리는게 아닌데 저 정도 의지가 있는데 왜 저렇게 까지 살이 찌신거죠???,0,2025-04-04T11:08:52Z
@gyu.j1253,이정도면 살기위해서 뺀거같은데,0,2025-04-04T10:10:51Z
@나니-x8w,이제 20키로만 빼면되겠네여 화이팅,0,2025-04-04T09:21:31Z
@gukisac,예쁘십니다. ^^ 건강한 모습 멋져요.,0,2025-04-04T07:46:30Z
@남해차차웅424,40kg ㅎㄷㄷ 대단하시네,0,2025-04-04T06:46:07Z
@dolezhang9265,잘했어 이제 60kg 까지 감량하면 너랑 사귀고싶어하는 남자녀석들이 주위에 꼬일거임,0,2025-04-04T06:42:43Z
@잎인듯꽃인듯,화이팅입니다~ ^^,0,2025-04-04T04:14:13Z
@gerhfmgmtrncncxnbr,대단하다 굿굿,0,2025-04-04T04:08:39Z
@v9iyn,감량 전 후 두 모습 다 사랑스러우시지만 다이어트를 하는 이유는 보통 건강과 자기 만족인 것 같아요😍 지금 상태가 마음에 드신다면 그것보다 좋은 게 없죠 !!!! 다이어트 중간 중간 얼마나 힘드셨을지... 너무 고생하셨어요 ㅜ.ㅜ,0,2025-04-04T02:20:45Z
@드래곤타이거JR,복권 당첨,0,2025-04-04T01:06:07Z
@숯불맨,멋진분이넹,0,2025-04-03T20:59:32Z
@cosmos-h3n,진짜 대단하네,0,2025-04-03T17:17:58Z
@voltorb.,힘내세요!!,0,2025-04-03T15:22:01Z
@안알랴쥼-z6h,76도 보기 좋아요.,0,2025-04-03T14:45:45Z
@최동휘-i1m,노력에 무한한 박수를..,0,2025-04-03T13:48:42Z
@blackbean-soymilk,와.. 더빼면 더이뻐지겠어요,0,2025-04-03T13:39:25Z
@petanimal1590,안경끼면 눈 쪼매나 보임,0,2025-04-03T13:19:39Z
@아몰랑-s9f,결과를 떠나서 노력한다는 그 자체가 멋있습니다!,0,2025-04-03T13:14:06Z
@최선-t6e,와 대단해요! 그동안 고생많으셨습니다!❤,0,2025-04-03T11:11:41Z
@mayli5206,당신의 노력은 영원히 기억될껍니다,0,2025-04-03T11:00:25Z
@istp1176,인간승리..,0,2025-04-03T09:42:50Z
@크고아름다운남자,안 긁은 복권이였네,1,2025-04-03T08:39:15Z
@manggu-o7r,진짜 대단하시다,0,2025-04-03T08:03:49Z
@최군-f7u,정신력쩐다 40kg 빼는게 대략 한 사람무게분 뺀거잖아,0,2025-04-03T07:23:43Z
@8102122,응원합니다. 화이팅,0,2025-04-03T07:22:04Z
@유성-j9e,진짜 건강을 위해 빼야했네,0,2025-04-03T07:14:57Z
@이노우에-g3h,초고도비만이라도 노력조차 안하는 사람들도 있는데 대단하시네요 남자든 여자든 돼지들은 답도없다고 느끼지만 님은 대단하십니다,0,2025-04-03T05:54:47Z
@kkkzaa,더 이뻐지시려고 욕심 생기실듯 ㅎ 엄청 힘들었을거같은데 리스펙합니다,0,2025-04-03T05:24:22Z
@user-kimmihee,하루에 1끼만 1년간 먹어도 살 빠지지 않음?,0,2025-04-03T05:19:46Z
@namu0521,멋잇다!,0,2025-04-03T04:27:19Z
@씹쎈치,"와; 지기럴 진짜 ""누구세요?""다.슈퍼 초고도비만 뚱녀가 글래머 존예가 되었노? ㄷㄷㄷ;다이어트가 최고 성형 맞나보다.저렇게 빼려면 멘탈도 초 싸이언급이 되어야 하는데,무섭네;",0,2025-04-03T04:23:04Z
@Mickey99999-k,응원합니다,0,2025-04-03T04:17:21Z
@Tube-s8l,대단하십니다 화이팅!,0,2025-04-03T03:26:59Z
@호크미샬-y2k,멋지네요,0,2025-04-03T02:59:43Z
@ttung-u9i,대단한거임 내 여사친은 비싸게 돈만 주고 1:1 강습 필라나 헬스 받는데 빠지질 않음 보면 좀 답답 ㅋㅋ,0,2025-04-03T01:19:01Z
@Everstras,진짜 대단하시네..  멋있어요,0,2025-04-02T23:15:52Z
@손지훈-n5i,평생 말랐어서 살이 찌더라도 난 쉽게 잘뺄거야라는 무모한 자신감이 있었어요 30살이 넘으니 살이 20kg이상이 쪘는데ㅜ진짜 보통의지아니면 살빼는게 진짜 힘듭니다 매번 음식조절에서 무너집니다 진심으로 대단하십니다^^,0,2025-04-02T22:25:28Z
@Gozang,진짜 리스펙트!!!,0,2025-04-02T19:34:38Z
@007mwr,존경을 표합니다 대단하시네요 정말,0,2025-04-02T17:18:15Z
@히림-e7q,18,0,2025-04-02T17:08:12Z
@5.57만전자,충격적인건 76도 비만이어서 20은 더 빼야 됨. 근데도 또 더 충격인건 그것조차 마른건 아님 ㄷㄷ,0,2025-04-02T16:32:07Z
@맹꽁이-e3h,어? 확률 높은 복권 같은데??좀더 노력하면 인생달라지실듯,0,2025-04-02T16:11:59Z
@주민박-q1b,지금 엄청 좋은데요??,0,2025-04-02T14:58:33Z
@koreanazareneuniversity,와 대단하십니다 멋져요,0,2025-04-02T14:34:21Z
@소갈비살-z1u,116은 개빡이긴하네,0,2025-04-02T13:57:46Z
@프라다-o9m,어차피 다시 116kg갈껀데,0,2025-04-02T13:50:39Z
@Nudougie,육덕 좋다,1,2025-04-02T13:09:30Z
@앙기모찌-x3v,오우..,0,2025-04-02T11:05:37Z
@파도-r2b,와와와 이게 가능한거군,0,2025-04-02T10:20:35Z
@Pp0peyes,그래 여자는 딱76이좋아,0,2025-04-02T09:49:30Z
@송주영-n5w,"빼는 것도 정말 힘들지만, 유지하는게 더 힘들다고 생각합니다. 꾸준히 하셔서 계속 아름다운 모습 유지하시길 바라겠습니다~",0,2025-04-02T08:35:54Z
@차차코,죄송한데 얼굴이 뚱뚱해 보이네요 드라마틱하지가 않네요...판 자체가 그냥 나 뚱뚱이다 그런 느낌,0,2025-04-02T07:04:14Z
@najaepo,"116까지 갔을때는 어떤 정신적문제가 있어서 폭식을 했을텐데, 그걸 극복하고 다이어트를 성공하다니, 정신적으로 보통 강한 사람이 아니군요.",0,2025-04-02T06:35:22Z
@mountain_field_wind,진짜 개쩐다,0,2025-04-02T06:13:39Z
@sungyungkim2276,근성 지리누,0,2025-04-02T06:05:26Z
@GoopiaX,"멋지다, 심민덕!",0,2025-04-02T05:36:38Z
@user-ln6xo4zy6s,ㅈ같은 입술모양은 하지 말아주세요,4,2025-04-02T02:46:43Z
@킴울란,90프로  요요온다,0,2025-04-02T00:54:18Z
@BJCottonSwab,정말 수고하셨습니다,0,2025-04-01T23:00:35Z
@coline6408,76도 이미 엄청예쁘신데 ㄷㄷ,0,2025-04-01T22:30:09Z
@요네v12,대단해요 쉽지않을텐데.,0,2025-04-01T20:00:24Z
@소금물마시멜로,진짜 사람됬네 ... 저걸해내네,0,2025-04-01T17:40:00Z
@START-405,와 용형이네,0,2025-04-01T16:36:37Z
@user-wj6ml7bj2w,오우 40 ㅎㄷㄷ,0,2025-04-01T14:54:26Z
@둡둡-d8u,건강을 위해 잘한듯,0,2025-04-01T13:47:20Z
@나는나는야옹씌,얼마나 걸리셨나용ㅇ,0,2025-04-01T13:11:16Z
@Pepe-i4s,존경스럽습니다 화이팅하시길 잘하고 있어요,0,2025-04-01T11:00:07Z
@woonmong,진짜 대단하세요............. 저도 꼭 성공해보게씀다,0,2025-04-01T10:58:53Z
@마산슈퍼개미,미쳤네,0,2025-04-01T10:29:09Z
@dd3_d2ds5f,바다코끼리에서 바다표범정도?,0,2025-04-01T10:18:31Z
@steekyicky,70키로대 존나 예쁜데,0,2025-04-01T09:17:29Z
@johnkim1489,엄청 열심히 한게 보인다. 리스펙👍,0,2025-04-01T08:36:18Z
@현이-p4m,야 왜 요즘 활동 안하냐? 요요 왔냐?,1,2025-04-01T08:00:02Z
@야음동발발이,선생님 키토제닉 한번 해보세요 저또한 비만이었는데 키토제닉 시작하고 배고픔없이 건강하게 체중감량 성공했습니다 화이팅입니다,0,2025-04-01T07:45:42Z
@Midas_321,와…. 뭉텅뭉텅 없어지메요,0,2025-04-01T07:28:57Z
@peterdaelee2172,respect!!,0,2025-04-01T07:17:49Z
@refresh4545,"고생하셨어요 앞으로 더 쭉쭉 전진만 하시길~
엄지윤님 폼 미쳤다~!",0,2025-04-01T07:04:17Z
@seungwoocheon6347,화이팅입니다!!,0,2025-04-01T06:45:58Z
@ongs6360,이야~~~~ 진짜 멋지세요!! 화이팅,0,2025-04-01T06:20:46Z
@SJW9606,"축하드립니다. 저도 지금 살 빼고 있는데
자극 되네요.
목표 지점이 어느정도인지는 모르겠으나 화이팅입니다!",0,2025-04-01T04:51:37Z
@sjanglaemfdjdy6125,얼굴도 같이 작아졌나여 🥺🥺 머리통이나,0,2025-04-01T04:48:44Z
@김철수철수-x6e,와 ㅁㅊ... 116에서 한번에 76 갈때 충격이 아직도 가시질 않습니다;;,0,2025-04-01T04:44:45Z
@money_is_everything3321,반전 없음,0,2025-04-01T03:21:35Z
@iddqd69,"보통 힘든 게 아니셨을텐데, 대단하세요. 부디 요요 없이 유지하시길 바라겠습니다. 건강하세요.",0,2025-04-01T01:43:07Z
@유원선-j7u,속이시원하네 아주,0,2025-04-01T00:32:08Z
@bokfish,와~~~~~~의지가 대단하십니다. 점점 미인으로!!!,0,2025-03-31T23:51:48Z
@했다치자,"와... 40킬로 쉽지않을텐데....... 리스펙합니다...
반성하고갑니다 .....ㅠ,.ㅠ",0,2025-03-31T23:40:05Z
@leetaemin118,사람이 달라졌네 개이쁘네,0,2025-03-31T23:32:33Z
@부소남,자 다음 복권와주세요~,0,2025-03-31T23:15:12Z
@노평례-c9m,유전자 대단하십니다 살 더 빼지 마시고 투기류 종목 하나 해보는거 어떠신지요,0,2025-03-31T22:04:46Z
@user-14883,확실한건 가슴사이즈가 타고나셔서 진짜 복권일듯,0,2025-03-31T22:01:24Z
@H_yun-n9m,웩,0,2025-03-31T21:24:54Z
@BBo-Ra,근데 살 엄청 쳐져서 늘어졌을텐데 그건 어떡하시게요?,0,2025-03-31T21:12:15Z
@A_Aii324,이분 그냥 복권인데 이런분은 그냥 옆에서 헬스 트레이너가 붙어서 매일같이 호랑이 교육 시켜야함 이목구비가 이런데 이걸 안해?!,0,2025-03-31T19:54:56Z
@kevc2148,그래 하면 할수있잖아,0,2025-03-31T18:31:49Z
@따조-l9n,와 로또당첨 수준이 아니라 유로밀리언 당첨수준이네요 저도 다이어트 중인데 진짜 대단하신거 같아요,0,2025-03-31T18:03:58Z
@유유-w9x,빼든 안빼든,0,2025-03-31T15:48:50Z
@이동건-q9c1s,멋지다,0,2025-03-31T14:44:48Z
@여름-m3x,행복하고 건강하시길 ^^,0,2025-03-31T14:28:33Z
@이루-z6y,원래도 귀염상이시네,0,2025-03-31T14:11:52Z
@기업계정,"이야 진짜 멋지다 이게 보통 쉬운게 아닌데 진짜 대단하다;; 진짜 이쁘다 못생겼다를 떠나서 진짜 잘선택했고
심지어 포기 하지 않고 자기를 사랑해서 열심히 노력하는게 멋지다 앞으로도 건강하게 맛있는거 많이 드세요!",2,2025-03-31T13:55:23Z
@000-u2j4i,와,0,2025-03-31T13:48:33Z
@rurhdsjka19263,츄 닮으셨어요,0,2025-03-31T13:44:41Z
@quul8518,추가로 이미 하고 계시는지 모르겠지만 18/6 간헐적 단식해보세요. 이제 호르몬은 안정되었겠으니 공복 때 지방을 에너지원으로 쓰는 체질로 바꾸는 방법이랍니다. 저도 가족력이 살이 금방 찌는 체질이라 이거라도 해야 덜 스트레스 받고 식단에 덜 구애 받더라구요.,0,2025-03-31T13:34:49Z
@oguri8,뚱뚱했던 여자들이 다이어트하면 무서운게 뚱뚱했을 땐 외모지상주의를 혐오하다가 살빼고 난뒤엔 누구보다 사람을 외모와 몸으로만 평가하는 사람이 됨..,1,2025-03-31T13:09:46Z
@Vigilante6439,살빠지면 여성평등권익투쟁이 물거품이 되는건데....,1,2025-03-31T12:39:50Z
@이동훈-x9p,근황 궁금하네요!!!,0,2025-03-31T12:39:46Z
@문세홍-b5z,다른게없는데,1,2025-03-31T11:23:28Z
@quul8518,초고비만은 식욕 뿐만 아니라 인슐린 등 호르몬이 망가져 있기 때문에 다이어트가 정말 힘드셨을텐데 고생하셨내요.,0,2025-03-31T11:22:10Z
@kangyoo8352,노력과 인내가 찬란하고 아름답네요.,0,2025-03-31T11:10:56Z
@iveonme,와 가슴,0,2025-03-31T10:58:36Z
@심심콘,가슴은 두고 다른지방만빠졌네 ㄷㄷ,1,2025-03-31T10:52:24Z
@weufeiei5486,저기서 30은 더 뺴야 ㅋㅋㅋㅋ함 ㅋㅋㅋㅋㅋㅋㅋㅋㅋㅋㅋㅋㅋㅋㅋㅋㅋㅋㅋㅋㅋㅋㅋㅋㅋㅋㅋㅋㅋㅋㅋㅋㅋㅋㅋㅋㅋㅋㅋㅋㅋㅋㅋㅋㅋㅋㅋㅋㅋㅋㅋㅋㅋㅋㅋㅋ,0,2025-03-31T10:51:49Z
@먹고마시자,이것이 자존감이며 페미다,1,2025-03-31T10:40:04Z
@door1184,노력에  박수 최고입니다,0,2025-03-31T09:57:02Z
@seanson6401,다이어트가 최고의 성형!!!,0,2025-03-31T08:16:22Z
@김수길-w1z,겁나이뻐졌네ㅋㅋ😊,0,2025-03-31T08:06:21Z
@KhjKst412,"진짜 고생 많으셨어요 대단해요~~
저도 열심히 다욧 해야겠어요ㅎㅎ
다이어터들 모두 화이팅 😊",0,2025-03-31T06:52:30Z
@지리는애,진짜 공강합니다 145키로에서 지금 95키로인데 삶이달라졌어요 계속운동중입니다 저도!,0,2025-03-31T06:50:54Z
@shk7484,20키로만 더 빼면 완전 대박일듯,0,2025-03-31T06:50:38Z
@이재민-l9r,"1넌동안 업데이트가없는걸봐선 요요가 왔나보네요
운동은 평생하는것. 화이팅입니다",0,2025-03-31T06:21:39Z
@왕딱딱이,20키로더빼면 고백할게❤,0,2025-03-31T05:45:07Z
@jinhwankwon7643,대단하심❤,0,2025-03-31T03:09:13Z
@GG-jl5tm,요요,0,2025-03-31T02:06:47Z
@후니후니-o8b,와 유방 엄청 크시네요,0,2025-03-31T01:55:36Z
@leedooyoung1,이런걸 바로 긁지 않은 복권이라 하는거군!,1,2025-03-31T01:35:07Z
@신축상가건물주,40킬로 더뺍시다....퐈이팅,0,2025-03-31T01:17:59Z
@마시가좋다,현재도 아이어트 중이시가요•?,0,2025-03-30T20:41:21Z
@Iastking8,확실히 안경때문임,0,2025-03-30T20:38:30Z
@Boogi2525,끈기 대단해요,0,2025-03-30T18:56:51Z
@구급법,ㅅㅂ 니가 걔가 아니잖아 왜 지방이쳤는데 이딴게 나오지?,0,2025-03-30T17:20:45Z
@amakuchinihonsyu,저랑 사귈래요?,0,2025-03-30T15:35:36Z
@minscarub,굿굿 이제 60가즈아❤,1,2025-03-30T15:19:31Z
@귀가르즘,부러워요,0,2025-03-30T15:18:55Z
@dreamer3762,와 엄청 노력하셨네요! 멋져요,0,2025-03-30T14:55:55Z
@kingsuk7630,복권이네요 축하드려요 앞으로 화이팅입니다,0,2025-03-30T14:43:04Z
@덕배-u1r,"ㄹㅇ 강금옥쭈꾸미에서 찍은 사진은
ㄹㅇ 쭈꾸미 그 자체네 레전드네",1,2025-03-30T14:27:28Z
@오정재-b3t,"일단 축하드립니다
계속 추진해 주셔서 다른 사람들의 목표가 되어 주세요 ㅎ",0,2025-03-30T14:18:24Z
@120다이아용사,왜 살은 빠지는데 가슴은 살이 안빠지나요??,0,2025-03-30T14:10:06Z
@-Onion_ring,ㅋㅋ76이 끝이에요..?40뺀거 축하드리는데 76.....으...,0,2025-03-30T14:05:31Z
@kai-d1q9m,남성보다 여성이 다이어트시 더 불리한데 그야말로 인간 승리 입니다. .대단하다는 말밖에 안나와요,0,2025-03-30T14:00:58Z
@jojimoljojlmol4113,좋노 저랑 사귑시다,0,2025-03-30T13:27:06Z
@후리스탈,더이상 안빠지는건 뼈 크기 때문이래여,0,2025-03-30T13:14:31Z
@111-m4y8n,기본적으로 미인이시라 76kg 이신데 50kg대로 보이셔요. 심지어 피부도 타고나신듯 늘어진게 안보이네요,0,2025-03-30T12:51:04Z
@hioaoa,"살뺀건 수고했고 의지 대단한건 맞는데
복권 ㅇㅈㄹㅋㅋㅋㅋㅋ",1,2025-03-30T12:48:18Z
@김용석-c6e,"복권이였구나.
내가 긁을걸 아쉽구아",0,2025-03-30T12:43:18Z
@MyoungSungLee,인간승리다,0,2025-03-30T12:32:58Z
@zzz04864,꾸러기표정 증말 열받네요,0,2025-03-30T11:31:40Z
@옥타곤-r3e,당신의 의지에 박수를!,0,2025-03-30T10:27:35Z
@구리구리날로널로,빼면 머함? 다시 몇달후나 1년후에 귀신같이 110kg 될텐데 여자가 몸에 어떤짓을 하면 110kg 가됨?,1,2025-03-30T10:21:58Z
@blackJM,저도 지금 118kg인데 기운받아서 다이어트 열심히 해보겠습니다!!,0,2025-03-30T09:57:25Z
@전리품사냥꾼의낙원,"운동으로 76키로 나가는거면 운동 안한 여성의 60키로랑 비슷한 체형이라 보면됨
지방보다 근육량이 많아서 같은 체형이여도 몸무게 10키로 더 많이 나감",0,2025-03-30T09:00:26Z
@cloudaje,복권을 더 긁어야할듯....,0,2025-03-30T08:54:07Z
@faintcorona1726,헐 그래도 76킬로냐?,0,2025-03-30T08:14:24Z
@감귤-o8n,이런 복권이면 운동할맛 진짜 나겠다,0,2025-03-30T08:13:39Z
@황금만두-s2y,진짜 멋잇다,0,2025-03-30T07:58:45Z
@haha-yh7df,꾸웨웱,1,2025-03-30T07:54:02Z
@oramicho,대단 합니다. 이 분은 뭘 해도 열심히 잘할 거라고 생각되요,0,2025-03-30T07:48:49Z
@빨치산-j8z,전 남잔데 120대에서 70~80까지 왔다갔다만 5번은 한듯..솔직히 빼는건 이제 결심하고 초반 적응만하면 어렵진않은데 유지가 쥰내 힘듬...,0,2025-03-30T06:46:29Z
@samdori,의지박약 인간으로서 진짜 존경스럽다,0,2025-03-30T06:26:35Z
@jazzy9458,원판보니까 어차피 요요로 다시 돌아올듯 ㅋ,1,2025-03-30T06:10:42Z
@user-YeDaSong,예뻐요❤,0,2025-03-30T05:40:39Z
@멜랑메롱,대단한거야 대단해,0,2025-03-30T05:35:24Z
@이미규-w3l,의지가 대단하다고밖에... 엄청나네,0,2025-03-30T05:33:43Z
@ItgirlTown,66만 빼면됨,0,2025-03-30T05:09:23Z
@향기소리-d3f,"진짜 노력하는 모습 너무 아름답습니다❤
응원드립니다❤❤",0,2025-03-30T05:03:39Z
@허허-o7f,와 사람 하나 땠네요. 축하드립니다.,0,2025-03-30T04:33:59Z
@sionvi,"인간승리네 요요 없이 꼭 건강 유지해서 행복하길.
이런 영상은 많은 사람들한테 좋은 영향력을 끼치니까
이분도 좋은 일이 많아져야함",2,2025-03-30T04:25:46Z
@이영준-d6q,고생 하셨습니다.,0,2025-03-30T03:52:25Z
@Kevin-v4u,뺐는데도 글래머네,1,2025-03-30T03:06:50Z
@라치오-h3n,"76도 
꿀",0,2025-03-30T03:05:09Z
@식빵-x6z,예쁘다,0,2025-03-30T02:44:34Z
@한방인생은-w3d,지금은 어째 됐는지 궁금하네 의지 개 ㅆㅅㅌㅊ,0,2025-03-30T01:04:01Z
@Honeyfamily0423,"살빼니 이쁘네 
더 빼면 진짜 이뻐짌실듯",0,2025-03-30T01:01:51Z
@KS-ci9cu,메갈이세요?,0,2025-03-29T23:28:50Z
@Ansah2377,와.. 어케햇누 ㄷㄷ,0,2025-03-29T20:07:57Z
@havenkim7254,더 예뻐지시길,0,2025-03-29T18:11:45Z
@스으윽-o2b,10키로만 더빼면 되겠다,0,2025-03-29T17:34:03Z
@감기는낳았니,알고리즘 탔는데 지금은 어떤가요?,0,2025-03-29T17:16:50Z
@붹뽝-l3j,더빼 더빼서 진짜 와~~~~~~~~~이쁘다 소리 들어 진짜 화이팅,0,2025-03-29T17:04:08Z
@Anonymous95-r0k,"와 쭈쭈 개크다.
눈나 이뻐요",0,2025-03-29T15:09:23Z
@Off-White.,지금도 충분히  인간승리다 진짜 노력은 배신 안하는거임,0,2025-03-29T14:27:15Z
@운동칠,이제 천천히 몇년 걸쳐서 한 20키로만 더 빼시면 될듯 리스펙,1,2025-03-29T13:35:41Z
@loveandjusticethatisthebeauty,아... 나 지금 115에서 75까지 빼야 하는데... ㅠㅠ,0,2025-03-29T11:45:13Z
@도도주태,박수박수박수박수박수,1,2025-03-29T11:19:30Z
@권혁동-f9e,와 멋지십니다,0,2025-03-29T11:18:23Z
@n.e.m.0,"오나미같은 저주받은 이목구비가 아니고서는 다이어트하면 왠만하면 다 훈남 훈녀 된다.
적당히 다이어트 하자.
형도 다이어트하면 차동우 정도 돼.",0,2025-03-29T10:39:31Z
@toptop9028,아직한참모자람ㅋㅋ,0,2025-03-29T10:33:41Z
@ptryijemyung12,진짜 인정. 마를땐 왜 살찌지? 걍 빼면 되는거 아녀? 했었는데 막상 찌니깐 빼기 개힘들더라.,0,2025-03-29T10:10:31Z
@simsimhungry,76 쥰내 이쁘네 ㄷㄷ,0,2025-03-29T09:33:25Z
@윤용운-i8n,20만 더빼자,0,2025-03-29T09:28:01Z
@오상훈-k8w,대단하십니다!! 멋져요,0,2025-03-29T09:10:04Z
@_vlog9067,정말 얼마나 고생하셨을까.. 화이팅입니다~❤,0,2025-03-29T06:37:07Z
@박원빈-q2u,자꾸 노력했다고하는데 116키로 쳐먹을꺼 다쳐먹으면서 세상 프리하게 살았음  살을 더빼야지!!!76이 자랑이니,0,2025-03-29T05:33:00Z
@lhc6882,쭈꾸미 땡기네,0,2025-03-29T04:50:52Z
@문정민-w1l,25년 3월의 끝자락에 보고 있는데 대단 하시네요 저도 현재 다이어트 중이고 4개월동안 23킬로정도 뺐습니다 약 20킬로 정도 더 뺄 예정인데 이제는 6~7개월정도 예정에 두고 있습다 영상 보면서 다시 한번 의지를 불태우고 있습니다. 화이팅 하세요,0,2025-03-29T04:50:39Z
@형준조-q7s,전이 더낫다,0,2025-03-29T01:41:37Z
@빡빡-e4s,노력도 대단하지만 고도비만 되는것도 대단한거임..,0,2025-03-29T00:16:46Z
@AfD6439-z8n,"귀엽상이시네요. 딱 보니 하실 수 있으면 한 15키로만 더 천천히 빼면 좋으실듯..
너무 힘드시면 유지어터 한 몇개월 하다 다시 하시면 좋을듯 해요.",0,2025-03-28T21:36:16Z
@ssierme2775,40키로 감량은 진짜 리스펙이네.. 너무 멋있습니다,0,2025-03-28T21:29:34Z
@eveme0529,수고했습니다 당신의 용기에 박수를 !,0,2025-03-28T21:22:33Z
@fghggffdd,😂😂😂,0,2025-03-28T21:08:45Z
@영민-y5b,와 15kg빼는 것도 힘들었는데 40kg는 진짜 대단함,0,2025-03-28T21:00:12Z
@kkuldak,복권 대박.. 애초에 살쪘을때도 이쁘네요,0,2025-03-28T18:54:43Z
@랄라블라-d3r,살 빼는게 얼마나 힘든데~60키로대만 가도 충분히 아름다우실거니깐 50키로까진 욕심내지 마세요~!,0,2025-03-28T18:31:14Z
@eliseo0426,정말 쌩뚱맞은데.. 이수현 목소리 진짜 좋다.,0,2025-03-28T14:38:36Z
@냉냉이-j2y,그냥 당첨이라고 적혀있네여,0,2025-03-28T13:09:55Z
@서정우-m3l,와 걍 리스펙이다 어케 살빼냐,0,2025-03-28T12:37:02Z
@SlowLife-x5c,이쁘닷~,0,2025-03-28T11:24:38Z
@_ihavelotsofhorses5798,"뚱뚱해도 예뻐~ 이런 생각 쳐 버리고 영상 속 분 보시고 다이어트 하세요. 살 빠지면 예뻐지고, 몸도 가벼워 지고, 자신감도 생기고, 세상 살기 좋아집니다.",0,2025-03-28T10:19:34Z
@Ho-kg8ub,여자 110키로는 남자 110키로랑 진짜 다르긴하네..,0,2025-03-28T09:40:31Z
@개븅신-y8r,저런거 다~~ 구라임 한번 늘어진 풍선은 끝인겨!!!!!!!!,1,2025-03-28T07:50:46Z
@오피셜트럼프,살만 뺏는데 어케 저렇게 되지... 안긁은 복권이네 완전...,0,2025-03-28T06:53:27Z
@JHan-me7rq,뚱뚱이었을때도 귀엽긴함,0,2025-03-28T06:50:46Z
@hyobinlee2939,키가 어떻게 되나요?,0,2025-03-28T06:06:10Z
@thsong4057,근황 없나여?,0,2025-03-28T05:50:45Z
@김애플-f1x,멋있다 🎉,0,2025-03-28T05:30:37Z
@wowssiba2743,"저정도 고도비만이 살빼면 살 다처지고 그러지 않아?? 
벗으면 흘러내리고??",1,2025-03-28T04:46:22Z
@허곰돌-g6x,와우❤,0,2025-03-28T03:51:56Z
@모과모과,굿 당신의 도전력! 끈기! 리스펙트!!!!!,0,2025-03-28T03:51:56Z
@뱅간-z7j,환골탈태,0,2025-03-28T01:58:39Z
@코코돌이,살빼면 인생이 달라진다 진짜로,0,2025-03-28T01:34:26Z
@LetItBeKKarma,진짜 이 분 뭘 하셔도 해내실 분❤,117,2025-03-28T00:03:57Z
@아포포포,예쁘다 민덕쨩,2,2025-03-27T23:17:20Z
@링링-g8q,인간승리네요 진짜 대단하세요 76에서 더 안 빼도 될듯 한데요 ?? 요요만 안 오게 하면 되지 싶은데 멋쪄요,0,2025-03-27T16:56:41Z
@MonsterFilmCo,정말 대단하시네요 저도 기운받아서 운동 하러갑니다,0,2025-03-27T16:42:12Z
@우현1444,최근 댓글 보니깐 안경쓴 돼지 손까락 들이 뭐가 달라진거노? 이런 비슷한 댓글이 있던데 무시 하시고 잘하고 계십니다 쭉 가주세요,0,2025-03-27T13:36:33Z
@dubaquinomad,우와!!,0,2025-03-27T11:41:10Z
@왕왕이-r5t,건강이 안좋아져서 언니랑 비슷한 몸무게에서 시작해서 30키로 좀 덜되게 뺏어요... 1년전 영상이지만 지치지 않고 열심히 할 동기부여가 돼요🥹 건강한 몸 되찾을 그날까지 화이팅!,0,2025-03-27T11:20:07Z
@댕댕이스토리TV,축하드려요,0,2025-03-27T08:37:22Z
@MGM메이꽁메이,좀그민처먹어라,1,2025-03-27T08:12:20Z
@꽃길만-o2w,멋있네요!!,0,2025-03-27T07:58:37Z
@JPKR0725,40kg 감량... 진짜 대단하다고생각합니다.,0,2025-03-27T07:28:24Z
@ddrskim2043,ㅈㄴ멋잇네,0,2025-03-27T05:58:11Z
@user-wp8dn1dv9e,많이 빼셨네요. 근데 중간에 늘어진 살은 조금 수술로 제거하시는게 좋을거에요. 안그러면 늘어진 살 무게로 더이상 안빠져요.,0,2025-03-27T04:23:29Z
@Jihoouuuni,와 대단해요 응원합니다,0,2025-03-27T03:12:49Z
@예예헬린,살빠지니 얼굴에서 츄가 보이는듯,0,2025-03-26T23:42:38Z
@CH-yd5bp,"116키로까지 찐것도 대단하고
40키로 감량한것도 대단..",0,2025-03-26T15:10:40Z
@fact-w4s,20kg만 더 빼시면 제가 사귀어 드릴게요,0,2025-03-26T14:15:36Z
@seungsunpark,굉장히 미인이셨네요. 긁지 않은 복권정도가 아니라 아직 캐지 않은 금광이구먼.,0,2025-03-26T13:52:39Z
@Mugmugkage,자신을 이겼으니 뭐든 이겨낼 수 있을 겁니다!,0,2025-03-26T13:10:51Z
@TJ-qo8io,딱 16키로만 더빼쟈!!!!,0,2025-03-26T12:38:24Z
@morranga8594,진짜 살빼는게 최고의 성형이다. 뚱뚱하면 예쁘고 잘생길 수가 없음,0,2025-03-26T12:06:50Z
@Usjp-e9w,살찌는건 어떻게 해야되는거냐.. 반대 입장도 ㅁ들어,0,2025-03-26T11:31:30Z
@Jink1216,정말 대단하십니다!! 세상에 이렇게까지 빼실려고 얼마나 많은 노력을 하셨을까요~ 저는 운동이랑 식이조절 하기 힘들어서 모로페린먹고 다이어트 했어요~ 먹고 싶은 음식 다 먹을 수 있어서 너무 좋아요~,268,2025-03-26T11:17:21Z
@กลิ่นเท้าแมว,아직도 하구있나요? 화이팅이요~~,0,2025-03-26T08:24:14Z
@lIllllIIOlllIIllll,이미 심연에 빠진사람들은 또 심연속으로 들어간다죠.,0,2025-03-26T08:18:04Z
@부릉가-b1h,대단한듯,0,2025-03-26T07:33:18Z
@BERT6666-p4j,고생하셨네요,0,2025-03-26T06:01:59Z
@jung4191,멋져요❤,0,2025-03-26T04:11:47Z
@일이삼사오-s7v,어떻게 116키로까지 찔수가 있지?????,0,2025-03-26T03:04:05Z
@bsh1240,59.999까지. 자전거로 FTP 3.0넘게 파워를 올리면 더 쉬울 수 있습니다. 멋진 노력이네요.,0,2025-03-26T02:26:53Z
@pc59785151,멋집니다!!!,0,2025-03-26T01:41:07Z
@zxcvb1235,고생 많았습니다,0,2025-03-26T01:23:51Z
@user-ddudduddu0,그 와중에 바스트는 거의 유지되는게 개부럽네ㅠ,0,2025-03-26T00:16:54Z
@뭍치말아,1년 전이네요. 아직 포기않고 빼고 계시다고 믿을게요,0,2025-03-26T00:03:03Z
@흰구름-v1h,"대단해요
응원합니다",0,2025-03-25T17:21:03Z
@rkfka0928,개이쁘다😊1,0,2025-03-25T15:39:00Z
@kyeon3023,짝짝짝,0,2025-03-25T14:44:56Z
@user-fh5ug1xv6o,넌 더할수있다 대단하다,0,2025-03-25T14:25:09Z
@blackvanta7281,진짜 대단하다,0,2025-03-25T14:15:20Z
@hardrunner1172,아웅~~~이뻐,0,2025-03-25T12:20:09Z
@xx-jo4du,멋있다,0,2025-03-25T10:03:03Z
@Hadigreece,와우… 이쁨,0,2025-03-25T08:39:43Z
@썰퇴근,저렇게까지 찌는것도 쉽지않은데 그것도 대단하고 뺀것도 대단하네,0,2025-03-25T08:04:58Z
@이쑤시개-k7w,"노력도 많이 하셨지만
확실히 지방 많은 분들은 조금만 노력해도 살이 쭉쭉 빠지네요
저도 90에 시작 해서 현재 75 입니다
최종 목표는 70 입니다
우리 모두 원하는 몸무게 까지 화이팅 하자구요",0,2025-03-25T07:46:51Z
@최적화-v1b,당신의 도전과 열정을 응원합니다!,0,2025-03-25T06:28:40Z
@homin759,화이팅입니다,0,2025-03-25T01:58:04Z
@Jenny-m6o8d,와~ 정말 대단하시네요! 전 기초대사량이 높으면 살이 잘 빠진대서 홈트하면서 모로페린 챙겨먹고 있는데여.. 자극받아서 더 열씨미 해볼게요!!,2020,2025-03-25T01:56:33Z
@FoundYouBreathing,살 빼니까 츄 닮아가네요,0,2025-03-24T23:34:16Z
@-mugilover,진짜 존경..,0,2025-03-24T23:02:22Z
@kg9240,대단합니다🎉,0,2025-03-24T16:34:13Z
@연두바람,멋있어요! 저도 자극받고 가요!,0,2025-03-24T13:59:22Z
@Jj-wg8kx,와 진짜 멋져유,0,2025-03-24T12:34:50Z
@KRsseds,더빼셔야할듯,0,2025-03-24T09:47:22Z
@김똥꼬-d3k,🎉🎉🎉,0,2025-03-24T06:21:54Z
@vamosk9965,20kg 더 빼면 외적인것보다 훨씬 건강하게 !! 와 의지가 대단합니다.,0,2025-03-24T02:17:40Z
@훈나미,대단한 의지시네요. 너무 멋집니다!!,0,2025-03-23T23:30:47Z
@jujuju-hn5iz,응 더빼,0,2025-03-23T19:21:51Z
@sais_ran,respect,0,2025-03-23T17:52:00Z
@SHJ-j3k,76이라는 몸도 60킬로대초중반같음 리스펙,0,2025-03-23T16:02:01Z
@lukeshaw2,대단하시네요,0,2025-03-23T14:51:57Z
@jw.p4015,와 박수.....고생하셧음..,0,2025-03-23T14:08:04Z
@남선미-w6u,거울샷 너무 이쁘세요! 그전도 이쁘셨지만 살빼고 더 이뻐지셨네요❤ 다이어트 화이팅 하세용😊,0,2025-03-23T13:50:15Z
@bluemoon5941,축하드립니다 감량,0,2025-03-23T12:30:19Z
@즐거운이사생활뉴친구,이쁜얼굴임,0,2025-03-23T11:43:06Z
@kwy7228,세상을 탓하기보다 자신을 개선하는모습 너무 아름답습니다.,0,2025-03-23T04:48:13Z
@anonymousassassin,뭐라하는 애들은 여자면서 80kg 이상인데 뺄 생각 없는 애들이에요 무시 ㄱㄱ,0,2025-03-23T03:14:23Z
@stomldh,최고의 성형은 다이어트...저도 분발하렵니다!,0,2025-03-22T15:10:19Z
@evedaysun,"아 너무 재밌다….
피식대학 오랜만에 너무 몰입해서 봄 ㅋㅋㅋㅋㅋㅋㅋㅋㅋㅋㅋㅋㅋ",0,2025-03-22T13:58:53Z
@jkkk6691,머가 바뀜???,0,2025-03-22T13:36:21Z
@damasmydreamcar,뭐가 달라진거냐,0,2025-03-22T11:47:29Z
@안녕하세요오옷,그냥 미드가 크신거였어 ㄷ,0,2025-03-22T11:36:14Z
@그녀-w6l,체중을 좀 줄이니까 확실히 건강해지고 운동도 하고싶어지고 모든일에 의욕이 생깁니다,0,2025-03-22T10:57:47Z
@elodie-z8d,정말 대단하세요 전 이것저것 다 해보다가 친구 추천으로 모로페린 먹으면서 운동 중이거든요 확실히 식단 집착 안 하고 운동하면서 보조제 먹으니까 꾸준히 할 수 있게 되고 스트레스도 안 받아요 다들 제발 건강하게 다이어트하세요..,11629,2025-03-22T09:59:36Z
@레몬캣-l5s,기본 이목구비가 되게 예뻐요~~40키로 감량 너무 멋집니다!!!,0,2025-03-22T09:27:31Z
@저스트두잇젝,20키로더빼야....,0,2025-03-22T06:22:56Z
@c2ky,50키로 뺏다가 다시 원복된 경험이있습니다. 식단이랑 운동은 평생 안고 가세요 화이팅,0,2025-03-21T22:19:08Z
@ohjinmyoung7350,화이팅. 우리나라사람들은 인슐린을 적게 생성해서 조심해야함,0,2025-03-21T20:46:29Z
@텔레토비-j5q,40을빼도 76 ㅋㅋㅋㅋㅋㅋㅋㅋㅋㅋㅋㅋ,0,2025-03-21T18:31:35Z
@김연재-p2w,멋지세요 화이팅,0,2025-03-21T13:51:00Z
@서포터-q9r,당뇨 고지혈증 등등... 온갖 질환에서 해방되셨네요 굳,2,2025-03-21T12:23:40Z
@gugu1123,미드는 별로 안빠진거 부럽다....😂,0,2025-03-21T10:09:30Z
@handlebreak,화이팅하십쇼 의지 멋져용,0,2025-03-21T05:10:31Z
@별짱-g2x,"진짜박수 박수를보냅니다
5키로만빼고싶은데 의지가없다ㅜㅜ
세상에는 맛잇는게 너무많아ㅜㅜ",0,2025-03-21T02:18:58Z
@김영-s1p,여자 116키로는 하늘에서 내린 재능임;; 남자도 찍기 쉽지않음,8,2025-03-21T02:17:06Z
@미제드론,얼마나 참고 노력을 하셨을지 그래도 얼마나 보기 좋은지 축하드립니다,0,2025-03-21T01:14:59Z
@가자-t2l3p,와우 여자사람 한명이 빠져 나갔네요 고지가 눈 앞이니 화이팅!,0,2025-03-21T00:38:45Z
@1P.perday,죄송하게도 직설적인 표현이지만 너무 섹시하세요....,1,2025-03-20T23:39:06Z
@김도롱-z1s,최근 근황좀 올려주세요!!,0,2025-03-20T21:21:34Z
@francoinyourmind,대단한 노력입니다 굿,0,2025-03-20T19:06:47Z
@심형아-c1d,언니 입술이 진짜 이쁘네요 도톰한 입술 너무 부러워!!,0,2025-03-20T14:35:16Z
@shanetogukawa6890,인간승리다 이건 리스펙해줘야함 그리고 이쁘네,0,2025-03-20T14:15:25Z
@blackyo9254,사랑받고싶어서 뺀걸 칭찬까지 받아싸 ㅋ,0,2025-03-20T12:50:02Z
@Kkk-h7t,40kg를 빼는 근성이라니..미쳤네요 진짜 ㄷㅡ,0,2025-03-20T12:05:31Z
@Eujqka,성취감이 장난 아닐듯.  이 정도 다이어트는 연고대 가는 수준의 노력감,0,2025-03-20T11:37:58Z
@gimunlee3202,대단하십니다진짜..ㅠㅠ존경존경,0,2025-03-20T11:35:36Z
@Elconocimiento.,백퍼요요옴 저몸땡인 이미호르몬이랑 혈관이작살나있음,0,2025-03-20T08:34:26Z
@lime2839-x3c,90키로도 좀 넣지... 궁금해짐.,1,2025-03-20T07:21:39Z
@성이-q7f,40 빼도 뚱뚱이네요 ㅋㅋㅋ,0,2025-03-20T06:52:53Z
@shadows035,찐짜 어떻게 정신무장하신건지.. 대단하시네요  정신적으로 너무 힘든거 같아요 다이어트,0,2025-03-20T06:38:07Z
@고재춘-j3w,멋있어요!,0,2025-03-20T06:17:01Z
@MBF-02VV,"최고의 성형은 다이어트라더니
진짜 다른사람이네",0,2025-03-20T05:42:21Z
@Norestem,대단하시네,0,2025-03-19T16:41:12Z
@빵진-d6w,뭘해도 될사람.. 너무대단해요,0,2025-03-19T15:18:24Z
@돌아온컵라면,"운동으로 건강하게 빼시는것 같아 보기 좋네요 
다이어트도 좋지만 건강이 우선인거 아시죠? ㅎㅎ
화이팅입니다!",0,2025-03-19T14:13:16Z
@만능집수리-k3b,똑같은데,0,2025-03-19T13:51:16Z
@산시로-w2b,진짜 대단하다,0,2025-03-19T12:25:11Z
@김진현-u9w,와.. 대단하십시다.  요요현상 안오도록 화이팅 하십시요~ (저도 고도비만임.ㅋㅋㅋ),0,2025-03-19T10:40:41Z
@byeongchangjo3421,"일단 감량 후 
정말 천운을 가지신 분인거같은게 살 빠질건 빠졌는데 미드는 별로 안빠지셨네요. 다른분들 말씀 들어보면 거기만 빠진다는 분도 계시는데 노력+재능인거 같습니다.",0,2025-03-19T10:39:34Z
@엠제이-967,지금도 계속 다이어트중이시죠?,0,2025-03-19T08:03:47Z
@jagasoori,굿굿 베리굿,0,2025-03-19T07:43:59Z
@deepsleepandhealing-fd4gc,"근황유투브
올려주세용 궁금해여",0,2025-03-19T07:27:21Z
@잇올찬,최고의 성형은 역시 다이어트군...,0,2025-03-19T06:34:25Z
@MelodyMy-s1k,존경해요,0,2025-03-19T04:15:03Z
@나이트매어-m8p,나도 담배끊고 20키로 가까이쪘는데 특히 뱃살 미치겠어요 남들보다 의지가 떨어지는듯,0,2025-03-19T02:13:15Z
@돈죠바니,남은 다이어트 성공하고 인생찾으시길...,0,2025-03-19T00:15:21Z
@_s7866,대박..진짜 긁지 않은 복권이었네..,0,2025-03-18T23:00:48Z
@안명의,숨겨둔 보석 이었군요,0,2025-03-18T12:30:19Z
@예자자와,-텍스트 테스트-,0,2025-03-18T08:58:21Z
@asdf-oz9zu,이분 다시 110kg 이라네요,0,2025-03-18T01:52:44Z
@둥둥0,얼굴개작아요 대박 부러워,0,2025-03-17T13:32:28Z
@홍대빠박이,빠지니까 이쁘긴하네 ㅋㅋ 나두 32kg뺐음 2년째 유지하구 있음,0,2025-03-17T01:47:37Z
@쿠우쿠우-x6n,좀만더힘내요 15키로만딱빼고유지어터합시다,0,2025-03-16T15:54:21Z
@임철희-t1e,대단하세요 🎉🎉🎉🎉,0,2025-03-14T19:46:10Z
@cookieeeee04,빠질때 바스트 사이즈 안 줄었나요 ㅜ..,0,2025-03-14T09:01:43Z
@mmskkm,애초에 정상인은 저정도로 살이 안 찜 ㅇㅇ,0,2025-03-13T08:58:12Z
@솔무비,대단해요 👍 👍,0,2025-03-12T02:27:12Z
@hyunaryu2393,어우 존경합니다!!다이어트가 제일 어려워요 ㅠㅠ,0,2025-03-11T06:43:19Z
@즈아즈아,제 눈엔 안빼신게 훨씬 이쁘신데..ㅠㅠ,0,2025-03-10T10:30:44Z
@smarinva,거기서 40kg 뺀거면 50까진 금방이다 좀만 더 참고 빼면 진짜 좋겠다,0,2025-03-07T17:20:42Z
@진-f7n,대단하다 진짜.. 난 몇키로 빼는 것도 안되는데 ㅠ,0,2025-03-07T05:39:39Z
@유나-u8o,"예뻐졌어요. 이목구비 부럽네요.
운동으로 빠진건알지만 
다이어트 비결궁금해요.
식단은 일반식 드셨나요?",0,2025-03-05T12:42:58Z
@xx-nk3ew,쳐진살은..어캄..,0,2025-03-05T12:28:42Z
@goldbaby-u6s,"헐 장난아니다 인간승리시다 
심지어 겁나이뻐졌어",0,2025-03-04T14:07:42Z
@머로하지-y1g,지금은 어떻게 됐나요?,0,2025-03-04T08:35:56Z
@열혈부자-y5g,"훨씬 보기좋긴하다.. 살찔땐 답답해보이는데...

나도 얼른 빼야지...",0,2025-03-04T00:52:40Z
@임혜란-d2n,"어떻게 빼신건가요??
방법좀 알려주세요ㅠㅠ",0,2025-03-03T19:45:39Z
@박성범-s8o,여서 더 빼면 인스타녀 되겠는데 얼굴 몸매 장난없네,0,2025-03-01T09:00:51Z
@얍삐-p8c,진짜 대단하다,0,2025-02-28T09:55:35Z
@김태호-n8f9f,다이어트트 영상은 언제나 ㄱㅊ,0,2025-02-27T13:21:59Z
@원영적사고-k9u,"와 40kg… 진짜 대단하시네요
내장지방은 진짜 유산소 밖에 답이 없는데.. 저는 다이어트할때 군살에 이완열크림 바르고 확실히 몸이 먼저 데워지니까 운동 시작부터 땀이 금방 나고 지방이 더 잘 타는 느낌.

운동이 답이다,,",290,2025-02-27T01:53:35Z
@Gggggooooodddd,"원래도 예쁘지만 더 예뻐지셨어요!!
많이 고생하셨네요..🎉 화이팅이요❤",0,2025-02-26T02:14:45Z
@eug-l4w,발 부종같은어 어찌 하세요 ? 걷기만 해도 발 너무 아픈데ㅠㅠ,0,2025-02-25T02:35:34Z
@전민성-t1q,아니와꾸가,1,2025-02-24T10:43:44Z
@유전무죄무전중죄,건강은 당첨됬네,0,2025-02-21T06:54:28Z
@Kiesday-qo4ko,얼마 안빠졌네요 저는 82킬로 뺐는데,0,2025-02-21T02:11:26Z
@shadow-boxing,옛날이 더 낫네,0,2025-02-19T15:46:13Z
@user0102kai,대단하십니다 ㅎ 근데 여자는 60킬로 안에 안들어 가면 여자로 보일가능성이 적답니다 😊,0,2025-02-18T11:51:30Z
@the_only0324,더 빼,0,2025-02-12T08:17:17Z
@전인수-w2o,진짜 살빼는분들 대단하십니다,1,2025-02-11T12:37:04Z
@작업지휘자,와 와 와!!,2,2025-02-08T07:37:35Z
@알보칠-r5x,15키로 더 빼시요,0,2025-02-07T10:19:59Z
@대동강맥주-j5p,와,1,2025-02-04T11:24:40Z
@박수찬-p3w,가능,0,2025-02-03T00:43:40Z
@kofran3860,이야~ 보통 일 아닌데 장하네요~^^ 젊어서 더 예뻐요ㅎ,1,2025-02-01T10:13:36Z
@김영록-t3j,저도 계속 운동하고 있지만 계속해서 운동하는 꾸준함이 진짜 어려운건데 존경스럽습니다..,2,2025-01-29T13:04:32Z
@nayo-u77,이분 50까지 가면 모델 소리 듣는다..,0,2025-01-27T13:01:41Z
@루리-c3m,부럽다 전 15kg뺐는데 60kg부터는 잘 안빠져요ㅠ,0,2025-01-26T07:51:52Z
@AlphagemO,와 정말 대단하세요. 저도 25키로 빼는데 넉달동안 엄청 고생했는데.. 존경스럽습니다. ㅠㅠ,0,2025-01-25T23:58:57Z
@봉이-h5f,40kg빼면 ㅈㄴ 대단한거 아닌가...? 다들 ㅈㄹ이 심하네,8,2025-01-25T16:30:27Z
@liaaa0011,76...? 분발해라,0,2025-01-25T16:00:47Z
@추남형,40키로 다이어트 비결 알러 주삼,0,2025-01-25T08:42:45Z
@boynextdoor_nokki,진짜 인간 승리네요 ㅜㅜ 저도 통뼈인데 다이어트 하고 있습니다 완전 안긁은 복권이셨네요 ㅜㅜ,1,2025-01-25T06:28:13Z
@도끼자국-b1n,"입술도 살이찌네😂
벌크업의 정석 이수현인데
노래가😂",0,2025-01-24T15:42:45Z
@user-kl5bn7ur2h,귀여우세요 꾸준한게 진짜 힘든데 너무 대단하시네요..😭,0,2025-01-24T12:41:34Z
@마요-1mayo,-40kg는 진짜 힘들텐데...대단해요!!저도 다이어트 하고있어요!!목표는 40kg이고 지금45kg니까5kg빼야하는데..제가 할수 있을지 모르겠지만 민덕 언니 보고 힘낼게요!ㅎㅎ,0,2025-01-23T03:09:42Z
@Taeyongcute6,끈기가 대박…….독기가…,1,2025-01-21T14:22:20Z
@라율-x2e,"안 빠졌을때도 이쁘셨는데 빠지셨을때도
너무 이뻐요 노력 대박 !!",0,2025-01-20T14:21:18Z
@swan_dream,누구세용????ㅎㅎㅎ 너무 이쁘시다 더 빼시면 완전 여신일듯..❤,0,2025-01-20T12:24:03Z
@sonnyceo1252,66키로만 만들어줘 누나,1,2025-01-20T04:09:58Z
@도윤-m5q6b,너무너무 고생 많으셨고..ㅠ진짜 너무 이쁘신 듯..,0,2025-01-19T15:26:11Z
@후우-n5x,그냥 꽝이네,0,2025-01-19T10:45:50Z
@밀밀2,더 빼야될듯 가슴도 더,0,2025-01-18T12:15:31Z
@bumkeykk,살쳐짐은 없으셨나요?,0,2025-01-18T11:37:58Z
@1q2w3e4r-n-p3r,와 40키로 빼는건 대단하네,0,2025-01-17T05:11:05Z
@uhoseo0,다이어트 방법이 너무 궁금합니다,0,2025-01-16T13:30:41Z
@insubjung8413,116일때도 그렇게 뚱뚱해 보이지 않았는뎅 스타일이 좋으시네용 ^^,0,2025-01-16T07:52:08Z
@Chasing_Or_being_Chased,훨 이뻐요ㅠ 열심히 한 보람이 있겠어요ㅠ,0,2025-01-16T03:45:18Z
@레몬꿀차-h3b,와..40키로면 초등학생 한명이 나간거잖아요...ㄷ ㄷ ㄷ 뭐든하실듯,1,2025-01-15T08:38:29Z
@Circle724,와 마지막 꼴려서 한발뺐다,1,2025-01-15T03:37:16Z
@ni_niyeoni_ni,저도 모로오렌지 먹으면서 다이어트 중인데 이 영상 보고 열정 얻고 갑니다🔥,100,2025-01-12T12:38:40Z
@햐하호호씨-g5g,아직도  ....,0,2025-01-12T06:49:56Z
@유찬-l1r,조금만 더 힘내요.,0,2025-01-12T06:41:54Z
@erikajo5616,"보통100킬로 넘으면  다이어트의지  자체가 갖길힘들기때문에
다이어트 하겠다는  의지 자체만으로도  대단한거임
근데 40킬로나  감량하고
계속더하겠다는 의지만 봐도 박수쳐주고 싶다
저정도  감량은 정말오랜시간싸움인데
한국인들 8282성격상 되게 힘든거
암튼 여러모로 대단하다 칭찬박수 해주고싶다",0,2025-01-11T02:38:16Z
@shiny-u3r,위고비 ㄱㄱ,0,2025-01-10T16:26:44Z
@parkprincess0910,아직 더빼고오세요,0,2025-01-08T14:53:52Z
@bnk0420,빼시기전에도 귀염상이셨는데 살빼시니 얼굴에 빛이 나네요❤ 몸매도 좋으셔서 외국언닌줄...,0,2025-01-08T05:56:48Z
@욜로이즈웰,고생하셧네,1,2025-01-07T13:26:02Z
@user-kd4to9dj7i,혹시 처진살 있나요…?,0,2025-01-04T15:42:02Z
@ralphandrew8574,화이팅!!!!,0,2025-01-03T18:49:11Z
@박현태-s9h,진짜 살 찌셨을때도 미인이셨네요,0,2025-01-03T14:30:05Z
@정유진-u8q,와 그래도 팔십 가까이네,0,2025-01-03T11:02:52Z
@박성택-i7t,저스트 두 잇,0,2025-01-02T02:58:58Z
@윤수정-p2z,어떻게뺀거에영,0,2025-01-02T02:32:00Z
@송현주,작년4월58키로였어요.비타민내과에서 살을 빼라고해서 알아보다.허벌라이프를 알고나서 5월1일부터먹고 8월달에 47키로가 되었어요.지금은 유지해요.,0,2025-01-01T18:42:52Z
@user-Holiday,여전히 거유ㄷ,0,2025-01-01T10:07:19Z
@쿠아-i8h,누군가는 말해야한다,1,2025-01-01T08:22:35Z
@송구리-p3v,"당신을 심장폭행 및 과다미인죄로 긴급 체포하겠습니다. 당신은 묵비권을 행사할 수 있으며, 당신이 한 발언은 재판에서 불리하게 사용될 수 있습니다. 당신은 변호인을 선임할 수 있으며, 질문을 받을 때 변호인에게 대신 발언하게 할 수 있습니다. 만약 변호사를 쓸 돈이 없다면, 국선변호인이 선임될 것입니다.",0,2025-01-01T02:49:34Z
@moon-c2h3l,76kg인데도 아직도 뚱뚱해보이고 이쁜척할려는게 열받네요,0,2024-12-30T00:36:17Z
@pantone5117,진짜 존경스럽다...,0,2024-12-28T17:25:00Z
@agokuape6806,대단 !!,0,2024-12-28T07:42:20Z
@서희-w3t,감도 지리겠누 ❤❤,0,2024-12-28T01:06:16Z
@홀씨-m6z,요즘 왜 안올리시나요 정체기든 요요든 뭐든 꾸준히 올려주세요 그거자체로도 본인을 사랑해야 살더뺄수있어요,0,2024-12-26T06:49:43Z
@pookelkel1,와… 어케 뱃살만 빠지나요??,0,2024-12-25T13:39:29Z
@jun-hm9mj,"눈물나네요 
고생했습니다
1년정도는 무게 유지하시고 다시 다이어트 하시는걸 추천드립니다.",0,2024-12-25T06:08:13Z
@Eyes_Candy0828,진짜 막말하는 새끼들 ㅈㄴ 많네 긁어도 꽝이다 ㅇㅈㄹ..ㅋㅋ;; 핵폐기물들이 말만 ㅈㄴ 많아요,1,2024-12-24T05:49:47Z
@wallblack6063,대단하십니다!! 다이어트 응원해요!,0,2024-12-23T12:50:39Z
@hoonsasmr5789,너무이쁘신데요?!,0,2024-12-22T17:18:03Z
@user-fd3zd8be5u,진짜 대단해요! 지금까지의 노력과 앞으로의 목표달성을 위해 많이 응원하겠습니다!,0,2024-12-22T07:37:46Z
@user-kwlpjsy,음…그…힘내세요,0,2024-12-22T05:38:08Z
@최하은-p3u,당신이멋져요,0,2024-12-21T15:19:42Z
@나이스플레이-b7v,멋지네요. 정말 힘들었을텐데 대단합니다,0,2024-12-20T14:56:00Z
@세트원챔러,더빼,0,2024-12-19T06:15:52Z
@김졸려-y9y,30키로 더 갑시다,0,2024-12-18T09:11:56Z
@아바타-n1o,긁어도...,1,2024-12-16T12:19:16Z
@user-ls8tr3mi1i,대단해요!,0,2024-12-14T11:15:40Z
@Sleepy7946-j9g,😊😊😊😊😊,0,2024-12-12T15:25:09Z
@mimi-ro7bh,다시 100키로됏을듯,0,2024-12-12T10:16:19Z
@semoranking,역시 성형중에 최고는 다이어트인듯,1,2024-12-11T17:31:30Z
@_cute1,진짜 멋있다 굿굿,0,2024-12-10T05:13:04Z
@nameless3579-n6p,체중만이 문제는 아닌데,1,2024-12-07T12:11:51Z
@Latest.issues,아니 타고난 몸매가 ㅎㄷㄷ,0,2024-12-07T04:17:44Z
@lilil-c,"185cm 107kg였다가 
34키로 감량으로 187cm 73kg된 사람인데 저보다 예쁘세요 누나:)",0,2024-12-05T22:54:20Z
@foreverbaby7,76인데도 날씬하다 신기하네,0,2024-12-05T14:03:02Z
@고래에고래에-j5w,의지에 박수를!,0,2024-12-05T13:50:14Z
@김수이랏임,복권 꽝나왔노,2,2024-12-05T05:07:28Z
@Yys._,아주 큰 박수👍🏻,0,2024-12-05T02:24:57Z
@cph888,어캐햇데😮,0,2024-12-04T12:18:38Z
@박돌-m9e,원래도 기욤상이었는데 더 귀여워지신듯,0,2024-12-04T09:08:57Z
@구름-b2t,진짜 멋있다 온니❤😊,0,2024-12-03T14:42:13Z
@dexteryoon5278,예쁜거만 믿고 살찌는것들 밉다..,0,2024-12-03T07:52:53Z
@bean684,멋있습니다.,0,2024-12-02T01:11:37Z
@dacima3624,살이 아니라 안경이 문제였어,0,2024-11-29T07:45:35Z
@protectionoflight,20만 더 화이팅,0,2024-11-24T16:52:07Z
@도지수-z3e,5자리맞았다 더 긁자,0,2024-11-22T09:22:21Z
@andyjsk,멋지다,0,2024-11-20T03:11:38Z
@귀요미-q2f,어찌뺐나요ㅡ??,0,2024-11-18T11:46:24Z
@Topsean0619,"원래도 멋도 잘내고 이뻤네여~
목표 이루고 멋지게 사세요^^
근데 지금도 당신은 멋집니다!",0,2024-11-17T03:52:50Z
@korea909,와👍👍👍👍👍,1,2024-11-16T15:20:41Z
@이게나라냐-e5k,이게 머임??ㅎ,0,2024-11-14T16:45:25Z
@Ajha6,외모를 떠나서 진짜 위험하긴했네...단명할뻔,0,2024-11-14T15:40:48Z
@남자김진수-n8v,츄 닮음,0,2024-11-14T08:38:09Z
@최진주-o8m,비결이  무엇인가요,0,2024-11-13T07:10:40Z
@머멁,십ㅋㅋㅋ,0,2024-11-13T06:56:42Z
@loneyAnyu,❤,0,2024-11-13T05:06:56Z
@음음음-b8p,젖 개크네ㅋㅋ 젖소냐,0,2024-11-09T10:10:31Z
@스텔라-u2k,응원합니다 ❤,0,2024-11-07T14:28:46Z
@맙소사-t8e,여자 76키로 정도의 몸매 괜찮은데???,0,2024-11-07T11:55:10Z
@rachelhan4787,화이팅!!!,0,2024-11-05T09:50:49Z
@LiaKim-g3w,정말 대단하고 멋지고 예쁘셔요✨ 앞으로 늘 건강하게 꽃길만 걸으시길 바랄게요💐💐,0,2024-11-03T04:55:00Z
@LLKKKLKK,우와 대단하시네..,0,2024-11-02T04:45:17Z
@잘먹고잘살자-k7z,화이팅!!!!!,0,2024-11-02T04:10:36Z
@OvQ666,얼굴 소멸할 거 같아요 ㄷㄷ,0,2024-10-31T12:44:32Z
@개똥-v5w,어우 너무 멋있다... 나라면 할 수 있었을까 이렇게 끈기 있고 노력하는 사람은 외면도 내면도 너무나도 아름다워요,0,2024-10-31T10:01:59Z
@똥먹으세요,대단하다...,0,2024-10-26T05:49:19Z
@rtweakim3122,"대단하시네요, 보기에는 살이 하나도 안 트고 늘어진 것도 없어 보이는데 비법이 있으시면 알려주세요~!!!!",0,2024-10-25T20:35:32Z
@배정현-s1l,인간승리! 굿입니다!,0,2024-10-24T08:28:19Z
@블레이덗,응원합니다!!,0,2024-10-24T06:02:13Z
@터앙뽀찌,그정도 뺏으면 뭘해도 성공할듯 합니다..이쁜 젊은날에 화이팅요..,0,2024-10-23T13:19:32Z
@변선영-i1i,너무 멋지시다!!!,0,2024-10-23T10:35:24Z
@grelsj1434,"대단하다 
55kg 에서 69키로 70키로 ㅠㅠ 달리규 있습니다 
요요 왔어요 
용기주셔서 감사해욤",0,2024-10-18T15:28:01Z
@songjongon83,탄수화물  안먹으면 잠이 안와요 ㅠㅠ,0,2024-10-18T14:31:10Z
@ironmanmr.3889,"이제 30키로 남았어요 
힘내시고 !!!!
지금 여기서 빼기전에 이쁘네 귀엽네 하는 인간들
다 거짓말 치고있는거니까
믿지 마시구요
80키로만 넘어도 숙덕숙덕 뒷담화 엄청하고
시내 걸어가면 다쳐보고 자기들끼리 야 봤냐? ㅋㅋ
외모지상주의 아니라고 하지만
외모지상주의 맞습니다 우리네 사회는",0,2024-10-11T08:05:21Z
@cheoeum_,이쁘고 멋지시네요,0,2024-10-09T11:45:40Z
@garlic_pasta,대단합니다 진짜..,0,2024-10-08T09:41:36Z
@lisaeom6407,도담이???,0,2024-10-07T07:27:59Z
@물더먹는하마,👏👏👏,0,2024-10-06T15:11:33Z
@슈프링,10키로도 빼기 힘든데 대단하시네요,0,2024-10-05T09:40:51Z
@sanghyekpark6013,끝?,0,2024-10-05T04:51:06Z
@hyunjunekim3148,현실판 미녀는 괴로워인가,0,2024-09-30T09:58:21Z
@소예압,엄청난 노력을 하셨을꺼 같은데. 일단 고생하셨어요 🎉🎉  축하드려요~~,0,2024-09-29T10:49:20Z
@skykjw77,추천 박고 갑니다 👍,0,2024-09-28T12:48:52Z
@오븟-o,힘냈네요 굿,0,2024-09-28T07:27:34Z
@SongMangooo,와 있을건 고대로 있으시네,0,2024-09-27T17:05:10Z
@a1s2d3-q4q,아직  하시는중입니까,0,2024-09-27T12:43:20Z
@멍심심해스,오호 복권당첨~!건강생각하며 천천히 유지하심되겠네용,0,2024-09-26T05:36:47Z
@knifekid1126,다이어트 하세요 진짜 사람이 쳐다보는 시선이 달라집니다!!,0,2024-09-25T16:21:45Z
@Taylor-e6n,20 더빼보세요 근데 거이다 가슴에 무개가 있으신듯,0,2024-09-24T22:54:08Z
@회사용-y9g,화이팅입니다,0,2024-09-24T04:59:53Z
@나리-l2b,더빼라 더 임마,0,2024-09-24T00:14:10Z
@gipff2427mmm,이뿌다,0,2024-09-23T14:12:48Z
@joohokim1680,어떻게 빼는건가요,0,2024-09-22T20:13:34Z
@세대교체가자,노력하는 모습이 아름답습니다😊,0,2024-09-21T21:46:14Z
@뇨-k3j,"사람한명이 사라졌구나 ㄷㄷ 
파이팅입니다.",0,2024-09-21T04:41:57Z
@JDG-g7z,76도 충분히 아름다우시네 ㅋㅋ,0,2024-09-21T00:25:12Z
@김수산나-l1p,건강해요 🎉🎉🎉 멋있어요,0,2024-09-20T11:01:40Z
@lollsa,힘내세요 쉽지 않은데 의지가 대단하세요,0,2024-09-20T05:40:58Z
@앤써니킴-q6k,복권이다 동생들아~~,0,2024-09-19T23:20:20Z
@Sosoloveii,이쁘다❤❤❤😊  열정도 외모도😊,0,2024-09-19T15:05:05Z
@Marin06022,인생 열심히 사신다,0,2024-09-19T13:57:30Z
@kassy5462,대단하다. 정말 인간승리야,0,2024-09-19T02:51:00Z
@Lgd-e3u,어마어마한 결심과 노력과 근성과 인내에 박수를 보냅니다,0,2024-09-18T14:25:41Z
@eowoaud1,대단함😊,0,2024-09-18T12:15:20Z
@jhonlee3238,사람이 꽃보다 아름다워~,0,2024-09-18T11:08:59Z
@randomqsedc,"수고하셨습니다.

제 여자친구는 반대로 고질적 저체중이라 다른 방면으로 요즘 노력 중 입니다. 이번 겨울동안 잘 먹여서 5kg 찌울 생각인데, 영상보면서 용기를 얻습니다.

감사합니다.",0,2024-09-17T19:24:26Z
@Aden9905,잘했다.. 정말 잘했다!,0,2024-09-16T11:22:08Z
@bmerb8083,불가능에서 가능으로… 인간승리,0,2024-09-16T04:41:57Z
@trafficlaws1985,진짜 대단하다...복권이셨네,0,2024-09-16T01:28:58Z
@2시간전-v3v,"원석이였네~
얼른 다이어트하셔서 아름다움 간직하세요!",0,2024-09-15T17:38:53Z
@감바스-c6g,"40키로는 말이 40이지,,
4키로 빼기도 힘들고 10키로는 더더 힘들고
40은 정말,,,,,ㄷㄷ👍🏻👍🏻👍🏻👍🏻👍🏻👍🏻👍🏻",0,2024-09-15T14:10:52Z
@멈뭄미먀몸미,어케햇누 뭐 외모가 달라지고이런거 둘째치고 건강해보여서 좋,0,2024-09-15T10:31:55Z
@종현박-o3u,얼마나 변하겠어 햇는데....완전 미모 미쳤네요 베이글녀 👍,0,2024-09-15T07:39:08Z
@peurandel,저정도 비만이 110키로를 넘어갔던거 감안하면 키가 크신듯?,0,2024-09-15T05:07:45Z
@린동-g2s,"마지막까지 꼭 힘내세요! 
훨씬 보기좋습니다 😊",0,2024-09-15T04:55:28Z
@제임스webbteles,76키로만 되어도 이렇게 예쁘고 건강해 보이는데 뭔 자꾸 내 몸이니 나 자신이니 개소리 하면서 가스라이팅 하는 버러지들이 너무 많음,0,2024-09-15T04:24:24Z
@BLUE-iv8xy,한사람이 빠져나갔네 ㄷㄷ,0,2024-09-14T22:58:12Z
@진수정-h8v,이쁘다,0,2024-09-14T07:32:41Z
@MOA-g3s,그래 세상에 맛있는게 얼마나 많아 많이 힘들었겠네...,2,2024-09-14T04:58:24Z
@lim6510,복권은 긁어야 찐또가 보이긴하지,0,2024-09-14T03:31:36Z
@뉴정-e9g,더 빼주세요ㅎ,0,2024-09-14T00:29:36Z
@장유진-t8m,진짜 넘멋져요 ㅠㅜ 항상 건강하시고 행복하시길바라요!!!!!😊😊😊,0,2024-09-13T11:35:54Z
@bk.father9151,10kg더빼면 인간승리겠다,0,2024-09-13T06:47:41Z
@Suausua-k3g,그래도 130까지 찔정도면 키도 170넘을듯?,0,2024-09-13T04:17:19Z
@섭섭-y4i,미소가 배워야하는데...,0,2024-09-13T02:48:33Z
@상상-d1o,세상에 너무 예뻐요!❤,0,2024-09-12T19:19:18Z
@sbop35,키가 몇이길래 76에서 부터 저정도가 나오지? ㄷㄷ,0,2024-09-12T16:14:46Z
@higrreen,미친노력,0,2024-09-12T14:26:19Z
@Luna_0n0,보기좋네요,0,2024-09-12T10:12:12Z
@대조영-v,복권은 실패지만 슴가는 로또네요,1,2024-09-12T09:02:44Z
@쵸밤.투쁜,"40키로가 몬 소리 
2키로도 빼기 힘든게 현실임 ㅠㅠ
먹는건 자꾸 땡기는데 운동하는건 힘들고 
먹고 나면 앉아만있고 싶어지니 
진짜 딱 딱 더도말고 덜도말고 3키로만 빼고 싶다  ㅎㅎ",0,2024-09-12T06:47:59Z
@Gabriel-uc7su,건강하세요~😊,0,2024-09-11T06:18:01Z
@똑바로-u7e,우와 정말 대단하십니다. 그동안 고생하셨을꺼 생각하니 더 대단해보이네요.,0,2024-09-11T00:55:23Z
@anermy,아니... 뺐는데.. 거긴 안빠졌다.....,0,2024-09-10T15:37:28Z
@넬슨-l1g,인간승리,0,2024-09-08T16:19:30Z
@montagu15th,조금만 더 화이팅🎉,0,2024-09-08T15:38:44Z
@김우수-b2b,대단해요 😊,0,2024-09-08T12:50:45Z
@eonjeongkim3585,멋져요..예뻐요❤❤😄👍🏻,0,2024-09-08T08:51:41Z
@옛날사람-e1h,뺀김에 딱 20만 더 빼면 방송에도 나올수 있을듯,0,2024-09-08T01:49:15Z
@LONEZZ1,이야~ 사람 하나가 빠졌네 대박,0,2024-09-07T15:42:29Z
@신태주-c3i,76키로까지 감량한것도 정말 잘한거죠 🎉,0,2024-09-06T21:47:36Z
@hdidsoap,그냥 이뻐서 구독해요❤,0,2024-09-06T18:47:07Z
@박영숙-n6t,넘 예쁘다,0,2024-09-06T14:09:00Z
@LUKIE1031,ㅓ? 살찐거 진짜 순딩순딩하고 이쁘신데여,1,2024-09-06T13:36:45Z
@윤수복-u9s,노력에 박수 보내드림니다.,0,2024-09-06T07:06:20Z
@arthurmorgan5486,대박,0,2024-09-04T17:38:33Z
@양승현-k9o,고생하셨습니다😊,0,2024-09-03T14:30:34Z
@막장팔팔,긁기 전부터 흐릿하게 보이는딩?,0,2024-09-03T12:54:44Z
@AzumangaDaiohs,가슴유지어케했나요 ㅠ,0,2024-09-03T10:16:21Z
@사회부적응자-f7j,116ㄷㄷ,0,2024-09-03T08:15:29Z
@goat0723,"몸매가타고났음.
지금도아름다우시지만 좀만더빼면 그냥 여신될듯.",0,2024-09-03T07:00:50Z
@쁙디,"와 몸매 대박이네요... 이정도면 초고도비만 시절은 가슴 쪽을 위한 큰 그림이라고 하고 다니셔도 될 듯 해요...

부럽고 멋있습니다",0,2024-09-03T06:29:39Z
@오날-k2f,너무 멋있고 예쁘세요🎉화이팅하세요!!!,0,2024-09-03T05:04:16Z
@긴또깡-f6d,조금만더힘내셈,0,2024-09-03T04:55:56Z
@만레곤,"요요 오지마시길
극한으로  20키로뺐다 요요 와서 두배로쩠어여",0,2024-09-02T17:28:57Z
@vkk.7761,세상에~~ 원래 엄청나게 예쁜 분이군요!!!!,0,2024-09-02T14:30:28Z
@hwan7779,오ᆢ,0,2024-09-02T13:58:09Z
@eofdi598,아직 갈길이 멀다 여자가 되는길,0,2024-09-02T12:38:34Z
@이그려,사랑햄,0,2024-09-02T00:03:56Z
@iamleo5321,👏,0,2024-09-01T21:37:35Z
@Ferrari-xy5qh,"그래도 고생하셨고 화이팅 입니다~^^
저도 다이어트 시작입니다..ㅎㅎ 1년동안 목표 85~6만들기..ㅎㅎㅎㅎ",0,2024-09-01T16:34:08Z
@Arin0101,47살 아줌마 166에 62키로인데 엉망이네요,0,2024-09-01T15:58:26Z
@Arin0101,이뻐요 70키로에도 이쁘기 힘들잖아요,0,2024-09-01T15:57:02Z
@엔지니어농부,고생하십니다,0,2024-09-01T15:36:28Z
@vigorous1_flash,아이고 고생했어요. 저도 22kg 감량하면서 그느낌 잘 알아요.  정말 고생했어요,0,2024-09-01T14:40:56Z
@user-ol6zc5er3i,최고의 성형은 다이어트다.,0,2024-09-01T11:38:19Z
@김민규-k6z4v,최고의 성형은 다이어트라는 말 개구라였노,0,2024-09-01T09:34:57Z
@hhejlru27894,와 👍 👍,0,2024-09-01T06:47:09Z
@sobotaza,"여자는 관리 해야함
외모가 문제가 아니라
피해의식만 생겨서 성격이 X같음
뚱뚱한 여자 치고 성격 좋은 사람을 못 봤음",0,2024-09-01T04:20:42Z
@NAVERDAUM,76도 충분히 이쁘네,0,2024-08-31T19:16:51Z
@hunkiGomBobSim,빼기전부터 귀여움이 넘쳐나세요 😊,0,2024-08-31T18:38:02Z
@kangkang-s5r,완전 딴사람이 되네,0,2024-08-31T16:26:56Z
@byk9422,와 진짜 대단하시다,0,2024-08-31T14:32:53Z
@JiNy-lq4zf,와 존예됬네,0,2024-08-31T12:27:53Z
@wowoejfdl2,돈은안들지만 제일힘든성형이 다이어트라던대,0,2024-08-31T08:50:22Z
@갠녁시-b3p,"와~~  대단하십니다.
역시 감량이 인생을 바꾸는군요!
응원합니다🎉",0,2024-08-30T14:18:29Z
@김광일-e3m3c,다른건 모르겠고 116KG의 몸으로 세상 밖으로 나와서 헬스장을 다니고 운동을 시작한것 자체만 해도 박수를 보냅니다👍,0,2024-08-30T10:42:49Z
@국정원장,"? 이거 수현이 까는건가?
ㅋㅋ",0,2024-08-30T10:20:38Z
@skwds79,대단하다,0,2024-08-30T08:48:12Z
@살아숨셔4-S4,긁지 않는 복권 이 긁어 보니 1등 복권 이였네,0,2024-08-29T07:29:12Z
@햄스워스햄식이,주댕이. 확잡아뜯기전에,0,2024-08-29T05:46:49Z
@햄스워스햄식이,지기요 가슴은 살이니 20키로 더빼세요,0,2024-08-29T05:46:29Z
@한국방송-r3n,56까지 빼보셈 궁금함,0,2024-08-29T04:56:42Z
@현-u9h,유지는 잘하셨을라나 유지화이팅,0,2024-08-29T03:24:03Z
@Sulfur2909,40키로에 비교하면 저는 유튜버 분보단 많이 못뺐지만 25키로라는 몸무게를 감량하면서 근육에도 관심이 같이 생겼었습니다.. 운동을하면서 일이 너무 바빠져 운동을 게을리하게 되고 체중이 더 늘어난건 아니지만 체지방률이랑 근육량의 상태가 많이 나빠진걸 봤습니다... 다시 다이어트 하려고 했지만 그때 25키로 어떻게 뺏나 모르겠어요....ㅋㅋㅋㅋㅋ 확싱히 큰 동기부여가 있어야 가능한거 같은데 유튜버님은 어떤 동기부여로 다이어트를 성공하게 됐는지 궁금해지네요 ㅇㅅㅇ 보기 좋습니다 꾸준히 운동하는 모습에 반했네요😂,0,2024-08-28T13:46:26Z
@jjeee-c9h,진짜 정신차린거 축하..😂,0,2024-08-28T13:20:18Z
@오늘날씨는흐림,존경스럽네요...,0,2024-08-28T12:52:54Z
@insomnia-wo2iw,멋있습니다,0,2024-08-28T12:46:28Z
@v2189,승리,0,2024-08-28T12:27:53Z
@user-zr9ws1yd1w,미녀는괴로워에 성형전 김아중 닮음 (살빼도),0,2024-08-28T11:03:31Z
@서대민-c2n,힘내서 더 빼라,1,2024-08-28T06:37:10Z
@수쿵-h1q,사귀고싶다❤,0,2024-08-28T06:07:38Z
@아이스뱅-k4g,레전드네,0,2024-08-28T03:54:02Z
@안대명,저도다엿중인데 같이화이팅해요 ㅎㅎ,0,2024-08-27T11:41:42Z
@moabojaTV,민덕이잘사노?❤,0,2024-08-27T08:22:28Z
@popipu,멋져요!!,0,2024-08-27T03:58:08Z
@또띤이,살빼는게 얼마나 힘든지 알기에 진짜 대단하십니다 화이팅,0,2024-08-27T00:48:52Z
@최진실-f6k,우와 역시 최고의 성형은 다이어트란 말이 사실이란게 맞네용! 넘 이쁘세용:) 진짜 다이어트 성공 축하드립니당!,0,2024-08-26T22:04:17Z
@김선호-k5f,대단하십니다...,0,2024-08-26T17:48:49Z
@김영효바보,미국 로또였네요,0,2024-08-26T14:59:14Z
@바야흐로-l9k,"116 - 40 = 76. 오래 살려면 당연히 감량 해야 하는건데요? 유지를 하든 찌우든 본인 자유지만, 감량에 성공 했으니 본인이 원하는 체중에 이르렀을 거라 봅니다. 과체중이면 감량이 맞습니다.",0,2024-08-26T14:30:35Z
@먛-e5c,입술 되게 이쁘셔요 부럽당,0,2024-08-26T14:13:12Z
@김우빈-w4p,최근영상 보니까 츄님 닮으신거 같은데 ㅋㅋㅋㅋ 복권 야무지게 긁으셨네요 (긁는거 힘들었겠지만 보람있으시겠어요),0,2024-08-26T05:34:23Z
@운인이다,배리나인가?,1,2024-08-25T23:19:17Z
@septemberwater4549,와 진짜 대단,0,2024-08-25T13:39:47Z
@user-x-0ut,풍자 닮으셨네,1,2024-08-25T08:35:08Z
@보트낚시꾼,당신이 정말 아름다운 사람 입니다,1,2024-08-25T03:38:47Z
@jjuyaya,진짜 멋지다,0,2024-08-25T03:11:23Z
@JJ-uu7vi,고생하셨습니다,0,2024-08-24T22:16:55Z
@아이구야,엄...몸에 키작고 마른 성인여성 하나가 사라졌다,0,2024-08-24T20:30:45Z
@놈프맨,멋있네요 대단하십니다,1,2024-08-24T15:11:58Z
@Nana2vv,와 멋찌다....,0,2024-08-24T05:10:50Z
@diosun,몸에서 초등생 한명이 출가함,3,2024-08-24T02:10:24Z
@안화스님,대단.,0,2024-08-23T21:32:59Z
@Hahahak_1,👍👍,0,2024-08-23T21:30:46Z
@생체인키우기,복권 성공,0,2024-08-23T17:09:30Z
@박몽-r4r,대단하시다🎉🎉🎉,0,2024-08-23T13:45:28Z
@준서박-k7b,더 빼야지,1,2024-08-22T02:56:30Z
@TV-ie5cw,50키로 까지 빼야될듯,0,2024-08-21T23:27:43Z
@버들킹,더빼라,1,2024-08-21T21:03:28Z
@-dongquixote9711,"보석도 가공하기 전까지는 그냥 돌맹이라던데
지금은 너무 아름다운 보석같은 분이 되었네요",0,2024-08-21T12:01:37Z
@안싸요.안사요,56까지만빼도 여신일거같은데,0,2024-08-21T09:07:32Z
@F.momomo,대단하시네요,0,2024-08-20T21:23:10Z
@조시현-h3v,대단하다는 말 말고는 못하것다,0,2024-08-20T11:49:35Z
@별나비-l5r,다이어트가 최고의 성형이구나,1,2024-08-20T06:56:18Z
@김지은-j2q4p,박수를 보냅니다 👏 👏 👏,0,2024-08-19T18:22:48Z
@안경이-z1t,100억주면 예전으로 돌아갈수있다 Y/N,0,2024-08-19T15:19:21Z
@알콜중독자-k7b,맘고생이 제일 심한데 고생하셨습니다,0,2024-08-18T22:22:24Z
@hannanam7095,"칭찬해요 정말 애썼어요!!
당신은 뭐든할수있어요!!🎉",0,2024-08-18T13:57:47Z
@behappy5047,어떻게 빼신건지 전2킬로 빼는것도 힘들어요ㅜㅜ 진짜 대단하심,0,2024-08-18T06:57:33Z
@만일서-q5f,116키로실때도 예쁘셨는데 점점 더 예뻐지시네요😍😍😍,0,2024-08-18T02:47:53Z
@냥냐옹이-y3v,요요만 오지않게 하시길...화이팅,0,2024-08-17T13:23:42Z
@약사김-e7f,"와…..76키로까지 감량하실때 운동은 뭐하셨어요? 얼굴선, 목선이 진짜 진짜 예뻐요!",0,2024-08-13T15:45:08Z
@김성준-f5m,멋집니다❤😂🎉,0,2024-08-10T11:45:02Z
@도미노미노,대단하십니다 응원할게요ㅎㅎ,0,2024-08-09T19:00:20Z
@æẅêŕŧŷ-b2t,"진짜 아무나 할수있지만 
누구나 할순없다는걸 보여주는 영상입니다",0,2024-08-06T04:18:20Z
@lettle111hk,멋있어요!,0,2024-08-04T00:50:46Z
@neojs2835,김신영도 살빼면 예뻐질 거라고 했지만ㅜㅜ,0,2024-08-03T12:03:42Z
@505you12,비떱이 뭔지 알거 같아요...,0,2024-08-03T10:12:22Z
@StockRoyalRoad,이게 걸크러쉬지 ㄷㄷ,0,2024-08-03T07:27:41Z
@수인-r5z,복권은 아니네,0,2024-08-01T11:06:36Z
@2112-v6r,난 절대 못함,0,2024-07-31T12:47:20Z
@Smwdjþek,수고하셨습니다,0,2024-07-30T22:15:48Z
@네잎클로버-r6z7m,짝짝짝짝 ~얼마나고생했을까~~~♡🎉🎉🎉🎉,1,2024-07-30T17:31:15Z
@ondal8200,30키로는 더 빼야것는디;;,0,2024-07-29T16:39:59Z
@길옥정-m3b,아름답고 건강을 위해 고단한 길을 이겨낸 님에게 박수!브라보!,0,2024-07-29T08:50:07Z
@김기석-g5c,지금은 요요왔을듯❤,1,2024-07-29T05:06:17Z
@건김-b5e,못생긴건 유전이지만  뚱뚱이 돼지들은 본인 관리 안한 미련한인간이다,0,2024-07-29T04:37:32Z
@블루벨-t5r4j,대단하네요 응원합니다🎉 딸도 못 생기편 아닌데 살로 덮혀서 ㅜㅜ,0,2024-07-28T12:12:39Z
@hazz-xz7eg,몸매 핏이 진짜 예쁘세요❤,0,2024-07-28T11:54:34Z
@수박-l5q3b,이쁜여신이라서 구독해요,0,2024-07-28T11:42:06Z
@수박-l5q3b,"와 여신이시다
대박이뿌세요 

운동도하셨구이제
이쁜사랑하세요  겁나여신입니다 

이뻐서 여신이시닷 축하해요
여신입니다   ❤❤❤",0,2024-07-28T11:41:40Z
@엑스재팬-c7b,쉣,0,2024-07-28T07:02:48Z
@규창이-e3m,와 진짜 대단하다,0,2024-07-28T06:46:36Z
@Nowes-qw2ej,왜 이노래 갔다 붙이세요,0,2024-07-27T15:01:10Z
@부고박지원,츄닮으셧음,0,2024-07-27T07:56:33Z
@김필립S,ㄷㅈ,0,2024-07-27T07:44:59Z
@bongjunechoi718,로또당첨,0,2024-07-26T10:25:40Z
@최수봉-i5m,"응원합니다!!!,화이팅",0,2024-07-26T05:41:40Z
@머트-ravin,방송에 나온 그 친구분 아니죠  닮아서,0,2024-07-26T00:55:52Z
@eqweqqwe1781,어케했노,0,2024-07-24T10:23:17Z
@천지인-x3v,"우와!!
당신의 노고에
박수를 보냅니다
멋져요..",0,2024-07-24T10:01:36Z
@lovelorrn,최근근황 궁금합니뎡,0,2024-07-24T04:50:27Z
@김달롱-m9x,인간승리다 와,0,2024-07-23T18:07:11Z
@cayman1113,"와!!  대단하십니다 노력, 최선, 끈기, 근성, 열정이 다 들어가있는 영상이네요",0,2024-07-23T17:35:58Z
@프리두부,지금 몸매 극호인 남자분들도 많겠어요.,0,2024-07-23T15:43:20Z
@프리버드-l4h,"츄닮으셨당


헤헿",0,2024-07-23T10:56:37Z
@automation_00,진짜 멋집니다 결단과 꾸준함! 뭘하든 성공하실거에요!,0,2024-07-23T08:04:27Z
@편한먹방-s1e편한투자,인간 승리다,0,2024-07-23T07:55:28Z
@atu-bx3zq,살빼니까 미인이시넹,0,2024-07-22T16:02:58Z
@수봉-c8u,멋지십니다 ㅎㅎ,0,2024-07-22T13:48:40Z
@성스러운전문가,로..로켓이다!!! 로켓 두발을 보았어!!!!!,0,2024-07-22T10:36:51Z
@mdelicadoman,말이40키로지 진짜 힘든데...대단하십니다👍,0,2024-07-22T03:14:16Z
@방울123,뭐를 해도 될 사람이다....대단해요,0,2024-07-22T02:16:35Z
@효은-w1l,확실한건 여기도 안경이 ㅈ경이네,0,2024-07-21T15:39:18Z
@스타드랙,입술와,0,2024-07-21T14:55:13Z
@진스라네,"사람이 달라지네
화이팅이요",1,2024-07-21T13:02:24Z
@ss2123-k9b,몸에서 초등학생이 나왔네 ㄷㄷ,0,2024-07-21T11:51:08Z
@칩초코-i8w,전 후 다 예쁜데요?,0,2024-07-21T11:04:45Z
@김수현-q5n3i,멋쪙!,0,2024-07-21T06:25:20Z
@1MinuteGo,어마어마하게 노력하신게 대단합니다.,0,2024-07-21T02:09:34Z
@hmoh553,건강하게 빼신 것 같아 대단하네요,0,2024-07-21T01:49:16Z
@임둘기,"뚱뚱하건 말건 크게 상관없을 순 있음 
근데 살을 빼면서 운동을 시작하면 본인도 느끼겠지만 자존감이 높아지고 전보다 스스로를 더 사랑할 수 잌ㅅ게됨",0,2024-07-21T00:02:56Z
@크라시-u6o,다른 영상들 보니 진짜 건강하게 빼셨네요 .. 어우 저도 20kg 감량했는디 명함도 못내밀겠군요 화이팅하세요,0,2024-07-20T22:57:04Z
@sync2ne198,얼마나 노력하신건지 가늠조차안되네요,0,2024-07-20T17:58:11Z
@thedreamer2926,요요 장난아닐텐데 끝까지 잘유지하시길...😢,0,2024-07-20T09:04:48Z
@지존-z1u,와... 두번째 짤은 역대급이네;;;,0,2024-07-19T23:54:26Z
@비만이지만괜찮아,이뻐졌눙,0,2024-07-19T07:36:46Z
@K_DoHyun0911,정말 고생하셨습니다^^ 멋져요!,0,2024-07-19T06:15:36Z
@채채쿨레-ya,튼살에 뱃가죽늘어지는거 장난아니겠다ㅠ천천히 시간들여서 조심하고 멋진 다이어트하시길 응원합니다!겁나예쁘시네요,0,2024-07-18T14:15:48Z
@SID-mf2hi,👏👏👏👏👏👏👏👏👏👏👏👏,0,2024-07-18T06:01:56Z
@쏭-j5y,다이아몬드,0,2024-07-18T04:09:30Z
@까루루루-p2b,고생많으셨네요.. 살빼기 진짜 쉬운일아닌데.. 그걸 해내시다니!!❤❤,0,2024-07-15T09:47:28Z
@마왕-t9r,대단하네요 저도 동기부여가되네요,0,2024-07-15T06:03:11Z
@sunjeongjang2147,정말 대단해요,0,2024-07-15T03:22:46Z
@누랑이-b3y,초등학생4학년이 빠져나간거예요 대단해요!!😊😊😊,0,2024-07-14T13:57:00Z
@firenickel1700,10kg만 더... 신이 만들걸 좀 더 보여주려면.....ㅋㅋ,0,2024-07-13T11:37:43Z
@쩡발룸,칼 안대고 저렇게 가능하구나,0,2024-07-07T12:14:06Z
@박상현-o5q,ㅈㄴ멋있다,0,2024-07-04T13:32:06Z
@김아인-m8k,고생했어요 😊,0,2024-07-03T23:06:10Z
@김아인-m8k,고생했어요 😊,0,2024-07-03T23:06:01Z
@김아인-m8k,고생했어요 😊,0,2024-07-03T23:05:54Z
@오옹웅,"살이 빠질수록 눈이 커지네...
신기하다",1,2024-07-02T20:53:52Z
@giraffe9910,"대단하고 존경스럽습니다
얼마큼의 인고의 시간을 가졌을지 감히 상상이 안되네요
그 의지라면 세상 어떤 일이라도 헤쳐 나가실 거에요
건강하시고 행복하세요",0,2024-07-02T16:02:48Z
@김딱콩-s3m,멋지다 같은인간으로써,0,2024-06-28T16:20:09Z
@yeoul8799,진짜 멋있다,0,2024-06-28T10:03:58Z
@강민-m3o,힘내세요 행복해지시길 바랄게요 저도 20키로빼기전엔 정말 힘들엇지만 지금은 행복하네여 모두 행복한일만 있으면좋겟습니다!,0,2024-06-27T13:05:48Z
@toyfamilyquiet,"살이 어느정도 찌면 안찔거라 생각하는데
밥먹고 음료수 먹으면 10키로20키로 무한정으로 찜..
반면 밥먹고 암것도 안먹으면 10키로 20키로 무한정으로 빠짐 어느정도 빠지면 안빠진다고 하는데
그건 그냥 밥먹고 음료수먹어서 그런거임..",0,2024-06-26T23:46:28Z
@한강문턱,대단하시다,0,2024-06-23T11:39:15Z
@박성준-p9v,"멋집니다
그무엇보다 힘든 도전 성공
축하",0,2024-06-23T11:15:40Z
@그저리퍼,30키로만 더뺍시다!!!!!,0,2024-06-22T00:31:20Z
@tww2682,호리병 몸매 뭐야 ㄷㄷ,0,2024-06-20T20:20:49Z
@peter82y,다시 돌아간다는게 문제지 ㅋㅋ,0,2024-06-19T14:25:06Z
@쏘가리-w7i,빼도뭐ㅋㅋㅋㅋ..,0,2024-06-14T18:50:05Z
@cowboyhansolo,존경합니다,0,2024-06-11T12:01:49Z
@AI-kq5ej,미드는 왜 안빠지는겨?,0,2024-06-06T17:47:09Z
@우야잉카,진짜 얼마나 힘드셧을까..꾸준함이 최고네여 ㅠㅠ,0,2024-06-06T06:36:27Z
@ppp-49,"살빼고 꾸미니, 눈에 띄게 이뻐졌어요.
화이팅~~",0,2024-06-01T08:18:07Z
@공중제비도는옆집할머,풍자 인줄,0,2024-06-01T07:02:31Z
@Djdkdkdidie,와 어케뺀거지 ㄷㄷㄷ,0,2024-06-01T01:38:31Z
@user-thfgh,이쁘시군요❤,0,2024-05-31T23:49:08Z
@ww7449,엄청 건강해보이시네 그냥 살만뺀게 아니신듯,0,2024-05-31T01:52:47Z
@수수수-w4p,그러니깐 살좀 찌지마라 다들 뚱띠들아 얼마나 자신이 이쁘고 소중한지 좀 알아라 사랑도 받고 주고 응?  하.. 돼지년들아 제발  니들다신울 사랑해라 쫌..  멋지가 이분은,0,2024-05-30T10:12:41Z
@UFuckz,"언니 가슴은 안빠지시네여😢😢😢 
난..   크흡…….",0,2024-05-29T15:30:36Z
@happyaudrey2179,👏 👏 👏 👏 👏 👏 👏 👏 👏,0,2024-05-29T14:36:36Z
@HIRIT08,어지럽지 않나요 ㄷㄷㄷ,0,2024-05-29T10:54:04Z
@겁많은야옹이,아 감량전도 이쁜데...,0,2024-05-29T10:39:18Z
@youop8283,"가슴이,,,너무부러워용,,,",0,2024-05-29T10:00:28Z
@보에몽,와 인간승리,0,2024-05-29T04:31:35Z
@Hermione_Jean_Granger_0919,116kg도 76kg도 정말 아름다우십니다,0,2024-05-28T15:30:17Z
@고고-r6d,사람 한명이 나갔네 ㄷㄷ 대단하십니다,0,2024-05-27T09:45:43Z
@wish1203,"너무 멋지십니다
고생많으셨습니다 앞으로도 응원합니다!!",0,2024-05-27T05:14:26Z
@파마산치즈-i4r,60키로 되면 여신되겠네,0,2024-05-26T10:01:52Z
@DODO.CAPLA0,오우야 30만 더!,0,2024-05-26T08:57:36Z
@예주니TV,대박이다..,0,2024-05-26T06:44:37Z
@jhzjin8034,고단한 노력이었을텐데 정말 멋있어요,0,2024-05-26T03:48:23Z
@세아플라워,뭐가됐든 행복하면됐지,0,2024-05-24T06:23:31Z
@장성재-z8r,대단하십니다!!!!,0,2024-05-23T18:43:45Z
@ilillliilililli,그래도...,0,2024-05-23T16:32:03Z
@브라보-u8k,이제 평생 다이어트하지 않으면 곧장 그 몸으로 돌아간다,0,2024-05-22T11:49:53Z
@ThomasSSam,인간승리!,0,2024-05-22T05:04:37Z
@Davidkim0830,진짜 고생하셨습니다. 화이팅,0,2024-05-21T21:59:54Z
@seihoonlee8931,너무 건강해 보여요~,0,2024-05-21T02:24:36Z
@root8595,와 지금 촤고의성형은 다이어트군요..,0,2024-05-20T08:40:18Z
@Jooooy___,와 진짜 무슨 노력을 얼마나 했을지 가늠조차 안됨 대단하다진짜로,0,2024-05-19T14:32:23Z
@R0ice-cooker_,너무 멋져요 🥹,0,2024-05-18T13:37:14Z
@이은지-v2b9w,와 댓글 첨다는데 너무 예쁘다 화이팅!,0,2024-05-18T12:24:51Z
@아낼부터공부한다고요,대박이네,0,2024-05-18T10:41:30Z
@hanmoonchur_tv,육덕의 정수,0,2024-05-18T02:34:01Z
@장-m3z,살빼기전이 더 낫네,0,2024-05-17T21:49:56Z
@맑음-x4n,25kg남았다,0,2024-05-16T11:34:14Z
@김덕경-g1v,아니 몸매 실화???😮 진짜 들어갈데 들어가고 나올데 나왔네ㅜㅜ 통통한데 그게 정말 매력이네요,0,2024-05-16T08:54:44Z
@뚜리-u2i,응원합니다!!👏,0,2024-05-16T01:24:14Z
@djkim791,과거사진을 꼭 확인해야하는 이유,1,2024-05-15T14:30:51Z
@금타이월드,너무나 예쁘세요,0,2024-05-15T09:04:28Z
@네잎클로버-r6z7m,어우~~~고생너무 마니했네요~존경 또 존경~~,1,2024-05-09T13:08:01Z
@진이-j2t,🎉🎉🎉,0,2024-05-08T12:32:40Z
@호호호-l8m,대박이다 대단하네진짜 더빼서 날씬한모습도 궁금,0,2024-05-08T06:57:20Z
@thds9463,솔직히 76도 엄청 많이 나가는건데 운동으로 빼서그런지 그냥 좀 통통한 정도로 보이네,0,2024-05-08T06:01:23Z
@땃쥐-l3f,힘내!,0,2024-05-08T04:35:35Z
@일상브이로그-l7i,살뺴니몸매이쁘네 뭐,0,2024-05-07T13:34:55Z
@HyungsukHan,"대단하세요. 저는 120에서 80까지 빼고나서는 80~95 왔다갔다 하는데
원하시는 수준까지 다이어트 하시고 유지 잘하시길 바래요. 화이팅~~",0,2024-05-07T06:30:33Z
@paranagi100,캬~~~ 멋있어요,0,2024-05-06T07:56:18Z
@KYS1818,"많은 분들이 착각하시는 게 살이 조온나 쪄있으면 쫌만 해도 조올라 많이 빠질 거라는 겁니다. 
이론적으로는 맞는 말일수도 있는데 괜히 저 지경까지 쪘겠습니까?
초고도비만들에게 식단조절과 운동이란 일반인들에 5배 이상에 강도라고 생각합니다. 
그러다보니 더더욱 움직이기 힘들고 식탐참기 힘들고 운동 쫌만해도 몸에 무리와서 포기하고 싶고. 
그런데도 40키로 이상 뺐단건 정말 대단한거임",0,2024-05-06T05:53:39Z
@jy42745,와 그래도 그건 남겻네 ㅋㅋㅋ,0,2024-05-03T13:16:35Z
@tnqls0504,역시 최고의 성형은 다이어트인듯요 ㅎ 완전 이뻐졌어요ㅎ 자존감이 높아졌을듯요.,0,2024-05-03T03:59:10Z
@uipara4710,"와 돼지일땐 얼굴 보기도싫은데 76키로 사진에서
호감형으로 바뀌네 이래서 살찌면안됨
사람은..",0,2024-05-03T00:26:11Z
@지넌죽,대단 하시네요 진짜,0,2024-05-02T11:36:55Z
@공주-q2p4r,여자는 가슴무게 때문에 체지방이 더나오더라고요 눈바디로 측정해야 합니다 언니 짱 글래머해용,0,2024-05-02T09:33:19Z
@더러운땅,대단하십니다..,0,2024-05-02T03:12:55Z
@이이이잉잉잉잉,너무 멋짐.. 내일도 화이팅! 그리고 응원하는사람이 많다는게 너무 보기 좋아요! 😁,0,2024-05-01T17:06:35Z
@csik7996,보석을 감추고 있었네 더 열심히 하시길 보석은 닦을 수 록 광이 나는 법,0,2024-05-01T13:10:15Z
@수타르233,그래서 감량후 사진은 어딨누?,0,2024-04-30T18:32:56Z
@Juliette-w5b,"슴가는 그대론데 확 변하셨어요ㅎ
ㅡ그게 제일 부럽ㅠㅋㅡ
축하드리구 건강하세요!
그러믄서 다이어트 팁도 톡톡 주세욥히히히",0,2024-04-30T15:24:41Z
@인영-k5v,당신의 의지에 존경의 박수를 보냅니다.너무 예쁘세요~❤,0,2024-04-30T11:42:30Z
@zvnun02,뭐야 개이쁘노,0,2024-04-30T11:36:28Z
@squirrel_thunder13,???????????????????,0,2024-04-30T11:31:44Z
@yesoh5799,60kg대만 가도 복권 당첨이네,0,2024-04-30T11:00:36Z
@rudaruda1,긁지않은 복권이 여기있습니다 여러분,0,2024-04-29T09:13:19Z
@weeklysermon3497,흠 ㅜㅜ,0,2024-04-29T02:34:22Z
@2j_bro,"140키로에서 2자릿수까지 다이어트 성공 하셨다는 것 자체가 존경스럽고 정말 힘드셨을텐데 그 끈기와 성실함에 박수를 쳐드리고 싶습니다. 

미관상의 아름다움과 건강을 둘다 챙기셔서 앞으로 하시는 일도 모두 다 잘되시길 바래요!!!",0,2024-04-28T11:21:34Z
@jisupark2322,55kg에서 간호사일하고 애 둘 낳고 집에 있다보니 74kg가 됐어요..지금 집에 남은 음식 우적우적 먹다가 자극이 됐네요 ㅠ 내일부터 다시 감량 들어가야겠어요! 정말 멋지세요!! 응원합니다,0,2024-04-28T10:42:07Z
@size0510,오,0,2024-04-28T06:04:59Z
@blossom92,이건 진짜 응원 안 할 수 없네요 멋있어요,0,2024-04-27T23:51:22Z
@똥꼬-x2v,응원합니다,0,2024-04-27T15:21:45Z
@목표500,이뽀요❤❤❤❤,0,2024-04-27T14:04:30Z
@trueth_,가슴은 어떻게 유지한거지 ㅎㄷㄷㄷㄷ,0,2024-04-27T10:17:11Z
@지니-MagicLamp,"질문 좀 할게요..
고도 비만인 분들이 살을 많이 빼면 피부가 쳐저서 처진 피부를 제거하는 수술을 하던데... 그렇지는 않나요?
굼금해서 여줘봅니다.",1,2024-04-27T06:46:05Z
@미불리,/박수 ㅉㅉㅉㅉ,0,2024-04-27T01:58:45Z
@야매연구소,이제 10키로만 더빼시면 되겠네요,0,2024-04-26T21:46:17Z
@uouoz,와우 진짜 대단하시다ㅜㅜㅜㅜ,0,2024-04-26T06:15:50Z
@choryong46,긁지않은 복권이란 단어는 이럴때 쓰는거에요,0,2024-04-26T02:38:27Z
@i-wanna-,저도빼뵈서 알지만 진짜 힘든디  대단하세요 유지하는게잴힘듬 ㅎ,0,2024-04-25T14:43:39Z
@조연-d2q,오~~이뽀,0,2024-04-25T10:24:22Z
@honshujames2402,보정은 사기,0,2024-04-25T08:54:31Z
@런닝-q4h,입술도 살찌는구나,0,2024-04-24T06:55:12Z
@balckga1231,40키로만 더 빼시면 원탑이실듯,0,2024-04-24T05:28:33Z
@user-prix,복권 긁었네,0,2024-04-22T19:56:17Z
@namjada,이정도면 로똔데...?,0,2024-04-22T14:03:58Z
@사람-m9i9d,이건 인간승리가 맞다 멋있어요🎉,0,2024-04-21T11:45:16Z
@donjeolrae,댓글 잘 안다는데 진짜 대단하다,0,2024-04-21T07:50:56Z
@youngparents-w6n,애쓰셨어요 ❤,0,2024-04-20T19:17:15Z
@kyeongseok86,"무슨 일을 하셔도 성공 하실분입니다.
다이어트 말만 하고 실천 못하는 분들이 대다수라 그저 대단하다는 말씀뿐이 못드리겠네요^^",0,2024-04-20T18:36:29Z
@neugmma3368,어케했노... 몸무게가 많이 나가면 나갈수록 움직이기 정말 힘들텐데 의지대단해요!!,0,2024-04-20T11:31:04Z
@loveyousomuch2240,수현아 배워라 쫌 이 비만ㄴ아,1,2024-04-20T07:00:24Z
@lms0447,110에서 70돼도 걍 돼지임ㅋ,1,2024-04-20T01:32:18Z
@funfun23,겁나 멋있다,0,2024-04-19T20:08:02Z
@황승원-g4v,골격이 돼지임..,1,2024-04-19T17:15:57Z
@신설동역,복권 마저 긁어주세요,0,2024-04-19T15:43:05Z
@jonghansim8261,킹정.. 리스펙..,0,2024-04-19T14:14:56Z
@Mbrightonly,"곧 116
76
46 
갑자기 이렇게된숏츠 올라올것같다 ㄷㄷ",0,2024-04-19T11:53:51Z
@파리지앵-p1q,대단,0,2024-04-19T08:53:52Z
@동심동산,전투력 지렸다.,0,2024-04-19T03:35:44Z
@멍무-n5f,40키로면 왠만한 마른 성인여성 한명이 빠져나간 수준이네요... 대단하십니다..,0,2024-04-18T18:49:37Z
@찬란하게-t9r,존예유전자 있네있어 보인다보여,0,2024-04-18T09:57:22Z
@공주셋맘-y7z,"❤❤❤❤❤❤❤❤❤최고최고
ㅜㅜ유지잘하면서  건강하게 다이어트해요 ㅜㅜㅜㅜ이뻐요  늘 응원합니다 ❤❤❤❤",22,2024-04-18T09:54:27Z
@이완희-h7r,그간 노력에 경의를 표합니다!🎉,0,2024-04-18T08:56:22Z
@joon2170,50kg가 딱 이쁠듯,0,2024-04-18T08:19:47Z
@으짜-o2d,점점 이뻐지는듯...계속 다이어트 해서 50kg대 가즈아,0,2024-04-18T05:03:55Z
@diablo794,인간승리 ㅇㅈ!!,0,2024-04-17T16:52:01Z
@정우손-k5w,대단하다잉,0,2024-04-17T12:04:28Z
@dndud3118,복권ㄷㄷ,0,2024-04-17T08:46:10Z
@네이마르-x2c,딱 10년전 기준으로 군대 2년보내면 정신개조 쌉가능한데 안타깝네,0,2024-04-17T00:07:35Z
@ott3463,운동해라고 하면 잔소리로 듣는 전국에 돼지들아 좀 본받아라,1,2024-04-16T18:29:39Z
@Bhsdui1222,76키로라고??,0,2024-04-16T15:01:21Z
@플라잉덤보-z9z,최고의 성형!!👍👍👍,0,2024-04-16T13:03:27Z
@이-y6z8t,엄청이뻐지셧네요~^^,0,2024-04-16T12:08:11Z
@개소리탐지,딱 반토막만 내세요,0,2024-04-16T04:49:24Z
@990-c3m,앞으로 10kg 만 더 빼면되겠네요😅,1,2024-04-15T21:10:04Z
@Billlerthan,페미육수들아 저 여자 좀 본 받아라,0,2024-04-15T16:01:21Z
@동인천뭉탱이형님,스트레스 많이 받지마요.. 소심하면 요요가 오는사람들 많던데.. 긍정이 중요한듯!,0,2024-04-15T14:46:35Z
@TV-ob5ui,대단하세요 400키로나뺀다는게 정말 놀랍네요,0,2024-04-15T09:22:19Z
@신덕구-l3h,와씨 5키로빼는것도 귀찮아서 맨날 다짐만 하는데 40키로라니ㅡㅡ 너무대단하십니다,0,2024-04-15T00:00:10Z
@강철에어클린,진짜 잘하셨어요,0,2024-04-14T23:25:40Z
@관악산학점노예,노력하는모습이 눈부시다,0,2024-04-14T16:25:52Z
@호필-r1u,긁지않는복권,0,2024-04-14T15:09:20Z
@루하-s9i,40kg는 더 빼야 복권이란말 나오겠네,0,2024-04-14T12:50:00Z
@김아무개-l9w,사귀고싶다,0,2024-04-14T08:52:44Z
@kdkim208,Before 이실 때도 이목구비가 다 보이시네요... 엄청 뚜렷하시겠다 ㅋㅋㅋㅋ사실 당첨 확정된 상황 ㅋㅋㅋㅋㅋ,0,2024-04-14T05:01:15Z
@Leewinmust,2번사진은 어후 ㅋㅋ,0,2024-04-14T03:47:48Z
@켁콱컥뚫끊똮뚭뗍뚭뗍,"이런몸은 절대 유지가 안됨.

30중반되는순간부터는 못버팀.",1,2024-04-14T03:04:42Z
@aduhg6122,멋지다 화이팅,0,2024-04-14T01:28:49Z
@Beulyang1,대단하십니다..!,0,2024-04-13T13:58:11Z
@송지훈-i1o,선생님 기다리고있어효 언제오세요..,0,2024-04-13T13:10:59Z
@hot3water8drink9ing,와 이목구비 나오면서 졸예로 변신하네..,0,2024-04-13T11:33:58Z
@푸처핸섬,아직 멀었다,0,2024-04-13T08:54:58Z
@배중현-f6y,여자는 116키로일때도 필터차고 셀카를 찍고싶어 하는게 참 신기한거 같아요,1,2024-04-13T07:32:49Z
@현정오-f5f,돼지는 돼지일뿐,0,2024-04-13T06:20:43Z
@designate12,캬~~,0,2024-04-13T05:55:25Z
@sorryseori471,멋있다...,0,2024-04-13T05:42:57Z
@전재진-r7u,입술이 비엔나같노,0,2024-04-12T23:27:25Z
@카타르시스-r1w,"더 빼시면 진짜 미인되실것같음.
ㅎㅇㅌ!",0,2024-04-12T22:12:06Z
@sungwon1830,화이팅!,0,2024-04-12T16:49:58Z
@도지야-c6i,꽝,0,2024-04-12T14:51:28Z
@sajangyoon17,대단하십니다. 화이팅!!,0,2024-04-12T12:18:10Z
@임커뷰,저게 가능한일임? 대단하시네,0,2024-04-12T11:44:50Z
@전도야,와 피지컬,0,2024-04-12T11:37:19Z
@걸걸끅끅,잘했네 요요로 돌아가지말고 더 이뻐지길,0,2024-04-12T10:19:39Z
@iamseoly,긁지않은 복권이셨네..,0,2024-04-12T10:08:04Z
@mikeoh2204,😊😊😊😊😊,0,2024-04-12T07:24:39Z
@천상재회-k5y,진짜 다이어트가 최고의 성형임,0,2024-04-12T07:07:42Z
@조건반사조건반사,HEAVY WEIGHT CHAMPION OF THE WORLD,0,2024-04-12T05:24:00Z
@killserver4001,다이아몬드 원석 그 잡채,0,2024-04-12T04:56:31Z
@라미-i9q,운동을 습관으로 하셨네요 거기에 식이조절도 하셨을텐데 앞으로도 하실꺼고요ㅋㅋㅋㅋ화이팅!!!!!!,0,2024-04-11T18:12:48Z
@Drago0404,지리네,0,2024-04-11T14:23:47Z
@nyangnyang534,꽝이네,0,2024-04-11T13:01:15Z
@전대원-m1t,끝까지 힘내세요 노력하시는 모습이 보기 좋네요,1,2024-04-11T11:40:18Z
@GolfCrazy,76😂,0,2024-04-11T10:45:38Z
@재현오-d5p,대단하시네요 진심 저는 10키로 빼는것도 못빼고있는데 ㅜㅜ 존경하고 멋지싶니다,0,2024-04-11T06:24:19Z
@뭐가-y2q,😊,0,2024-04-10T18:10:52Z
@뭐가-y2q,수닝님??,0,2024-04-10T18:10:08Z
@cha0w3,뭔가 츄닮았당,0,2024-04-10T16:59:28Z
@user-Mason182,앞으로 30kg만 더...,1,2024-04-10T16:54:40Z
@로하-v9c,미녀는괴로워 살붙인거 같네,0,2024-04-10T14:07:30Z
@Jade-0w8,어케함?,0,2024-04-10T13:21:08Z
@SHERMAN_BEAR,Sweet,0,2024-04-10T11:41:18Z
@수달-m3h,와 너무 예쁘신데요?,0,2024-04-10T06:16:26Z
@제프-i6f,와.의지가 대단하네요.,0,2024-04-10T02:22:05Z
@ghks3155,"와... 대단하십니다
전 몇년째 빼야지 빼야지 하다 힘들어서 포기하게 되던데

정신력이 보통이 아니시네요",0,2024-04-10T00:18:36Z
@아즈는아즈아즈쌔,진짜 존경합니다. 이게 인간승리지,0,2024-04-09T18:09:45Z
@LUKE_1018,정말..대단하셔요,0,2024-04-09T18:00:51Z
@마인넹,저기서 반만 더 빼면 되겠네용,0,2024-04-09T17:24:08Z
@sonador_,사랑합니다😊,0,2024-04-09T16:52:25Z
@juwanhong4225,인간승리,0,2024-04-09T10:07:13Z
@zazangbob,그저 리스펙합니다!! 진짜 말도 못할만큼 고생하셨을텐데ㅜㅜ,0,2024-04-09T09:39:35Z
@콜먼-s7r,벌크업 루틴좀,0,2024-04-09T09:32:39Z
@D__shooni,"- 천천히 그러나 멈추지 않고 나아가기.

- 누구와도 비교하지 말고 나만의 루틴대로 나아가기.

- 예전보다 나아졌다고 다른 사람 깔보지 않기.

- 스스로 대단하다고 칭찬해주기.",1,2024-04-09T09:30:40Z
@KO-ll5fz,아니 왜 가슴이 안빠져요... 저는 왜 가슴만 빠지고😅,0,2024-04-09T09:14:22Z
@검은머리-q2p,자 이제 30키로 더 가즈아,0,2024-04-09T08:19:52Z
@아기상어-d3y,가슴축복받았다 ㅠ,0,2024-04-09T07:05:55Z
@김보람-h1v,나도 먹으면서 운동하고 ㅠㅠ 그치만 그대로인건 뭐지?,0,2024-04-09T06:50:17Z
@음악나무-q6z,빼기 전에도 웃는 모습이 너무 예뻐요.^^ 건강하게 다이어트하시고 즐겁게 웃는 일들이 더 많아지길 바래요~,65,2024-04-09T04:06:51Z
@TaskHeter,존경합니다...! 저는 10키로 감량했는데 너무 힘들더라구요ㅠㅠ 화이팅입니다!!!,1,2024-04-09T00:49:47Z
@평균남-f4k,멋있다 흘린 땀 아깝지 않게 즐기면서 사세요,0,2024-04-08T23:20:36Z
@ABCD-z1q,잘했따,0,2024-04-08T21:22:40Z
@tokkired,"저는 최고 76키로까지 나갔었고 58키로까지 감량했어요. 많이 나가면 무조건 많이 먹는다고 생각하는 사람 많지만, 군것질도 안하고 밥도 적게 먹는편입니다. 다이어트 한번 무리하게 했다가 더 요요와서 천천히 한달 1키로정도씩해서 빼서 갑자기는 잘 안찌지만, 그렇다고 아예 안찌는건 아니예요. 댓글들 보면 함부로 말하는 사람들 있어서 말하는데, 식습관 바꾸는거 운동 생활화하는거 쉽게 말하지마세요. 물론, 저는 사람과 술을 좋아해서 엄청 마시면서 찌긴했었는데.. 지금도 거의 매일 공복에 몸무게 재고 쪘다싶으면 쫌씩 관리해요. 라면을 진짜 좋아하는데, 원래 한개씩 먹다가 다욧하면서 먹고싶으면 반개 끓이면서 계란 노른자 안깨고 한두개 넣고 계란 먼저 먹어서 포만감을 들게하고 면을 먹어요. 좀 덜익어야 면이 익을때쯤 맛있게 남은 면을 먹을 수 있죠. 요즘 연말 결혼준비하느라 더 빼려고 하는데, 유지만 오래하다가 다시 시작하는게 힘든데, 이 영상보면서 다시 힘을 얻내요. 폄하하는 사람들 보지마시고 님이 원하는 만큼 꼭 빼시길 바랍니다. 원래 다이어트는 자기 만족이라 얼마를 빼든 잘유지하시길😊",0,2024-04-08T20:36:55Z
@모모-b7s,진짜 대단하다,0,2024-04-08T16:27:37Z
@qlkm-s6w,옴마야 살빠지니 외모가 살아있으시네요 ㄷㄷ,0,2024-04-08T14:57:31Z
@klobelimimi,왜 입술을 까뒤집었을까????😮,0,2024-04-08T14:20:20Z
@Kong_kong_ko,니는 악플받을자격없다 사랑많이받고살아라,0,2024-04-08T13:08:26Z
@노총각-s4y,116kg도 이뻐요 😊😊😊,0,2024-04-08T11:16:14Z
@김김연주-l3m,"대단하세요.  
최고👍👍👍👍👍👍👍
열심히 노력하는 당신이 아름답습니다.
좋은 결과 있을겁니다.
화이팅!입니다.
목표 달성 기원합니다.
항상 건강하세요.
항상 행복 행복 행복하세요.^^",0,2024-04-08T06:06:53Z
@KK-qe5zd,잘하셨어요  화이팅,0,2024-04-08T03:09:18Z
@뱅뱅뱅-n9l,이뻐요❤,0,2024-04-08T00:41:32Z
@명병철-j8m,"대단히 존경합니다
운동기간어느정도 되시나요?
주 운동이 먼지 알 수 있을까요?",0,2024-04-07T17:14:57Z
@신윤호-y8i,와 진짜 멋지세요,0,2024-04-07T14:54:25Z
@성원-e6g,목표하신 마지막 순간까지 화이팅입니다,0,2024-04-07T13:45:53Z
@BrokenAGG,대단하시네요 저는 남성인데도 살이 너무 안찌는 체질이라.. 173에 49키였어서 벌크업하고 있습니다 이제 62키로 벌크업 성공했는데 서로 힘냅시다,0,2024-04-07T11:55:57Z
@8dlf3kw9_d,키는 어떻게되세요..???,0,2024-04-07T11:29:15Z
@O_O-e9h,와 대단하시네요,0,2024-04-07T10:44:28Z
@piecesiu6926,응원합니다,0,2024-04-07T05:10:35Z
@마이비-b1o,태생뚱인가요 후뚱인가요? 살트임은 없으신가요? 대단하시네요,0,2024-04-07T03:57:09Z
@Lllllliiiiiioooo,20~10키로만 빼면 완전 최고일듯,0,2024-04-07T02:53:25Z
@playlist_l8103,"와 진짜 대단해요!! 영상주인분 처럼 그렇게까진 되본적 없기에 그 몸으로 얼마나 땀흘리고 노력하셨을지 여러분들이 말씀해주셨겠지만 정말 저가 봐도 감히 상상할수가 없네요... 노력도 있엇겠지만 의지가 진짜 강하신것 같고
한번 결심하신건 어떻게든 이뤄내실꺼에요!!
목표체중까지 화이팅하시고, 너무 무리하진 마시고
항상 응원하겠습니다!! 건강하게 체중감량하시길 바래요!!✨✨
위에서 몇몇 눈살찌푸려질만한 댓글들 있던데 
그런거 대응하지마세요 그냥 해보지도 않은것들이 40KG 체중 감량한게 얼마나 대단한 노력과 매일매일 운동한다는거에 의지가 필요한지도 모르고 하는말이고,
상처 받기에도 아깝고! 그냥 상대할 가치가 없습니다
더이상 저런글들 올라오거든 캡쳐따놨다가 고소미 맥여버려요 그냥 ㅋㅋㅋㅋㅋ 절대 합의하지마시고 
어디 넷상이라고 말을 저래 함부로 하나몰라 증말...
하여튼간 항상 화이팅하십셔!! ❤ 므찌다!!

열심히 운동한 하루가 제 댓글로 인해 조금더 보람을 느낄수있는 하루가 됬으면 좋겠네요!!",0,2024-04-07T01:01:42Z
@찐빵-v8i,노력 대단하시네요ㆍ^^,0,2024-04-06T22:29:35Z
@러블리밍-q8o,"아니,,,정말대단하세요ㅜㅜ팁도올려주세요",0,2024-04-06T17:45:25Z
@김명진-c1p7j,보통 댓글안다는데...응원합니다. 얼굴이 워낙 미인상이네요 조금만 더 빼심 진짜 건강미인되실것같네요 저도 필받아가네요~^^,0,2024-04-06T15:42:55Z
@미내에,살처짐 없으셧나요?,0,2024-04-06T14:36:34Z
@이유나-p3y,뭘해도 성공하시겠다,0,2024-04-06T14:28:29Z
@happycoffee77,이 사람 멋진 사람이다,1,2024-04-06T13:31:46Z
@jiyoungjung6821,아니 넘 외모가 이쁘신데요??아니 진짜 애초에 외모가 타고난거임!!!!!앞으로 더 많은영상 올려 주세요😊😊,0,2024-04-06T13:21:18Z
@heesun8284,뚱뚱했을 때도 옷 잘 입으셨네요...  그래서 이뻐보이네요,0,2024-04-06T13:00:29Z
@이혜라-q9g,"전 건강상 비위가 안좋아 식욕이 없어서 167cm에 늘32~37kg이예요.앞뒤 구분이 안되서 옷사입기도 ㅜㅠ
얼굴만 일반사람
이쁘세요",0,2024-04-06T11:29:36Z
@각세라짐,"와. 긁지 않은 복권에서. 1등 복권이 되는 과정
사랑합니다❤❤",0,2024-04-06T09:19:31Z
@SojinK-f4f,저도 빼야하는데 자극되네요.고생많으셨어요..저도 77사이즈 고도비만이라 빼야하는데 여러 비만약중 모로실이 가성비랑 그나마 효과가 좋은편이던데요..잔티젠계열은 제가 탈이 난적있어서 잠자며 살뺀다는 약은 기피하는거고 유지잘하세요^^,0,2024-04-06T07:50:05Z
@jinakim5124,대단합니다~~~이걸 이룬것만으로 당신은 성공한 인생입니다~~~,0,2024-04-06T05:41:26Z
@YOOBOOCHOBAB,👍👍👍👍👍👍,0,2024-04-06T05:33:11Z
@미담-t8n,응원합니다,0,2024-04-06T04:43:42Z
@user-sex119,험머나 40을뺏는데도 돼지야,2,2024-04-05T22:40:16Z
@유린이-c5m,너무이쁘다,0,2024-04-05T18:02:00Z
@김상태-b6m,가슴하고 엉덩이는 왜 안빠지죠?,1,2024-04-05T17:04:53Z
@0513입대,"76이면 엄청 찐거라 생각했는데 전혀 76이 아닌거 같은데 ㄷㄷ 미드도 워낙 훌룡해서 
60키로 초반때로 보여요",0,2024-04-05T16:21:51Z
@느기-d9u,와 의지가 대단하신거 같습니다 멋지십니다 🎉🎉🎉,0,2024-04-05T15:15:51Z
@vieenrosela7525,뭘해도 성공하실분이네..의지력 부럽습니다👍🏻,0,2024-04-05T14:45:35Z
@justin-st4cx,얼굴도 그냥 이쁜게 아니라 엄청 건강하게 이쁘신것같아 보기좋네요ㅎ 다이어트 성공하다니 존경스러워염,0,2024-04-05T14:19:07Z
@신기석,정말 대단하시네요! 식단이랑 운동 등등 어떻게 하셨는지 여쭤봐도 될까요?,0,2024-04-05T10:16:03Z
@wneovud1324,대단하다..  40을 어케 날렸냐..,0,2024-04-05T06:41:30Z
@맹호권사범,"그래도 복 받았네요 가슴은 안 빠져서,,, 타고났네,,,",0,2024-04-05T05:06:29Z
@치트키-m1d,대단 ㄷㄷ,0,2024-04-05T02:01:18Z
@고기반찬-g9c,대단합니다.🎉,0,2024-04-04T18:46:47Z
@HSCoque,와.. 정말 대단하십니다 혹시 살이 쳐지거나 그런건 없나요?,0,2024-04-04T15:47:52Z
@TV-eq4gu,"대단하십니다 
멋진 모습으로의 변신
응원합니다 
뽜이팅~~  
더 이쁘신 모습으로 변신하시길요",0,2024-04-04T14:43:17Z
@nyonoh5748,정말 건강하고 아름다워 보이네요! 이젠 다욧은 그만두고 유지만 해도 될 거 같아요,0,2024-04-04T12:50:28Z
@요나-u2e,고생하셨어요..,0,2024-04-04T12:43:07Z
@Lisa-co5pf,추자씨의 또간집 좋아횽!!!,0,2024-04-04T12:33:21Z
@유선-x3t,근데 116인데도 얼굴 이쁘시네요 50대까지 빼면 존예이실등,0,2024-04-04T11:47:24Z
@자가정비이선생,와 존나 멋있다,0,2024-04-04T11:09:38Z
@nyaong2391,최고의 성형은 다이어트가 맞는것 같음,0,2024-04-04T04:21:39Z
@seho89046,-70kg가즈아,0,2024-04-03T23:42:21Z
@Eiweissstoff,고도비만은 게으른것도 아니고 식욕조절장애라 ㅈㄴ 대단한거임,0,2024-04-03T20:53:53Z
@avatareater,대체 어케빼는거야..,0,2024-04-03T16:14:16Z
@아아-g5i9o,네?,0,2024-04-03T14:49:06Z
@진행시켜-n3w,인간승리하셨네요,0,2024-04-03T13:49:42Z
@પનુલુગ-લસચ,살만 빠지셨네요,0,2024-04-03T09:48:15Z
@luvit-pilates,와..멋지십니다! 대단해요 하루하루 좋은일만 가득하시길❤️,0,2024-04-03T08:59:39Z
@제니-y6j,어휴,0,2024-04-03T07:04:21Z
@HBHBFF0,?? 76kg때 이목구비 다 보이네 벌써 예쁘면 어떡해요..,1,2024-04-03T05:22:23Z
@석순이언니,살빼도 가슴과 골반는 그대로라니 ㅠㅠㅠ부럽더😊,0,2024-04-03T04:15:41Z
@kimnullnull,성별도 다르지만 같은 다이어터로서 응원합니다. 더 빼시면 더 예뻐질거 같아요. 안뺐으면 억울해서 어쩌실 뻔 했어요.,0,2024-04-03T03:00:38Z
@9냥이집사,나 한테 쳐 맞으면 빠지게 되어있는뎀... 살 빼실 분~,0,2024-04-03T00:58:29Z
@꿈꾸는재택근무자,인상이 달라지네요ᆢ건강을 위해서라도 꼭 빼야합니다,0,2024-04-02T22:31:49Z
@user-18ahg47crrgh,대단하다,0,2024-04-02T19:43:47Z
@릴하이브리드-m3b,"이 영상에서 뭐라 하는애들은 말로만 살뺀다고 하고 못빼는 애들인거지? 
 영상보면서 우와 대단하시다 감탄밖에 안나오는데 이걸 지적하는애들은 무슨인생을 사는거지",0,2024-04-02T19:20:52Z
@wtwtw-4,"와.. 얼마나 힘드셨을까,, 대단하시네요 아름다우십니다 응원합니다",0,2024-04-02T14:57:06Z
@hjcho129,솔직히 리스펙,0,2024-04-02T14:40:59Z
@히히호호-s5u,"응원합니다ㅎㅎ
❤",0,2024-04-02T14:34:45Z
@favorite290,젖은 여전히 크네,0,2024-04-02T14:16:12Z
@가즈아-m6i,우와 왕가슴이 살아있네요,0,2024-04-02T13:47:11Z
@chn3820,"살이 빠지는데 가슴은 안 빠지네요
부러워요~",0,2024-04-02T13:46:50Z
@wahahawahaha,"줄어가던 수명이 멈췄네요.
비만은 질병
응원합니다. 건강한 체중감량 하시길",0,2024-04-02T13:22:24Z
@문콩남매,와축하해요비법좀알려주세요,0,2024-04-02T13:16:45Z
@이앙마,뭘 해도 성공하실 분,0,2024-04-02T13:13:32Z
@나만있어고양이-b1s,ㅠㅠㅠㅠ대단해 부러워..,0,2024-04-02T12:18:25Z
@구범이-l3k,멋져요!,0,2024-04-02T09:18:05Z
@응-c7e,진짜 존멋!!!!!!!!!!!,0,2024-04-02T09:15:42Z
@redfrost6354,"진짜 젊었을때 빼서 다행이지
나이들면 피부가 복구가 안됨",0,2024-04-02T06:52:41Z
@후뚜루마뚜루-z2b,지금이 딱 좋다... 하남자들이나 더 빼라고하지... 육덕녀 ㅗㅜㅑ,0,2024-04-02T05:24:43Z
@wooridoori82,와~~~눈코입이 달라지네요!건강 찾는다 생각하고 무리하지말고 힘내세요,0,2024-04-02T04:54:45Z
@이도헌-x2y,40kg 뺀거면 진짜 뭘하든 끝까지 잘할사람인듯,0,2024-04-02T04:41:04Z
@ShihyunAhn-om2yl,😍😍,0,2024-04-02T04:40:09Z
@bbage2672,건강이 최고입니다. 과체중은 건강에 좋지 않지만 무리한 다이어트도 건강에 좋지않습니다. 행복다이어트 행복유지어트 하세요! 간간히 맛있는것도 꼭 챙겨드시구요!,0,2024-04-02T03:12:09Z
@kay203,전 남자인데 100에서 92도 간신히 뺐는데 40이라니 정말 대단하세요! 자극받고 갑니다 76도 곧 56까지 내리실것같네요!!!,0,2024-04-02T02:26:59Z
@아칸더스-t5r,고생 노력이란 단어가 무색하네요 그동안 방치하다시피한 내 몸에대한 반성 미안함이란 단어가 제일 잘 어울리죠,0,2024-04-02T02:21:09Z
@댕댕이냥이-q1n,키가 크신가봐요. 76킬로인데도 통통한정도네요,0,2024-04-02T02:19:49Z
@grayheron,"지린다 ㄷㄷ
인간승리 독한사람 ㄷㄷㄷ",0,2024-04-01T22:40:48Z
@진성훈-n4j,ㅍㅇㅌ,0,2024-04-01T13:27:23Z
@김태훈-v3d,꽝이네,0,2024-04-01T10:45:21Z
@aaa-nq3ym,요요 안오게 운동 꾸준히 하세요 열심히 하는 모습 보기 좋습니다. 웨이트 보단 유산소 화이팅!!!,0,2024-04-01T08:50:56Z
@작문과화법,개멋있네요ㄹㅇ,0,2024-04-01T06:36:46Z
@구원받지못한,리스펙합니다,0,2024-04-01T04:17:21Z
@freshsunset,고생이 많으십니다~~ 저도 128kg 에서 차차 빼고있숩니다~~ 112kg 되었네요  식단조절해가면서 등산으로 빼가고있습니다~~ 정상몸무게 그날까지 !! 아자!!,0,2024-04-01T03:03:41Z
@용호-g4g,가슴이 엄청 크네요,1,2024-04-01T01:04:44Z
@용호-g4g,도전 정신에 멋집니다..,0,2024-04-01T01:00:55Z
@차돌짬뽕-JMT,ㅎㅇㅌ !!,0,2024-04-01T00:53:07Z
@티모-d3y,미쳤다 복권이네,0,2024-03-31T23:45:05Z
@멘솔그것은진리,1등 복권이시네,0,2024-03-31T18:15:59Z
@샤르쿤,노력의 신,0,2024-03-31T17:39:34Z
@박대성-v3c,와 인간승리신데,0,2024-03-31T14:14:12Z
@이민규-u3z,멋지다,0,2024-03-31T13:53:04Z
@데져트폭스-t2x,와 대단하다,0,2024-03-31T13:26:15Z
@범범일상,지금상태로 유지만 하셔도 충분히 건강해보이십니다 리스펙합니다,0,2024-03-31T11:52:36Z
@고래왕-v3n,최고 멋집니다,0,2024-03-31T11:42:12Z
@김선생-z6t2d,결혼해줘,0,2024-03-31T11:31:09Z
@KA-vv3zt,튼살 어떻게 관리하시나요,0,2024-03-31T11:26:30Z
@김은호-v9x,대단하시네요 응원합니다,0,2024-03-31T11:24:44Z
@최경진-g5m,20키로만 더 뺍시다 ㅎㅇㅌ!!,0,2024-03-31T10:37:35Z
@힛핫,화이팅!!,0,2024-03-31T09:50:24Z
@hhp3044,"ㅠㅠㅠㅠㅠ앜큐ㅠㅠㅠ 명절ㅋㅋ큐ㅠㅠㅠ ""너무 즐겁지 않아요?""ㅠㅠ 가족 뿐만 아니라 친구 등 지인과의 동업하고 계신 분들 많이 공감하실 것 같아요..!",0,2024-03-31T09:25:23Z
@비둘기-c8m,홀란드 형?,1,2024-03-31T08:41:28Z
@잠마니-p6p,별차이를몰게따 전후다귀엽,0,2024-03-31T06:48:11Z
@갑자기-p3c,대단해요 ~  항상 건강하세요,0,2024-03-31T03:35:42Z
@배고픈햄돌이,46 가고 인생역전 보여주세요,0,2024-03-31T03:15:38Z
@ranyh4630,"초고도비만은 살빼기 더 쉬운거 맞는건데 정상체중이 날씬으러 가는과정과 비만이 정상체중로 가는것중 40kg  식단 빡세게 안해도 조금더 움직이고 윤동하고 세끼 보통으로만 드셔도 야식 술 끊고 이것만해도 빠져요
하지만 보통에서 날씬으로 가는건 존나 굶고 닭고야만 먹고 운동해도 하루 잘먹으면 힘든게 뺀살이 다시 복귀 몇년째 다이어트 중이지만 늘 도돌이표라 스트레스 받아요
노력을 폄하 하는건 아니에요 그동안의 비정상적인 삶이 건강하게 돌아오는 과정으로만으로도 잘한거 맞아요~ 
계속 쭉 다이어트 하신다니 잘했어요 이제 다시 찌지 마시길 지금 얼마나 건강해보이고 이쁜데요",0,2024-03-30T23:59:32Z
@삐리빠리삐리뽕,댓글이 5555 이걸 무너뜨리러 왔다,0,2024-03-30T23:20:54Z
@그래그래서-f6r,어....어?,0,2024-03-30T21:24:24Z
@sticky911,헐.... 진짜 인간승리다,0,2024-03-30T19:49:07Z
@vpalrmrgua,와.... 😮,0,2024-03-30T16:43:42Z
@뱅구-j2l,"천천히 그리고 화이팅 목표를 위해!
응원합니다!",0,2024-03-30T16:30:52Z
@이서형-j6v,이정도면 당첨된 복권 들고 농협가는길 아니냐,0,2024-03-30T16:22:52Z
@ssss-r3t7,많이 힘들었을꺼고 그만할까?라는 생각이 많이 들었을꺼라 생각이 드는데 대단하네요!!,0,2024-03-30T15:43:44Z
@모찌모찌기모찌-t3k,"입술 진짜 매력적이고 살 많이 뺐고
대단하고 귀여워용♡♡",0,2024-03-30T15:24:14Z
@richfox4ever,세상에.. 넘넘 응원합니다! 멋져요!!,0,2024-03-30T15:20:18Z
@tjstnrl,살빼기전에두.이쁘신 표가 나네염🎉🎉🎉🎉,0,2024-03-30T15:19:01Z
@농심디아블로,이쁘다,0,2024-03-30T15:12:09Z
@호홓-u2o,진짜 너무 와 .. 너무 이뻐요 와.. ㅇㄴ 이게 맞아요?❤,0,2024-03-30T12:48:21Z
@핑구-j1l,우왓! 긁지않은 복권이 이런거네요~ 예뻐요😊😊😊,0,2024-03-30T12:30:52Z
@내사랑호야까미또또,매번 피티받으시면서 다이어트하셨을까요? 혼자빼는건 진짜 힘들더라구요,0,2024-03-30T11:09:42Z
@하와이피스톨-l2i,살찌는 사람 부럽다ㅠ 나 80kg 겨우 찍었는데 인생 스트레스 받고 7kg 빠짐ㅡ,0,2024-03-30T10:45:04Z
@saebaeng_e_jjigae5976,"와  진짜 인간 승리네요.
저는 반대로 20kg가 확찌는 바람에 콜레스테롤 높아지고 이것이 뭉쳐서 결국 장기에 이상 생겨서  한곳을 제거했습니다. 

그이후 빡세게 운동하고 있는데 쉽지않네요 대단합니다",0,2024-03-30T08:09:14Z
@susryu6809,제발 이대로 20키로만 더 빼줘,0,2024-03-30T07:43:31Z
@jiachu4532,"존경스럽네요 매번실패에 이젠 포기상태요 
일하고 스트레스...에...
운동해서 빼면 먹음또찌고...
먹어도 금방허기지는듯하고....

진짜 존경스럽습니다",0,2024-03-30T07:28:45Z
@Yaguara42,대단하다. 이건인정,0,2024-03-30T06:46:33Z
@k-9nu,대단쓰..,0,2024-03-30T05:55:00Z
@Timovillain,응원합니다,0,2024-03-30T05:41:57Z
@lIllllIIIIlI,와 정말 대단하시네요 혹시 운동을 어떻게 하는지 알수 있을까요 ...ㅠㅠㅠ,0,2024-03-30T05:15:18Z
@sjrnfl1914,가슴은 안줄어드는거보니 브라 좋은거쓰셈 안그럼 아프리카젖됨,0,2024-03-30T02:08:03Z
@s5ma__,"악플 왜캐 많아 ㅅㅂ ㅋㅋ 
너무 상처받지 마세요",1,2024-03-29T18:20:49Z
@츄블린,"사기치네  비슷한 사람을 써야 속아주지 완전다르구만 무슨 사기를 대놓코하냐??  ㅋㅋㅋ
파이팅!! OㅅOb",0,2024-03-29T17:20:42Z
@이주영-b7b8w,와 글래머 유전자는 부러므네요! 노력이 대단..ㅎ,0,2024-03-29T15:47:09Z
@댕사랑e,왜.....가ㅣ슴은 여전한거죠....하...린생,0,2024-03-29T14:39:59Z
@책방화사,사랑스러워 지는 모습에 흐뭇해❤,0,2024-03-29T14:00:15Z
@최종규-q2f,와 인간승리다 존경합니다,0,2024-03-29T09:45:28Z
@강정-m5d,"운동하면서 다이어트한 몸매는 다르긴 다르네.
76키로도 예쁘시네요",0,2024-03-29T05:44:38Z
@채채쿨레-ya,우와 역대급이다 츄닮음,0,2024-03-29T05:29:21Z
@meem9495,20키로만 더 빼면 인생이 바뀌겟넹ㄷㄷ,0,2024-03-29T03:53:41Z
@rayray7841,지금이 좋음,0,2024-03-29T02:10:49Z
@Mak_Tub_Heaven,빼도 못생기면..,0,2024-03-28T22:16:54Z
@Ἀσκληπιός-λ1μ,ㅋㅋㅋㅋㅋㅋㅋㅋ,0,2024-03-28T20:18:42Z
@평균-f7w,누나 예뻐요~,0,2024-03-28T20:16:30Z
@조시-y1y,가축이였누,0,2024-03-28T19:56:09Z
@웅웅이-d1c,멋있어요 진짜 존경,0,2024-03-28T18:42:58Z
@RrisiCh,와...40키로면 체구 작은 여성 한명이 몸에서 빠져나갔다는건데...ㄷㄷㄷ진짜 대단하세요,0,2024-03-28T18:11:13Z
@보우상,"노력하는 모습이 정말 멋지고 아름답습니다
건강하시구 꼭 목표 이루시길 바랍니다",0,2024-03-28T17:38:39Z
@cccchaewon,노력을 하셨고 노력으로 인한 결과까지 완벽하니 보기 좋네요,0,2024-03-28T16:17:15Z
@님니임,참 이케 노력하는분들이 좋타니깐,1,2024-03-28T16:06:36Z
@freewill4123,"입술두꺼워서 더돼지같고 넘 입술느끼하달까 부담스러웠는데 살빼시니 도톰한 입술이 매력포인트
살찌면 입술도 찌는걸까요
살빼니 인물이 확사네요",0,2024-03-28T15:58:35Z
@go_chu_ba_sa_sak,진짜 대단하고 존경스럽네요,0,2024-03-28T15:52:07Z
@menzoberazan,어케뺌,0,2024-03-28T15:39:23Z
@mya_4614,"와 근데 운동도 같이 병행하셨죠??! 이후에 몸매 너무 이쁘세요!!!! 목표 키로까지 응원합니다! 노력이 대단하신것 같아요,,,,  동기부여 받고 갑ㄴ당!",0,2024-03-28T15:37:09Z
@mya_4614,와 근데 운동도 같이 병행하셨죠??! 몸매 너무 이쁘세요!!!!,0,2024-03-28T15:36:25Z
@Lushina,그 의지에 찬사를 보내요,0,2024-03-28T15:30:33Z
@ujj123,더빼라,0,2024-03-28T15:08:12Z
@villain6174,가슴은 비만과 별개로 축복을 받으신 경우네,0,2024-03-28T15:04:08Z
@유투브-v9b,와 엄청귀여워지셨네,0,2024-03-28T14:41:19Z
@박진수-h5h,아직도 뚱녀노,2,2024-03-28T14:26:13Z
@기무욘도쿠,진짜 멋있네,0,2024-03-28T14:10:01Z
@희서-l1s,솔직히 뚱뚱한 사람들 게을러 보여서 좀 그런데 이건 ㄹㅇ 존경스럽네 앞으로도 화이팅입니다,0,2024-03-28T14:08:51Z
@옹스무스,와 진짜 저렁 지경이 될때까지 관리 안하는게 역으로 대단하다 걍 평생 돼지로 살지 역하네,1,2024-03-28T13:17:28Z
@김미해-h6i,"그만해도 예쁘고
찐모습도너무너무
귀엽슴니다!",0,2024-03-28T12:58:12Z
@jgw06414,"헬스장 나가거나 운동을 하러 나오시는게 힘드신분이
있는데 나오셔서 운동 하시는게 대단하네요
다른분들도 부담 없이 나와서 운동 했으면
좋겠네요",0,2024-03-28T11:52:02Z
@뽀오근,의지가 대단하십니다,0,2024-03-28T11:50:06Z
@hoticecream2846,사람 한명을 없애셨네.. 의지력이 진짜 대단하네요.,0,2024-03-28T10:23:50Z
@밀치스,"고생하셨습니다 
많은 역경과 고난이 있었을텐데 이겨내셨네요 정말 멋지시네요",0,2024-03-28T10:13:27Z
@duly-xc5nn,와 사람이 제대로 달라졌네요. ㄷㄷ 목표가 아직 끝난게 아니라고 하시니 더욱더 예뻐지길 바랍니다😊,0,2024-03-28T09:02:23Z
@SOS-i5p,와..... 전후 라지만 어떻개. 둘다 귀여울수ㅜ가.... ㄷㄷ❤,0,2024-03-28T08:06:37Z
@suhooyoo,불가능,1,2024-03-28T08:00:21Z
@PICU767,똑같은돼진한마린데??,1,2024-03-28T06:43:35Z
@cacarrot0089,살 더빼면 개이쁠것같음,0,2024-03-28T06:30:18Z
@ana_sarca,"살찌고 안경끼면 다 배리나처럼 보이구나..
20키로 더 빼서 뼈마르길",1,2024-03-28T06:20:18Z
@qmqpdir,116키로가 더 예뻐요❤,0,2024-03-28T06:08:03Z
@묘뮤-u1o,댑악 나도 성공해쟈ㅣ,0,2024-03-28T01:55:19Z
@kimmina9079,멋집니다!😊 응원해염 ~~~저도 다이어트 성공해 보겠슴다,0,2024-03-28T00:43:33Z
@scouttt547,가슴 졸라크네요 부럽다,0,2024-03-28T00:28:23Z
@jjjyyy1116,?,0,2024-03-28T00:19:25Z
@Doldambike,집중적으로 빼셨네요,0,2024-03-27T23:17:05Z
@포카리-h9v,10키로도 빼기힘든데 진짜대단합ㄴ디ㅏ...,0,2024-03-27T20:20:07Z
@artist_fanstar_wyc,역시 운동을 해야하나... 1일 1식으로는 ㅠㅠ,0,2024-03-27T19:28:49Z
@MelodySorrow,난 다이어트 하는 사람들 보면 대단하더라....,0,2024-03-27T19:04:25Z
@mallin_mango,하 나는 외로운걸 폭식으로 푸는건지 간간히 오는 배달욕구를 참지를 못하는디 대단하십니다,0,2024-03-27T19:03:39Z
@potatogamja12,40kg 뺀건 진짜 대단하다......,0,2024-03-27T15:35:17Z
@세븐-q3f,와,0,2024-03-27T15:24:41Z
@짱구는꼭말려,이왕 20 만 더 빼자,0,2024-03-27T15:01:20Z
@정아-e9g,"이렇게 예쁜분이 되셨네요.
그 노력에 박수를 드려요.
젊은 날  하루 하루
행복하고 기분좋은 날로
만들어 가시길요.",0,2024-03-27T14:19:56Z
@원윤-y5p,"저  안경  먼저  버려겠어요!
얼굴이 이뿐데!",0,2024-03-27T13:40:38Z
@7_p_s1c_28,대단하다 다이어트 하기 쉽지 않을텐데 독한 분이시군요,0,2024-03-27T12:12:34Z
@duaaaaaaaaaaaaaaa,근성있으시네. 멋있습니다,0,2024-03-27T11:36:52Z
@백주은-l1l,Your videos always brighten my day.,0,2024-03-27T11:15:57Z
@Hi030.22,전 항상 다이어트 미루고 미루었는데 이 영상보고 자극 받아가네용 같이 화이팅❤,0,2024-03-27T11:13:27Z
@croce011,쇼츠로 보니 그 과정이 안보여서 그렇지 저 기간동안 얼마나 고생하셨을지..ㅠ 대단하십니다!,0,2024-03-27T11:08:51Z
@adobejjinppang,와 진짜 예쁘시네 ㄷㄷ,0,2024-03-27T09:53:41Z
@QqQ..080,와씨 상체 유지되는거 졸라 부럽당,0,2024-03-27T09:46:46Z
@user-doongmomo,"진짜 너무 대단하고 아름답고 멋있어요~~
지금모습도 너무 예쁘지만 건강을위해서 더 화이팅 하시기를 오늘이 가장 젊은날이니 ^^",0,2024-03-27T09:28:10Z
@hello_from_ww3w,너무 멋집니다,0,2024-03-27T09:12:43Z
@지미-d1e,지금은 요요가 오셨나 영상 올려줘요😊,0,2024-03-27T09:03:33Z
@정영원-m8i,"찾았다 내 반쪽
여보 사랑해❤",0,2024-03-27T08:45:23Z
@Boxdlswm,와...! 노력에 박수를 보냅니다.,0,2024-03-27T08:01:29Z
@예-c1w,곰보모뮤게는 보고 좀 배워라,0,2024-03-27T07:56:04Z
@부솔이,"늘어나는 나이만큼
늘어나는 몸무게 탓만 하는 나인데
대단합니다 ㅠ
몸하나 꼼짝하기 싫은 귀차니즘 잊고
같이 건강한 열심히 다이어트 해보아용!",0,2024-03-27T07:28:07Z
@김춘필-d6q,진짜 멋져요! 😮😮,0,2024-03-27T05:42:27Z
@김동그라미-u7q,근육량 얼마이신지 궁금해요!! 엄청 많으실거 같아서 부럽,0,2024-03-27T05:41:57Z
@peeshalahome,앞으로 더 힘들거라 하는 댓글들 많은데..글쎄...  116키로였으면 일상 생활이 힘든 수준에 홀몬도 다 엉망인 상태에서 사람들 따가운눈 피해  40키로를 뺀거다.. 정신승리고 진짜 쉽지 않은일이다. 이분은 앞으로 잘해왔으니 앞으로도 더 잘할거라 본다. 잘했어요!!!!,0,2024-03-27T05:20:48Z
@TAEO-y7k,대단,0,2024-03-27T05:17:56Z
@Hohchi_20,럭키 미소,0,2024-03-27T02:19:21Z
@JinDoo_o,와 지금도 너무 이뻐요 너무 무리하게 빼지 마세용,0,2024-03-27T01:16:17Z
@티니핑0119,40키로면 기분 째질것같습니다!,0,2024-03-27T00:31:48Z
@samgyeopsal89,더빼야겠다 아직 돼지임,1,2024-03-26T22:50:48Z
@angel24558,너무 예뻐요~그리구 너무 멋있어요.40kg를 뺐다는 자체가~  ❤  응원해요~,0,2024-03-26T21:37:22Z
@GARNISH_ICE,고생했다 진짜 🎉,0,2024-03-26T20:50:42Z
@누군가-c6s,진짜 대단하세요! 저도 힘내야하는데 ㅠㅠ 미치것네,0,2024-03-26T20:24:02Z
@튀밥냥-d1r,응원해요 다이어트하시는분들 자기 자신과의 싸움에서 이긴 사람들이잖아요 멋있어요 응원합니다🎉,0,2024-03-26T20:10:44Z
@yourmother멍충멍충아,_그 당시엔 이뻐지려고 다이어트를 했겠지만 시간이 지나고 보면 건강을 챙긴 내 자신에 놀라고 더 지나서는 40키로를 뺏다는 자신의 끈기와 열정에 더 놀랄 겁니다_ 평생 행복하시길,3291,2024-03-26T19:02:49Z
@전도사-j6x,이뿌네,0,2024-03-26T18:24:30Z
@ant_hell___998,"((여자입니다)))
40키로뼀는데 가슴어케 지켰어여?!! 저는 다 날아갔는데,,!! (살은 안빠짐) 혹시 스포츠 브라 쓰시나여?? 뭐 쓰시는지 공유 가능하실까요???((진짜 여자예요))",0,2024-03-26T18:21:15Z
@정재훈-u9s5y,고생했다이,0,2024-03-26T17:57:53Z
@king10568,이제시작입니다 힘내세요 정말 탈진할정도로 하셔야 찔끔 찔끔 이지만 시간이 다 해결해주니 끈기있게 버티세요 화이팅 입ㄴ다,0,2024-03-26T17:32:08Z
@sunmingim542,죽빵 마렵네,0,2024-03-26T17:13:46Z
@머진-p1k,"와~ 체지방 5~8프로되면 더 이쁘겠네
성공하셔서 유지하길 바랍니다",0,2024-03-26T16:17:41Z
@감직이-u7r,긁지않은 복권이라는데 긁어도 똑같네ㅋㅋ,1,2024-03-26T15:33:57Z
@동규여,노력하는 모습 보고 대단하다 ㅎㅇㅌ을 마음을 외치고있어요,0,2024-03-26T15:31:01Z
@아무소리-e8b,좀더빼고 설레발치셔야할든,0,2024-03-26T15:27:56Z
@thegame3467,건강한 적정체중으로 나아가는 모습 멋쟈요,0,2024-03-26T14:59:55Z
@lhj0202,화이팅 입니다,0,2024-03-26T14:29:17Z
@SenseGuy_TAK,오늘은 쉴까? 했는데 이거보고 운동하러갑니다,0,2024-03-26T13:41:44Z
@단무지-p2u,30키로만 더빼시길 화이팅!,0,2024-03-26T13:40:11Z
@siejek-f2i,진짜 힘내세요!!!,0,2024-03-26T12:57:51Z
@ICE_BEAR0-0,최고의 성형 역시 다이어트,0,2024-03-26T12:48:33Z
@1NTPer,대단하시다,0,2024-03-26T12:22:20Z
@tjddl0912,너무 예뻐용❤,0,2024-03-26T12:20:52Z
@davin7950,어케했노;;,0,2024-03-26T12:01:47Z
@user-wk2vs5mb6f,댓글 여적여는 진짜 과학이다ㅋㅋ 여성 유명인들이 악플러들 고소해서 보면 거의 여자라는데 진짜 얼마나 열등감에 찌들어있으면..,0,2024-03-26T11:57:18Z
@CHAPCCALSHUA,정말 대단하세요...저도 해야지해야지 하고 미루는 편인데 40kg를 감량하셨다니!! 정말 대단한것같아여❤❤,0,2024-03-26T11:56:04Z
@러붕이,저도 다이어트 해서 15kg 정도 빼봤는데 너무 힘들었는데 40kg를 뺀 기간이 얼마나 힘들지 추측이 안돼네요 그리고  고생하셨어요  화이팅!,0,2024-03-26T11:38:41Z
@똥양이먼치킨,"내두배  몸무게 저는 똥싸는거 너무싫든데 먹는거 내려놔봐요
사는데먹는게 그리중요하지않아요",0,2024-03-26T11:25:07Z
@Handersonji,과거 고도비만이었던 사람으로서 이 짧은 쇼츠안에 일반적으론 느끼기 불가능한 피와 땀이 가득하다라는 사실을 누구보다 잘 알고 있고 공감합니다. 욕심내지말고 더 안 빼도 괜찮으니 늘 기억하세요. 지금의 당신이 제일 멋있고 아름다운 상태입니다👍,0,2024-03-26T09:01:54Z
@Chemi_Cross,어째 젖은 그대로네요 넘 매력이네요 이거 😊😊,0,2024-03-26T08:56:36Z
@피자빵-e3j,와....얼마나 피나는 노력을 하셨을까...,0,2024-03-26T06:56:44Z
@귀여워요돌이,저 의지 박약에다가 작심삼일인데 ...대단하셔요...어떻게 목표를 이루셨나요..,0,2024-03-26T04:18:47Z
@테디-y4c,화이팅!!!!!♡,0,2024-03-26T04:01:59Z
@Gia1211,진짜 대단하십니다! 자극 받고 갑니다🔥🔥🔥,0,2024-03-26T03:25:27Z
@burrjon5221,다른사람 같은데,0,2024-03-26T00:50:40Z
@나는다닝닝,날 포함한 모두 화이팅👍❤️,0,2024-03-25T15:44:03Z
@다운블로우,이제 겨우 사람새끼 된거다;,0,2024-03-25T14:49:15Z
@7월호랑이-v9e,화이팅,0,2024-03-25T14:25:03Z
@poestarqu181,"짧은 쇼츠 30초 사이에 지옥같이 고통스러운 30주를 버터내신거 알고있습니다
대단하네 ㄷㄷ",0,2024-03-25T13:59:47Z
@7332ssh,ㅇㅇ 긁어야 복권이다! 마저 긁어봅시다,0,2024-03-25T13:49:55Z
@김하은-v1s,다이어트가 최고의 성형이라는게 맞는 것 같아요!,1,2024-03-25T13:01:57Z
@jyjang7313,20kg만 더!!!,0,2024-03-25T12:58:17Z
@CocoA54321,이러면 가슴 큰게 사기네 몸매 ㄷㄷ 언제나 뚱뚱한 여자들이 살빼면 몸매는 상위겠다 싶었는데 여기서 보네,1,2024-03-25T12:35:17Z
@selhee1529,와...빼기 힘드셧을텐데 대단하시다....ㅇ0ㅇ,0,2024-03-25T12:30:17Z
@YouTube벚꽃라넷,10키로 더빼면 연예인 외모 되실듯... 긁지않은 복권이란 말이 생각나네요. 아 이미 긁은거라 안맞는말인가 싶네요,0,2024-03-25T12:08:03Z
@상승장군-r4w,이 사람이 찐이다.,0,2024-03-25T11:59:06Z
@wyeuibfhjg3649,20키로 더빼면  성형안해도 되겠다,1,2024-03-25T10:32:45Z
@100가-v5o,의지가 대단하십니다,0,2024-03-25T10:18:59Z
@hankwon8593,멋집니다,0,2024-03-25T08:58:49Z
@침착보틀,ㄹㅇ 복권이네,0,2024-03-25T08:56:51Z
@fleurlee6,너무 이쁘세요. 꾸준히 더 하셔서 목표 이루세요. 화이팅.,0,2024-03-25T08:47:32Z
@Pizza_Bird,개쩐다 나는 5kg 빼는거도 힘들던데,0,2024-03-25T08:24:00Z
@불볶닭음면-v9h,대단해요 홧팅홧팅,0,2024-03-25T08:17:53Z
@sasasac07,"맘먹으면 못할게 없는분이군요😊 
건강한 다이어트로 롱런하시면서 멋진삶사셨으면 좋겠어요
화이팅❤",0,2024-03-25T06:41:52Z
@lajduenKj,인간승리다.. 확실히 더 건강해보이네,0,2024-03-25T06:11:10Z
@원폭맨,더 빼요,0,2024-03-25T05:58:22Z
@김어흥p,"으앙! 정말 고생하셨어요ㅠㅠ
너무 대단하세요.
지금도 예쁘고 아름다우세요!",0,2024-03-25T04:23:02Z
@Dryjins,보통 의지 없이는 불가능했을텐데... 존경스럽습니다.,0,2024-03-25T04:15:52Z
@NYMets6986,진심 너무 멋집니다. 있는 내 모습 그대로를 존중해주길 바라는 사람보다 나를 위해 노력하는 모습을 존중하길 바라는 사람이 진짜 강하고 멋진 사람이라고 생각합니다. 진심으로 존경합니다!,0,2024-03-25T03:54:00Z
@이준혁-r5r8w,40키로 뺀사람 보고 조롱하는 삶은 대체 어떻게 살아온거임?,0,2024-03-24T22:29:31Z
@박대근-l6x,와 대단한데 110에서 40 을 뺄거면 맘독하게 먹었나부네,0,2024-03-24T20:14:49Z
@user-hd2zc3ct3z,10키로만 더 빼면 반할듯,0,2024-03-24T18:24:07Z
@KIM-ye3cw,이게 행복이지 ㅋㅋ 맨날 내 모습 그대로 사랑해야함~이게 아니라,0,2024-03-24T15:57:17Z
@jjm2044,20키로만 더뺍시다,0,2024-03-24T15:16:39Z
@잠탱이-s4p,"외모보다 의지가 부럽네요
작심삼일로 끝나는 저도 조금더 노력해봐야겠습니다
다이어트든 하고싶은일이든 당신은 성공할수 있는 사람인거같네요 행복하시길 바랍니다",0,2024-03-24T15:08:18Z
@Hyz리빅,감량하는데 얼마나걸림?,0,2024-03-24T14:19:24Z
@charlotte09-yj,"짧은 영상이지만 여태껏 하신 노력이 느껴지는 영상인것 같아요!, 댓글에서 돼지다 뭐다 이야기하는 사람들 말 신경쓰지 마세요!, 제 눈엔 지금 모습도 너무너무 예쁘세요! 그리고 어떻게 그저 방구석에서 영상을 봤을뿐인 사람들이 당신의 노력을 알 수 있겠어요!❤, 아무것도 모르는 사람들 말 신경쓰지 마시고 앞으로도 힘내네요! 꼭 목표달성하세요!❤❤",1,2024-03-24T14:16:38Z
@user-ur5pw1xj6n,그냥 먹지만 않아도 빠지지,0,2024-03-24T13:19:28Z
@j_cie_lo,"1. 끝내주는 낮잠
2. 오늘 하려고 계획했던 일 마침
3. 지금껏 만난 중 가장 마음에 드는 남자랑 썸 타고 있음
막상 적어보니까 엄청 감사한 하루네요❤",0,2024-03-24T13:10:27Z
@승이승이-x5l,얼마나 뺏노,0,2024-03-24T12:53:57Z
@유비씨_409,"정말 이쁘시고, 대단하시네요! 항상 화이팅하세요😊",3,2024-03-24T12:37:21Z
@Znzjsaakak,진짜 너무 예쁘고 대단하세요 ..👍,0,2024-03-24T10:18:55Z
@바르셀로나-v4r,복권실패,0,2024-03-24T09:08:45Z
@vocalist0001,대단하다는 말밖에!!,0,2024-03-24T05:33:37Z
@최석현-w1c,가슴은 왜ㅜ안빠져ㄷㄷ,0,2024-03-24T05:19:32Z
@kyjelee52495,모두 박수~~!!!!!,0,2024-03-24T04:35:51Z
@hk_monster974,"살 빠지시니 진짜 미인이시네 
다이어트는 최고의 성형",0,2024-03-24T02:30:40Z
@yikim7834,행동으로 실천하는 모습 정말 보기 좋아요. 노력에 찬사를 보냅니다. 부디 원하는 목표를 이루시길 바람니다.,0,2024-03-24T01:21:36Z
@삐딱이tv,ㅎㅎㅎ 와 대단하십니다 꼭 목표이루시길 화이팅,0,2024-03-24T01:01:57Z
@ROCKY-tn8re,그대의 노력에 경의를 표합니다,0,2024-03-24T00:57:38Z
@Kim_52_my_joon,"고생하셨어요 빼기 엄청 힘들었을텐데
대단합니다 본받고 다이어트 더 열심히
해보겠습니다",0,2024-03-24T00:47:35Z
@면잘쳐,누님 거의 다 왔어요 지금까지 많이 힘들었지만 이제 목표에 도착할 일만 남았어요!,0,2024-03-23T23:45:52Z
@한남티비,어캐했누..,0,2024-03-23T22:43:57Z
@공쥬공쥬한곤듀,다이어트 힘들었겠어요ㅠㅜ 근데 116kg도 귀여워요 😍,0,2024-03-23T18:55:31Z
@라루-r8k,와...빼신것도 대단하고 용기있게 영상올리신것도 대단합니다 심지어 복권 당첨이시네요 ㄷㄷ 빼니까 넘 이쁘세요 👍 저도 맘은 뺐는데..움직이는게 참힘든거같아요..,0,2024-03-23T17:22:17Z
@derpyhooves0_0,"와 아니 진짜 와 존경합니다
개빡셀텐데 다이어트",0,2024-03-23T17:03:05Z
@RS_1llIIlIlllI1,노력 대박이당... 너무 멋있어요ㅠ,0,2024-03-23T16:09:23Z
@9monsters,개쩌네 진짜.. 살가죽 처짐은 없나여,0,2024-03-23T13:27:06Z
@발로란트불멸가고싶다,대단하다,1,2024-03-23T12:39:02Z
@jjek130,복권이네요😂,0,2024-03-23T11:55:07Z
@asdjhg8254,고생하셨어요,0,2024-03-23T11:54:48Z
@젬마shin,최~~~~~~고~~~~~!!!!👍,0,2024-03-23T09:48:02Z
@영희와철수,인간승리다 진짜..ㄷㄷ,0,2024-03-23T09:41:10Z
@다미엄마,"얼굴이 달라짐 
대단하다~~ 
쉽지 않았을텐데.......",0,2024-03-23T07:44:44Z
@Phahhi,8키로 빼는데도 힘들어 뒤질뻔했는데 대단하다,0,2024-03-23T07:28:48Z
@쏘울풀아미,본판이 이쁘시네❤,0,2024-03-23T03:58:30Z
@형광등-x8n,"힘드셨을텐데 응원합니다.!
앞으로 행복하세요!",0,2024-03-23T03:47:59Z
@23df333ff,"50킬로대의 저 가슴을 보고싶다
축복몸매다",0,2024-03-23T01:31:49Z
@쟈디,와,0,2024-03-23T01:28:06Z
@가성비빌런,인생바꾸기가 이렇게 쉬운데...,0,2024-03-23T01:27:06Z
@틴-e1i,이게 진짜 안긁은 복권이구나..,0,2024-03-23T00:56:36Z
@아름최-s4v,예쁘세요!!!,0,2024-03-23T00:01:49Z
@sisun1207,와....아름답다..♡ 열정도 미모도.❤❤ 응원합니다!!,0,2024-03-22T23:53:19Z
@맛집바다,😊이야 성공하셔네요 저도 98 현재 72로 😊❤,0,2024-03-22T22:49:05Z
@Oddugiman,두번째 ㅈㄴ 무섭네 ㅋㅋ,0,2024-03-22T22:33:29Z
@남극펭귄-w5g,화이팅!!,0,2024-03-22T20:42:02Z
@Kofamily22,화이팅!!!!,0,2024-03-22T19:56:20Z
@wtfhandle66,이렇게 각 잡고빼는 사람한텐 욕하지말자 ㅇㅇ,0,2024-03-22T17:52:10Z
@까까타운,"와..,진짜 다이어트가 최고의 성형이라더니..그말이 진짜였네요!!",0,2024-03-22T16:16:18Z
@꿀꾸리꿀이,"리스펙 합니다 멋지시네요 40kg 멋지십니다😊
원하시는 목표까지 건강하게 홧팅입니당",0,2024-03-22T14:21:31Z
@한판두판세판,노력에 박수를 보냅니다😊,0,2024-03-22T14:17:14Z
@user-jq8bt5cg1c,와 진짜 다이어트 하기 힘드셨을텐데.. 진짜 존경스럽네요 뭘 해도 성공할 분이네요 😮 행복하세요~,0,2024-03-22T13:57:52Z
@sorentocanival3693,대단하네.. 자극받고 갑니다,0,2024-03-22T13:18:01Z
@kittyCHO69,다이어트는 정말 피나는 노력이죠.. 응원합니다^^,0,2024-03-22T13:12:01Z
@ethereal3540,얼마나 참고 열심히 노력했을지 ㄷㄷㄷ,0,2024-03-22T13:03:23Z
@null-cp8en,정말 쉽지 않았을텐데 너무 멋있습니다! 화이팅입니다,0,2024-03-22T12:44:15Z
@wanderlust8899,존경합니다,0,2024-03-22T12:20:59Z
@강정윤-t6t,사기자,0,2024-03-22T12:17:00Z
@꼬붂꼬북,와 인간승리다 화이팅,0,2024-03-22T11:42:14Z
@soasoo2938-fv8mn,평생 죽기살기로 관리안하면  금방 다시 전으로 돌아갈거임.ㅋㅋ,1,2024-03-22T11:30:07Z
@kk-eh3iu,츄? 맞나 그 분 닮았어요,0,2024-03-22T11:20:25Z
@guenguen-bb,100키로 이실때도 본판이 로또가보이네요 .. 고생 많으셨습니다 더 노력해서 더 멋진몸 가져 보자구요,0,2024-03-22T10:48:09Z
@노봉준-l6g,넘 이뻐여❤❤❤❤❤❤,0,2024-03-22T10:30:39Z
@fucking_china,페미니스트 탈출 축하드립니다,0,2024-03-22T10:26:22Z
@abondodon9918,"존나 대단하십니다..
응원합니다",0,2024-03-22T09:31:19Z
@동휘동휘-q4p,존나 멋있다 나도 다시 운동 빡세게 해야지,0,2024-03-22T08:36:32Z
@JohnLee-xv4gu,고생하셨는데 더 빼셔야 함,0,2024-03-22T08:15:15Z
@군침싹도노,이쁘다❤,0,2024-03-22T07:59:37Z
@개-l5x,이정도면 없던 성취감도 생길듯 ㄹㅇ,0,2024-03-22T06:50:53Z
@MI-CHOO,남자친구는 복권긁은셈이네...대단하다 진짜,0,2024-03-22T06:19:02Z
@Jay71335,61kg부터가 진짜 시작입니다 화이팅 갑자기 빠지는속도 확 줄어들음,0,2024-03-22T06:02:43Z
@Ter0091,주변에 뚱뚱해도 괜찮다는 개소리 하는 사람들만 걸러도 다이어트에 도움 엄청 됨. 뚱뚱한건 절대 괜찮은게 아님.,1,2024-03-22T06:01:35Z
@선도부장-m8n,와 가슴은 안 빠지네..,0,2024-03-22T06:01:05Z
@김똥팔-x1s,와,0,2024-03-22T05:36:18Z
@어쩔수없는박춘식,"저도 살안찌는 체질인줄 알고 막 살다가 75에서 96까지와서 현타 엄청 오고 지금 80까지 감량했어요
저보다 더 열악한환경이셨을텐데 대단하시네요
응원합니다 !",0,2024-03-22T05:01:45Z
@JH-jx1bk,늘어진 피부는 어카노..,0,2024-03-22T03:50:24Z
@MolCampTea,뭘해도 될듯,0,2024-03-22T01:49:06Z
@dust-m3t,어쩌다 116까지 간 게 더 궁금해지네,0,2024-03-22T01:19:35Z
@bloedo2708,🎉,0,2024-03-22T00:58:51Z
@나무좋아-l8c,멋지다!!,0,2024-03-22T00:47:52Z
@백수한량-x3h,이쁘당~~~,0,2024-03-22T00:10:22Z
@comitee5118,버크셔에서 고질라로 진화,0,2024-03-21T22:57:08Z
@kylecho8346,60킬로대로 들어가면 초미녀되시겠다~화이팅,0,2024-03-21T21:52:13Z
@dosauchida,온리팬스로 보고싶은 몸매가 됐네,0,2024-03-21T19:34:48Z
@ArtiSt_00kr,축하드립니다 다이어트가 칼안대는 성형이라는 말이 맞군요 운동욕구 자극되네요ㅎㅎ,0,2024-03-21T19:25:39Z
@iluvyou89ify,"우와 엄청 나시네요
얼마나 힘드셨을까요
앞으로 꾸준히 운동 하셔서 건강 하게 
행복하세요",0,2024-03-21T19:00:33Z
@eoksaekim,아이고 고생많으셨다...,0,2024-03-21T18:13:36Z
@seongwol4252,"이런사람들 볼때마다 참 열등감든다
나도 이런 노력을 해본게 도대체 언제였을까",0,2024-03-21T15:23:10Z
@서연이-n1z,빈말이아니고 더빠지면 진짜 존예일듯요,0,2024-03-21T15:03:18Z
@user-vc2ux3lx4j,ㅘ...사람이 달라지네,0,2024-03-21T14:59:27Z
@onvai3356,역시 사람은 체중을 줄여야 이쁘요,0,2024-03-21T14:16:51Z
@headolTY,노력 많이했네요.. 진짜 고생하셨어요 앞으로도 힘내세요😌🙏,0,2024-03-21T13:47:33Z
@itsmeju7979,화이팅~~,0,2024-03-21T13:20:03Z
@OnlySleep88,줫댄다…이게 인간의 의지지….,0,2024-03-21T12:59:53Z
@7podae347,"파이팅!!
최고 성형을 하고 계시군요!
천천히 하지만 꾸준히!!",0,2024-03-21T12:13:18Z
@김치찌개는쫀듯살,"지린다 ㅋㅋㅋㅋㅋ
이미 복권 당첨 된듯하니
마저 긁으시길",0,2024-03-21T11:50:51Z
@김또깡-q5d,꿀꿀,0,2024-03-21T10:35:43Z
@지나가던나그네-p6j,저 정도 의지면 못하는 게 없지 않을까....,0,2024-03-21T09:44:37Z
@외노헌터,루주라,0,2024-03-21T07:57:19Z
@ooooowho,"아직 비만이라고 하시는데, 그래도 운동하는 몸이어서 그런지 엄청 건강해보이고 곡선이 예쁘네요! 멋진 동기부여 영상인것 같아요 😊",0,2024-03-21T07:55:52Z
@newtypeamuro1,와….. 진짜이건 박수쳐줄수밖에 목표하신 무게까지 화이팅 하시고 뺀거에 의의보단 목표무게 찍으시고 유지하는거에 의의를 두시길 저는 요요 두번오고 이제야 건강하게 빼고 유지중입니다 😂 ㅋㅋㅋㅋ,0,2024-03-21T07:28:56Z
@다슬기-n9w,개멋있어,0,2024-03-21T07:05:19Z
@kowo0104,화이딍!,0,2024-03-21T06:41:47Z
@곤끽,고생하셨습니다 👏,0,2024-03-21T06:32:50Z
@killi8069,인간승리,0,2024-03-21T06:29:07Z
@NEXT19cm,거봐 할수 있자너 다들 반성좀 해라 못하는게 아니라 나태한거애,0,2024-03-20T16:32:39Z
@오-h5w,퐈팅,0,2024-03-20T16:10:11Z
@enjolee2838,와…. 살빼니까 이뻐지는거봐…..,0,2024-03-20T15:50:17Z
@강철심장-l8o,우와,0,2024-03-20T14:01:15Z
@IIIIIIIIlllllll,청주인가 순간 수암골 카페가 보이네,0,2024-03-20T13:14:25Z
@jimin97937,저도 다이어트 중인데 살처질까봐 무섭거든요... 그건 어떻게 해결하셨나요?,0,2024-03-20T12:32:41Z
@누밍훙녕,살뺐는데 가슴안빠진거 보면 진짜 선택받은 유전자네,0,2024-03-20T11:36:03Z
@아이지-e2n,힘내세요! 모든 이들에게 선망받는 사람이 되길..,0,2024-03-20T10:59:32Z
@키임도오,정말대단하세요~,0,2024-03-20T10:39:01Z
@주히_92,"진심으로 박수보냅니다
다이어트.. 쉽지않은데 40kg....
진심으로 존경합니다
앞으로 꽃길만 가시길!!",0,2024-03-20T10:31:17Z
@후리한면상,존경의박수!!!!!!,0,2024-03-20T10:13:12Z
@tv-ii1rg,근데 살이 있으셔도 이쁘신거죠?,0,2024-03-20T09:47:33Z
@garlicdeeping_sauce4130,어캐했노,0,2024-03-20T09:25:04Z
@ooimuchim,노력하는 모습 너무 아름다우십니다☺️,0,2024-03-20T08:56:44Z
@rlsooe,응원합니다😊🎉,0,2024-03-20T08:45:33Z
@피지컬발전소,진짜 인간승리네요. 얼마나 운동하셨을지 가늠이 안되네요.,1,2024-03-20T08:27:38Z
@잼죄노-x2u,찐게낫다,0,2024-03-20T05:57:22Z
@arashi1120,"대단해요 멋집니다 화이팅하세요!!!
댓글 잘 안달고 눈팅만 하는데 ㅎㅎ
피나는 노력 성공으로 놀래서 글 쓰고 지나갑니다.😊",0,2024-03-20T05:18:56Z
@skydust4921,지린다,0,2024-03-20T05:03:56Z
@xodn779,멋져요,0,2024-03-20T04:26:47Z
@Killing666,이제 25키로 더 뺍시다,0,2024-03-20T04:22:05Z
@RollingRolling1,"이야..대단하십니다.. 4키로 빼는것도 시간도 오래걸리고 정말 힘든 일인데 40키로라니요,,ㄷㄷ 대단하세요",0,2024-03-20T03:33:08Z
@현정-e6g,대단하세요. 화이팅,0,2024-03-20T03:13:12Z
@손탁탁,화이팅,0,2024-03-20T03:11:51Z
@개우디-m7z,빼도 75..ㄷㄷ,0,2024-03-20T01:37:47Z
@ji_ok,아이고 고생 많았다. 다시 돌아가지 말고 행복하게 살어.!,0,2024-03-19T19:05:35Z
@jjiiii-i9v,멋있어요,0,2024-03-19T15:00:08Z
@smilemin_,20kg 남았다 당첨된복권 기대할게요🎉,0,2024-03-19T14:52:40Z
@ejk9954,조금만 더 빼시면 더 이쁘실듯,0,2024-03-19T13:44:39Z
@퀔-q5r,멋진사람!!❤❤,0,2024-03-19T13:13:32Z
@김희원-l7y,목표 -20에서 10까지왔는데도 죽을꺼같은데 어케한거...,0,2024-03-19T09:57:40Z
@natynlo9649,인간승리임 앞으로 뭘해도 잘될거임,0,2024-03-19T08:14:44Z
@Unkwon616,미드 장난아니네... 살 빠져도 클것같아 부럽네요ㅠ,0,2024-03-19T06:37:04Z
@박시현-g2x,완전 멋있어요!!! 악플같은거 신경쓰지마세요 님 처럼 의지 같은 사람들 흔치않아요,0,2024-03-19T05:34:30Z
@김경호-f1h,로이더네,0,2024-03-19T03:41:48Z
@jonathanyhim2858,어보미네이션이셈?,0,2024-03-19T02:31:49Z
@user-tq4lp7zi2z,왐마 야무지게 빼시네 나도빼야지,0,2024-03-18T16:59:10Z
@asvdator8520,저도 지금 다이어트중인데 존경스럽습니다!,0,2024-03-18T11:07:42Z
@교-f3d,화이팅 점점 빛이나네요,0,2024-03-17T20:02:43Z
@zzxxccvvbbnn,정말 대단하시다 인간승리,0,2024-03-17T19:47:08Z
@FMI,건강미 굿! 앞으로도 화이팅입니다,0,2024-03-17T13:56:50Z
@유리겅듀,"진짜 대단하네요 저도 20키로 감량했었는데 처음 스타트 라인부터 운동이나 식습관 조절에 익숙해지기 전까지 진짜 힘들고 고된데 무려 40키로나 빼시다니 진짜 감탄만 나와요.

앞으로 뭘 하시던 다 성공하실거에요. 앞으로 좋은 일만 가득하길 바래요!",0,2024-03-17T13:49:33Z
@e0oe0e0o,의지력 진짜 존경스러울 정도로 대단하시네요.. 살 빼기 진 짜 힘들었을텐데 진짜 고생 많으셨구 힘들게 다이어트 성공한 몸 요요없이 그대로 쭉 유지 하셨음 좋겠습니다 화이팅 응원할게요,0,2024-03-17T11:58:58Z
@captinpriceentarozeratul8114,열심히 노력하신 것 같아요 화이팅 👍👍👍,0,2024-03-17T07:54:45Z
@CrongCrong-qr4yp,대단합니다. 뼈깎는 노력.,0,2024-03-17T06:54:21Z
@leeyonghoon1,헐,0,2024-03-17T06:53:35Z
@hyneeeee,예쁘다 화이팅이요!!!,0,2024-03-16T21:47:42Z
@subsub2839,벗겨놓으면 뱃살 혓바닥마냥 늘어져있것노,1,2024-03-16T16:35:14Z
@aaaaaab434,미녀는 괴로워 생각나네요😂 대단하십니다,0,2024-03-16T15:58:23Z
@Ilovebts4031,와 뭐지 진짜 이쁘다,1,2024-03-16T14:28:04Z
@썸머-o5i,노력에 박수를 보냅니다 👍,0,2024-03-16T12:44:41Z
@Joyjoy_1213,진짜 너무 대단하세요.....,0,2024-03-16T10:05:21Z
@요쿠쿠하세,요요오지말라고 싫어요 누르고 가요 요요 싫어,0,2024-03-16T09:45:55Z
@rocknrollbaby365,와 난 5킬로 빼기도 빡센데 ㄷㄷㄷ,0,2024-03-16T07:10:11Z
@억까만당함,와.. 이런게 인간승리! 진짜 말하지 않아도 노력한게 보이네요. 너무 멋있어요,0,2024-03-16T06:58:46Z
@집가고싶은나는,"존나 멋있다 
릴스로 지랄하는 가수지망생보다가 이사람보니까ㄷㄷㄷ",0,2024-03-15T13:45:50Z
@퐁퐁인직꽃뱀뚜밥,맘마통 야무지네요,0,2024-03-15T10:52:31Z
@곰익,가슴 ❤❤,0,2024-03-15T10:38:03Z
@곰익,가슴이 그댜로라 개박,0,2024-03-15T10:37:57Z
@세월-x7t,진심으로 존경합니다 멋지시네요,0,2024-03-14T19:36:32Z
@안뇽-f3q,와... 진짜 대단하시다... 나는 살 쪘다가 빠지니까 튼살 너무 많던데...,0,2024-03-14T18:18:43Z
@시드니못된형,뭐든 해낼 수 있을거 같다 진짜 대단하네 ㄹㅇ,0,2024-03-14T14:14:48Z
@킴조커-y6j,힘드셨겠네,0,2024-03-14T11:15:57Z
@handle_7274lw,복권 부럽달,0,2024-03-14T02:07:17Z
@현정호-i9n,..? 어떻게..?,0,2024-03-13T22:34:44Z
@카라이프-e8b,70대가제일이쁜듯,0,2024-03-13T21:59:02Z
@LDH21,진짜 복받았다 어떻게 가슴은 하나도 안빠지냐...ㅡㅡ,1,2024-03-13T13:48:42Z
@sg-jm8ph,힘내세요! 멋지다!,0,2024-03-13T13:16:45Z
@lilillliilllilil,"의지가 좋은분이네 다이어트 더
성공 하시길!!!",0,2024-03-13T12:55:56Z
@전기-p2z,와 대단하십니다...,0,2024-03-13T10:19:33Z
@userhandlejenjangyutmug,이 분이 앞으로 해내지 못할일이 뭘까… 그저 감탄..😮,0,2024-03-13T10:10:30Z
@irismarigold,더 빼면 이뻐지겠다.,0,2024-03-13T07:09:51Z
@정훈-x9z,더빼세요,0,2024-03-13T03:16:58Z
@xxxyy-h3o,잘했어요😊 조금만 더 분발하시면 될듯,0,2024-03-13T01:06:00Z
@힘들다-h1p,존경스럽네요전  5키로도 빼기가 힘들던데 대단한의지네요,0,2024-03-13T00:52:14Z
@1a2a3a4a-i9r,탈코르셋해야지 그냥잇어라,0,2024-03-12T16:46:21Z
@다해아빠-e5r,더빼야...,0,2024-03-12T15:50:25Z
@seungchanlee1950,인간승리네 ㄹㅇ,0,2024-03-12T15:48:43Z
@하울의무빙오지는-d6m,뭔차이에요?,0,2024-03-12T14:58:45Z
@김대희-c9x,20더빼면 니는 존예다,0,2024-03-12T14:56:02Z
@klee9123,본인도 아시겠죠? 116일땐 인간취급을 당하던게 아니였다는걸,0,2024-03-12T14:21:35Z
@최산아,ㅇㅇ더빼셈,0,2024-03-12T12:37:08Z
@rjaenddl025,"대단하시다ㅜㅜ
어떻게 노력을 하셨는지",1,2024-03-12T12:19:59Z
@임삼성-t9y,와 남아야할것만 남은걸 더 축하드립니다,0,2024-03-12T11:55:00Z
@아-n3p,진짜 대단하세요ᆢ저도 요요와서 83에서 계속 빼고 있어요.무리하지말고  건강하게 다이어트하세요~^^,2,2024-03-12T11:39:53Z
@andrewy7791,본판 불변의법칙이넹,1,2024-03-12T09:55:26Z
@our_kismet,멋지고 존경스럽습니다. 파이팅입니다~~!,0,2024-03-12T09:53:10Z
@빈센트-x9f,새로운 인생을 시작한걸 축하드려요 ㅋㅋ,0,2024-03-12T08:18:52Z
@휘뚜루마뚜루-z2f,쉬울거같냐 뒤진다 저거,0,2024-03-12T08:00:31Z
@jiwoujung1078,"인생승리다
우습게, 쉽게 보는데
수술없이 40kg 빼는건
3대 500치는거, 5급 고시 하는거 하고 견줄만한거다",0,2024-03-12T07:13:28Z
@kno5870,존경합니다,0,2024-03-12T06:22:19Z
@문땅후니,"3키로 빼기도 힘든데 40키로라니…
멋져요🎉🎉🎉",0,2024-03-12T05:38:21Z
@퀴퀴바퀴,역시 최고의 성형은 다이어트군요 멋져요,0,2024-03-12T05:37:02Z
@prettysavage4859,파이팅,0,2024-03-12T05:15:34Z
@jtseong6914,몸무게가 아니라 안경이 문제였던 거 같은데요 ㅋㅋㅋ,0,2024-03-12T05:03:23Z
@듀란-k9m,76인데 왜 이쁮,0,2024-03-12T03:53:17Z
@꼰정-n2o,그 다 좋은데 다이어트변회영상에 보정은 좀 빼자..,2,2024-03-12T03:35:38Z
@마네요즈,기본적으로 사랑스럽게 생기셨네,0,2024-03-12T02:35:14Z
@태구-m3v,이야 개머싯다 응원합니다,0,2024-03-12T01:57:36Z
@오히루요,화이팅,0,2024-03-12T01:52:16Z
@afpk1444,긁으니까 복권 3등은 되는 것 같음. 끝까지 긁으면 몇 등일까.. 두렵다 이젠,0,2024-03-11T21:46:15Z
@하이헬로,damn 사람한명 빠져나갔네 수고하셨습니다,0,2024-03-11T19:00:26Z
@Hannamchung,딱 20키로만 더 노력하면 인간다운 삶을 누릴수 있을듯,0,2024-03-11T18:46:52Z
@shownugom,40키로빼면 살쳐짐은 어떻게 관리하나여,0,2024-03-11T16:19:38Z
@kukusum_ck,ㅇ,0,2024-03-11T14:23:09Z
@jake00076,인간승리가 이런거지,0,2024-03-11T13:49:52Z
@성검-v5r,살빼니 아름다우시네요 고생하셨어요,0,2024-03-11T13:39:51Z
@nsemw11,대단하심 응원할게여,0,2024-03-11T13:15:21Z
@leeree745,Respect,0,2024-03-11T10:31:15Z
@달리고싶은러너,대단합니다.,0,2024-03-11T10:03:40Z
@choijang90,다이어트 하는중애 보면 진짜 존경스러워지는 영상,0,2024-03-11T08:46:29Z
@bitk1479,당신은 꽃입니다,0,2024-03-11T06:38:39Z
@영수-i2z,저도 110,0,2024-03-11T00:41:09Z
@slsjdisjdhiabehd,정말 대단하십니다 기운 받고 갑니다!!,0,2024-03-11T00:23:25Z
@행복하고싶어요-x6p,살빼기전에 약간 엄지윤 닮으셨네요 ㅎㅎ 대단해요 감량❤,0,2024-03-10T23:04:07Z
@김원홍-x3y,존경합니다,0,2024-03-10T20:08:47Z
@으스으,와 진짜 대단하다 100kg에서 빼는거 진짜 쉽지 않은데,0,2024-03-10T16:53:30Z
@h_hmm_m,진짜 엄청난 의지네요. 엄청 멋져요!,0,2024-03-10T11:44:47Z
@joon3050,와 대단하다,2,2024-03-10T11:31:30Z
@오늘내일하지않음,먹는게 너무 행복한거에 비해 진짜 빼는 과정은 헬이죠!!!! 과정을 알기에 응원합니다!! 그래도 꼭 챙겨드시면서 하세요!!!,0,2024-03-10T10:57:19Z
@이선민-d2f,대단하다...4kg도 못빼서 이러고 있는데...쵝오!!!,0,2024-03-10T10:35:51Z
@그란쿠페-f3f,ㅅㅂ 난 오늘도 치킨 먹었는데 하,0,2024-03-10T09:09:47Z
@오른손부셨음,"와... ㄹㅇ 안긁은 당첨 복권이셨네 ...
너무 멋지십니다...
다이어트 지속하는게 너무 힘들어서 최종 목표치에 도달하지 못하고 매번 고꾸라졌는데 ... 부끄럽네요. 😅",0,2024-03-10T05:04:26Z
@프로-s5s,보인다 보물이,0,2024-03-10T01:30:27Z
@TheGkswlsdn72,만족하시죠? 살에 가둬두기엔 너무 예쁜외모를 가지셨어요,0,2024-03-10T00:58:31Z
@peachblossom2421,사실상 가슴이 30키로는 됨..,1,2024-03-09T23:01:17Z
@peachblossom2421,76부터 섹시함,0,2024-03-09T23:01:08Z
@xOwOx333,꾸준히 운동 식단 하셨을 고생에 멘탈에 진짜 박수드립니다! 멋져요!!,0,2024-03-09T08:29:52Z
@제빵김탁구,이쁜얼굴이네요 힘내세요,0,2024-03-09T07:15:47Z
@조성재-h1m,ㅂㅅ,0,2024-03-09T06:32:08Z
@죄수번호3617윤석열,봉준인줄,0,2024-03-08T22:44:08Z
@흰둥이-r9f,개이뻐지셨네요,0,2024-03-08T13:38:49Z
@쫀쬰,식단으로 어느정도 빼고 운동 하셨나요?? 혹시 운동 루틴이 있는 영상은 따로 업로드 되어있나요?? 👀,0,2024-03-08T10:57:26Z
@이지현-f9c9f,"우와❤ 지금도 보기좋은데 아직 다이어트 진행형이시라니까 응원하고갑니다!!!!! 
안긁은 복권 꽝이 많다던데 심덕님은 곧 1등!!!되실거같아요",0,2024-03-08T09:15:53Z
@무지개-o6l9s,"와...개쩐다 진짜
비만도 어느 순간을 넘어가면 호르몬의 문제라 의지만으로 되는게 아닌데 무려 40kg나...진심 존경합니다!! 뭘해도 잘되실거에요..기운받아가요😊",0,2024-03-08T09:01:15Z
@hoon_JK,대단해요ㅜㅜ 존경합니다,0,2024-03-08T07:15:51Z
@ohmm2522,세상에 너무너무 이쁘다용! 외모의 변화보다 힘드셨을텐데도 계속 열심히 하는 당신에게 진심 응원의 박수를 보내요. 함께 열심히 운동해서 더 건강한 라이프를 즐겨봐요! 기운내세요!,0,2024-03-08T05:43:30Z
@jjung__2,정말 잘하셨네요😊,0,2024-03-08T00:23:43Z
@으으으-01,저는 주방일하는 분들 운동해서 목표 이루는 싸람들 개존경함😮,0,2024-03-08T00:15:51Z
@김꽊준,"이런분이 성공해야함,,",0,2024-03-07T23:00:04Z
@누나야강변살자,김향보다 와꾸는 조금아쉽지만 글래머시군여!,0,2024-03-07T20:31:36Z
@하나2509,대단하세요👍 116키로일때 주로 어떤 운동을 하셨나요,0,2024-03-07T17:23:55Z
@owen8623,와 진짜 끈기 미쳤다… 일주일에 3일도 운동 가기 싫어 죽겠는데,0,2024-03-07T15:07:07Z
@kimjunyoung07,미소야 좀 보고 배워라 가수지망생 ㅇㅈㄹ 하지말고 ㅋㅋㅋㅋ,1,2024-03-07T14:56:33Z
@독고선우24,찌찌 개부럽다,0,2024-03-07T09:42:08Z
@_5915,와..진짜 복권..,0,2024-03-07T08:52:20Z
@hololo1452,와 벌써 다른 사람이 되셨네. 목표체중까지 포기하지마세요,0,2024-03-07T08:38:24Z
@RomanReigns453,멋집니다. 하지만 빼고나서 유지하는게 더 힘들다고 들었습니다 열심히 합시다.,0,2024-03-07T05:37:58Z
@weareone_0817,의지 진짜 대단한분이다....,0,2024-03-07T04:24:15Z
@old-and-rich,와 진짜 감동이네요.. 정말 존경스럽습니다.,0,2024-03-06T15:40:49Z
@끼룩-j7u,백종원 : 아니 돌아갈까봐그래 돌아갈까봐,0,2024-03-06T13:13:25Z
@같다-m7c,76 존예 ㄷㄷㄷ,0,2024-03-06T13:09:08Z
@하룡이-j2x,와 15키로정도 빼는것도 진짜 힘들었는데. . .40키로ㅎㄷㄷ 대단합니다. . 와. . . 진짜 앞으로도 힘내세요😊,0,2024-03-06T09:10:21Z
@jaeyoungso7399,최고에 성형은 다이어트,0,2024-03-06T05:51:21Z
@user-kf5yq2sd3k,키가 궁금해요 !,0,2024-03-06T03:45:46Z
@sugarvine_,멋져요 앞으로도 건강 유지하시면서 화이팅입니다!,0,2024-03-06T03:39:26Z
@activ086,와 두번째 짤 ㄷㄷㄷ,0,2024-03-04T15:41:08Z
@killma683,"진짜...복권 당첨확정인 분이시네
부럽습니다♡",0,2024-03-04T11:27:58Z
@gti-p1l,귀여워요,0,2024-03-04T10:01:18Z
@마구유시0206,진짜 대단하다,0,2024-03-03T20:45:13Z
@머릿기름-o4c,저도 본받아서 정말 열심히할게요 저도 평균체중을 목표로하고 있습니다,0,2024-03-03T13:56:51Z
@cho5428,"우와~~님의 의지력에 박수를~~~당근식단하셨을거고, 운동은 어떤거하신걸까요?",0,2024-03-03T12:37:45Z
@leedudindin,와 고생 많으셨겠다 👍🏼👍🏼,0,2024-03-03T11:49:42Z
@원주DB,"키가  몇인가요 ~?계속 더 빼시길
짱입니다  인간승리다
요요 조심하시고 ᆢ 요요 무서위요",0,2024-03-03T08:20:29Z
@허나비-z5r,노력 하시는모습이   넘아름답네요~응원합니다,0,2024-03-03T06:35:46Z
@구과자,응원합니다. 다이어트는 건강을 위해서라도 필수입니다.,0,2024-03-02T22:01:23Z
@kedogi,어이구 진짜 수고하셧네요 대단합니다.,0,2024-03-02T16:09:12Z
@레오레오-c9b,20키로 더 빼면 여신될듯,0,2024-03-02T15:19:41Z
@zoelee203,의지 대박이시네요ㅠㅠ 전 고작 오키로도 못빼서 이러고 있는데… 내일부터 다시 시작해야겠어요. 모쪼록 건강 상하지 않게 관리 잘 하시면서 빼셨으면 좋겠어요❤,0,2024-03-02T13:46:41Z
@옹이_미옹래옹,응원합니다👍,0,2024-03-02T12:41:13Z
@BBongGGuRackJi,우와 첨에 배리나인줄..화이팅,0,2024-03-02T08:18:05Z
@즐거운우리집-z8y,멋지다.,0,2024-03-02T02:38:21Z
@태국-v9y,대단허다,0,2024-03-01T17:24:01Z
@그립습니다윤어게인,"와..저도 지금 못하는 다이어트를 성공하셨네요!
항상 응원할테니까 제발 잘 살아만 계셨으면 좋겠습니다 횐이팅",0,2024-03-01T14:27:27Z
@소라강-k1r,대박....,0,2024-03-01T14:20:08Z
@박헌도-q4d,푸드루팡아님?,0,2024-03-01T13:58:51Z
@mcj8304,화이팅.,0,2024-03-01T13:36:38Z
@GhG-gw5nm,인간승리-,0,2024-03-01T12:33:10Z
@조경대-j9r,열심히 한만큼 대가를 받길 바래요,0,2024-03-01T12:19:53Z
@맨날술이야-u3l,와우~~~~~~\~~❤,0,2024-03-01T03:29:15Z
@assault1221,"저도 의사 선생님의 권유로 다이어트를 시작 했습니다
제가 하고 있어서 더욱 그런지 정말 존경스럽습니다
다이어트 가 너무 힘들때 견뎌지는 꿀팁 같은 거 있으실까요 ㅠㅠ 흑흑
영상으로 접했지만 항상 응원 하겠습니다 !!😊😊",0,2024-02-29T19:01:02Z
@UserAaa-ye2ih,와 개미쳤다. 존경합니다,0,2024-02-29T14:57:12Z
@user-mc5mwhdhfjdjdhrh32,입술 개별로.. 존나 아줌마같아,0,2024-02-29T14:36:51Z
@추오asdf,아오 난 5키로도 못빼서 맨날 이모양인데 당신은쵝오❤❤❤,0,2024-02-29T08:12:28Z
@봄이-w9i,"우리 아들이 군대 가서 20키로를 감량하고 왔어요..근데 입대전엔 오만곳이 다 아프다고..😢
특히 오래걸으면 무릎아파 잠을 못잤는데..전역후엔 건강해졌어요..특히 무릎통증 전혀..지금은 185에 72키로 유지하는데..
님 의 대단한 의지에 박수 보냅니다..건강하십시오..",0,2024-02-28T21:01:16Z
@kkoomkkoo,❤❤❤,1,2024-02-28T15:00:57Z
@tapecorrection592,저도 22키로 빼봐서 알아요 칭찬받아 마땅합니다,0,2024-02-28T06:55:32Z
@Kim-ry7hq,"응원합니다
멋져요",1,2024-02-27T20:35:43Z
@고잔-i1e,20키로더빼라,0,2024-02-27T14:34:40Z
@코기는귀여워,와 진짜 힘들었겠다,0,2024-02-27T13:28:53Z
@김유신-r6d,더빼시면 더 예뻐지실 것 같아요,0,2024-02-27T13:04:45Z
@둥둥-p9n,화이팅!,0,2024-02-26T20:51:16Z
@lilly-----,화이팅❤,0,2024-02-26T14:01:08Z
@콘칩-u1i,이분은 진짜 숨은 복권이신듯 지금도 이쁜데 더빼면 미칠듯 근데 외모를 떠나서 많이 쪘을수록 힘든데 대단하네요,0,2024-02-26T12:31:43Z
@d_gkim2452,40kg ㅎㄷㄷ 진짜 넘넘 대단하셔유!😮😮,0,2024-02-25T08:55:25Z
@수진김-d6f,살빼기전에도 피부가 좋네요,0,2024-02-25T04:00:18Z
@아메리카노-i9s,이쁜척 안돼,0,2024-02-25T02:23:21Z
@바다거북이-i1r,2번째 사진보고 놀라서 10초간 기절했네,0,2024-02-23T21:50:30Z
@ivjun02,진짜 다이어트가 사람 이미지를 완전 바꾸네요 ㄷㄷㄷ,0,2024-02-23T16:37:13Z
@kumami-z5s,박수박수 나도 오늘부터!!ㅎ,0,2024-02-23T05:33:58Z
@나유희-t8s,"응원합니다~~
잘했어요~~",0,2024-02-22T10:50:03Z
@realfreeelf,76키로도 개삽돼진데 그전이 초삽돼지라 ㄷㄷ 40키로까지 더빼삼  원랴 개삽돼지에서 삽돼지까지 빼긴쉬움 ㅋ 멸치되는게 진짜 어려움 햇던거 강도 3배는 더해야됨 지금은 다시쪘겠지만 파이팅,1,2024-02-22T06:10:07Z
@진진진-l9q,킵고잉하시는분이랑 다르시네..,0,2024-02-20T15:59:57Z
@Unriped-apple_scent,응원해욤,0,2024-02-20T11:26:14Z
@뉴욕1,"나 30키로뺐는데
대충 식단하고 운동하면 빠지겠지가아님
설령내가 죽더라도 이식단과 운동은한다 라는 마인드로 몇개월간 하게됨
그때부턴 이미 살빠지는건 상관없음 빠지는지 느껴지지도않음
나 스스로에게 내리는 형벌임",0,2024-02-20T07:50:01Z
@jsy28w,와...미친..40키로면 4학년?3학년?한명 빠져나간 셈인데..미쳤어요..!!,0,2024-02-20T07:01:50Z
@응그래니-s9z,ㅈㄴ 대단하다 ..,0,2024-02-19T07:01:36Z
@메지컬,멋있다!!😊,0,2024-02-18T20:15:20Z
@ssunami,살이.쪘을때도 그상황에서고 관리 하시려고 항상 신경 쓰셧네요. 노력에 박수를 보냅니다^^,0,2024-02-18T09:31:24Z
@kch2564,화이팅🎉,0,2024-02-18T00:42:38Z
@제바류-j8d,몸에 근육이 붙으니까 몸이 엄청 좋아지셨네요 ㄷㄷ,0,2024-02-17T12:11:40Z
@bes4448,❤,0,2024-02-17T01:42:28Z
@주식잘하고싶다-u1y,긁지 않은 복권이셨네요...,0,2024-02-17T01:08:46Z
@makingguy1,어머깜짝이야 씨발!,0,2024-02-16T22:54:13Z
@heyjayprem,이 언니 슴수저네... 그냥..그렇다구요..,0,2024-02-16T15:33:19Z
@conanabc,감량 대단...화이팅,0,2024-02-15T01:34:26Z
@yuriv3v6q,"대단하세요!! 몸매가 멋져요!!
전 고도비만인데 팔뚝 배 엉덩히 허벅지는 진짜  큰데 바스트는 약하고...
살 빼는데 같이 빠지고 ㅠㅠ
찐 것보다 좋지만 s라인 만들고 싶어요 ㅠㅠ",0,2024-02-14T18:25:55Z
@산청흑돼지-q2z,졸귀탱ㅜㅜ,0,2024-02-14T17:40:12Z
@chunrang1981,116kg. ㅋㅋ,0,2024-02-14T10:11:16Z
@kingling_kang,와..사람이 완전 바뀜;;예쁘다,0,2024-02-13T11:39:22Z
@프로-i2y,진짜 죠까이생겻다,1,2024-02-12T23:50:52Z
@jameson8184,근데  원래이뿌얼굴있었는디요  성형은아닌뜻 살만빠졌다정도,0,2024-02-12T22:59:30Z
@TURNOFFYOURNOTEBOOK,👍,0,2024-02-11T07:15:59Z
@사각사각토끼,화이팅!!!,0,2024-02-10T16:17:20Z
@RaHD90,멋지다🎉,0,2024-02-10T07:32:29Z
@초롱이-l1q,진정한 인간승리다,0,2024-02-10T04:16:56Z
@peacelicious,완전 멋지세요!,0,2024-02-09T20:51:37Z
@adlerthepalm5703,와 리스펙이다… 대단하십니다,0,2024-02-09T14:18:34Z
@곤z,최고의 성형은 다이어트!!!,0,2024-02-09T13:18:18Z
@밍밍-r1g,뱃살운동추천이요!!!!!!,0,2024-02-09T12:39:01Z
@nineblack1,10키로도 감량 못하는 나는 도덕책...,0,2024-02-09T06:38:19Z
@cobukkun,어케햇누,0,2024-02-09T04:54:51Z
@lazysun7296,"와 넘 이뻐지고 건강해 보이네요
전 4kg도 못 빼겠든데 화이팅 ~~",0,2024-02-08T17:23:15Z
@loiloicloset9584,76인데도 갑자기 얼굴이 귀엽고 섹시한 느낌으로 바뀌시네요,0,2024-02-08T13:59:46Z
@jooyoungkim9844,페미로 오인받는 외모에서 그냥 좀 뚱뚱한 휴먼이 됬네요ㅎㅎ,0,2024-02-08T01:36:34Z
@hana_pan,응원합니다 목표 달성하시면 그 누구도 비교되지 않는 육덕(좋은) 퀸이 되실 수 있습니다,0,2024-02-07T20:59:48Z
@RenaB.a,76kg인데 저렇게 이쁘면 나중에 살 더빼면 얼마나 더이뻐지는거지,0,2024-02-07T08:34:06Z
@no89423,엄청난 의지 멋지십니다!,0,2024-02-06T17:37:26Z
@라이언하트-p5v,사귀자,0,2024-02-06T11:04:36Z
@s11g3d44h,빼도 뚱뚱하네,0,2024-02-06T07:49:59Z
@seainocean7,40kg대단하다   식이요법 운동 엄청나게 빡세게 하셨네,0,2024-02-06T07:31:43Z
@wheneverwherever,"저도 다이어트에 여러번 실패한 경험이 있어서 살빼는게 얼마나 어려운 일인지 잘 알고있습니다. 님 영상보니 의지가 정말 대단하고 뭘해도 잘하실것 같은 분이라는 생각이 듭니다. 
저도 본받아서 다이어트에 성공하겠습니다.",4,2024-02-05T14:57:30Z
@요엘리,최고의 성형은 다이어트래요! 짱미인되셨네요!.... 나도 화이팅!😂,3,2024-02-05T12:51:17Z
@구르미랑연이랑,우와~~대단하셔요ㅜㅜ 식단은어케하셨는지요,0,2024-02-05T10:36:37Z
@MMR-l7c,가슴 엉덩이 라인 넘 이뻐요❤,0,2024-02-05T05:41:03Z
@세븐업-d6y,대단하시네,0,2024-02-05T00:06:43Z
@daonfather,화이팅입니다!!!,0,2024-02-03T21:38:56Z
@i5o방방,와 진짜...대단하다는 말 밖에..,0,2024-02-03T06:42:18Z
@yhboo,타고난 S라인!!! 몸이 진짜 예쁘신거 같아요!,0,2024-02-03T01:14:42Z
@snow0531-g9g,"우와~
 대단하십니다
뭘햐도 성공하실 분이네",0,2024-02-03T00:33:03Z
@bagjpjh2411,살쪘을 때도 얼굴이 이뻤음,0,2024-02-02T13:14:23Z
@user-vg9uk3fh9y,담지야 넌 뭐하고있니 몇년째,0,2024-02-02T03:26:01Z
@감자엄마-d3p,정말 대단하세요~얼마나 힘들었을지~,2,2024-02-01T05:41:27Z
@김바다-r4x,대단해요 응원할게요,0,2024-01-31T02:49:00Z
@어지현-l9e,정말 대단하고 멋지네요~   👍,21,2024-01-31T02:12:25Z
@겨울이-z2g,대단합니다 화이팅,0,2024-01-30T12:00:41Z
@sweeticherri,우와 입술 사이즈도 줄어드네요.......?????너무 신기해요 대단하세용,0,2024-01-29T13:26:02Z
@huyns-s3n,살뺴면 입술도 빠지나 싶었는데 입술은 살찌던 안찌던 타고 나는 거구나,0,2024-01-29T12:01:30Z
@user-pu5sf3kx7d,멋지네요 40kg빼는데 얼마나 많은 노력이 있었을지 상상이 안되네요,3,2024-01-29T09:15:13Z
@안젤라-s2r,건강해보여요.ㅎㅎ,0,2024-01-29T05:02:29Z
@inkq2924,눈 존나이쁘네 땡글땡글해서 순해보임,0,2024-01-28T10:10:57Z
@카오루-b7l,"인간승리입니다!!!
대단해요😊😊",0,2024-01-26T04:27:22Z
@곤곤-e7m,"너무 대단하다 진짜
정신력 닮고 싶네요!
계속 화이팅 입니다!!",0,2024-01-18T09:45:58Z
@iwhite79,인내와 노력에 박수를👍🏻👍🏻👍🏻,1,2024-01-16T11:27:26Z
@DdoBbae,덕분에 의지뿜뿜하고 갑니다…,0,2024-01-15T13:43:15Z
@POPPING.0,진짜 미치게 대단하고 멋지다 ... 언니 너무 이뻥,0,2024-01-14T20:06:38Z
@토비알더베르통언,와 내스타일 육덕❤,0,2024-01-14T14:24:43Z
@The_Lit,멋지다~~~ 너무너무 예뻐용 ♥♥,0,2024-01-14T07:10:02Z
@user-pg7zx8vy4p,"저는 128에서 109 
저도 언젠간 두자리 가능하겠죠
진짜 대단하시고 존경스럽습니다",0,2024-01-14T04:53:34Z
@mnmnmnnm1488,"목표 kg를 혹시 여쭤봐도 될까요?! 안된다면 말구요!
저는 지금 정체기 인데 쉽지 않더라구요 ㅠㅠ

40kg 빼신거 보구, 그 의지와 끈기에 자극 받아서 저도 다시 힘내보려구 합니닷!!! 🫶💖",0,2024-01-14T01:21:20Z
@센츄리-l8x,진짜 최고의 성형은 다이어트가 맞는듯,0,2024-01-13T21:23:25Z
@richmom5067,화이팅❤❤❤❤,0,2024-01-13T11:07:22Z
@응디디_bb,"76 몸매 쩔어요
살이쪄도 이쁘게 찌네요ㅜ",0,2024-01-09T13:35:18Z
@다솜이의방구석,응원합니당❤❤❤,0,2024-01-08T20:11:54Z
@biotop1,피나는 노력이 보이네요,0,2024-01-08T11:19:15Z
@effy1104,러블리하다!! 노력에 응원해요😊,0,2024-01-08T06:06:15Z
@Soskxnc,67키로 같은 76키로 네요 제가 76일떄 저런 몸매가 아니였는데~,0,2024-01-08T00:24:58Z
@흐즈므르-l3i,화이팅 포기하지마셈!,0,2024-01-07T20:58:27Z
@고잉-k2z,그래봤자 튼살 어짤거임? 애초에 찌면 안됐어,0,2024-01-07T13:31:48Z
@Thebluess-b1w,지금도 예쁘세요! ㅎ 멋있어요,0,2024-01-06T13:57:29Z
@MyUndeadSims,"와 무게 많이나갈수록 식욕이 장난아닌데
이건 독한걸 넘어 강철멘탈인거...",0,2024-01-05T17:46:27Z
@오늘의내일-g7b,역겹다 그냥,0,2024-01-05T16:33:51Z
@그래도괜찮아지지않아,"와 건강하게 감량하신 게 티가 나네요, 너무 멋져요!",0,2024-01-05T13:37:28Z
@일탈낚시,힘내세요 복권 1등이시네요,0,2024-01-05T11:24:42Z
@느그왕,솔직히 100키로 넘어가면 주위사람들 응원없이는 힘들다. 의지박약의 문제가 아니지 진짜로. 밖에 나가는 자체가 두렵운거 맞습니다,0,2024-01-04T04:08:51Z
@길거냥-e6q,사랑합니다,0,2024-01-03T09:56:15Z
@솔민오,존예다ㅏ,0,2024-01-03T07:23:29Z
@갓린스,존경합니다,0,2024-01-02T23:55:24Z
@재준-x8y,"저도 다이어트중인데 40kg 빼는 법하고
저 다이어트 도와주세요 ㅠㅠ",0,2024-01-02T18:52:10Z
@eoni-jo4sw,"세상에... 너무 예뻐요~
이제 그예쁨 살속에 숨기고 살지말아요ㅜㅜ",0,2024-01-02T10:06:03Z
@변수철-n4l,지방흡입 하셨군요,0,2024-01-01T22:58:40Z
@뽐뽐뿌린,와 진심 멋있으심,0,2024-01-01T20:52:09Z
@user-bq4vq8ki3b,인간 승리,0,2024-01-01T12:04:47Z
@호오인쿄우마-01,이쁜데?,0,2023-12-31T20:46:47Z
@lch8313,와 그 의지 대단하세요,0,2023-12-31T14:46:49Z
@blueplint1204,안긁은 복권이십니다 화이팅❤,6,2023-12-31T06:27:46Z
@MN-qv7vz,더 빼라~~~,0,2023-12-31T03:10:37Z
@생체인키우기,복권 성공,0,2023-12-31T01:58:32Z
@ju301,"와우 저 이쁜 얼굴을 살이
다 가리고 있었던거네요. 역쉬 최고의 성형은 다이어트",0,2023-12-30T17:05:51Z
@정희라-t6j,"새해복 많이 받으시구요.
건강  챙기시면서 다이어트하세요^^",0,2023-12-30T12:13:30Z
@이놈의인기는,진행중인거지요? 화이팅,0,2023-12-30T09:21:50Z
@익쭈니-p1e,고생했어요,0,2023-12-29T14:04:41Z
@susk1717,ㅊㅊㅊ 대단하세요 화이팅입니다. 운동하는 사람들은 항상 응원해야합니다!,0,2023-12-29T11:49:16Z
@yyangah,대단해요 ㅠㅜ존경합니다 ㅜㅜㅜ,0,2023-12-28T17:15:51Z
@새빛-08q,40키로나 빠졋는데도 가슴살이 거의 안빠진다니...?!..충격...축복된체형,0,2023-12-27T18:17:08Z
@피어올라-y1r,와 서양인 몸매 👍🏼👍🏼👍🏼,0,2023-12-27T12:40:49Z
@user-qv2kf8ji4g,76인데 왤케 예뻐요?😮,0,2023-12-27T11:56:31Z
@러블리-e1j,키도 크신거같다,0,2023-12-26T15:21:27Z
@꼬부꼬부기-b5x,사실 76키로도 적게 나가는 몸무게인 건 아니지만(그래서 주인공분도 아직 감량 중이라고 하셨을 거고!) 근데 벌써부터 이목구비 자기주장 미뗬고...이건 뭐 당첨될 걸 알고 긁는 복권....👍넘 대단하고 외모도 의지도 짱짱⭐️,0,2023-12-26T14:23:49Z
@만년머글,"저두 20키로 빼고 약간 해이해졌는데
자극받구 갑니당 화이티이이이잉!!",0,2023-12-26T12:59:33Z
@paradiso807,"화이팅
의지가 대단하네요",0,2023-12-26T03:59:47Z
@graciousdignity7547,식이섬유질 무기질 풍부한 통곡뭍과 채소과일과 식물성 단백질풍부한 음식 잘 먹으면서 운동하면 목표체중 달성 가능할겁니다,1,2023-12-26T02:37:36Z
@김혜민-d1v,다이어트 성공 축하드려요❤❤❤,0,2023-12-25T08:44:34Z
@우영이네랙돌일기,오ㅠㅠ 이쁘세여ㅠㅠ 저도 다여트 하게해주세요🙏🙏🙏,0,2023-12-25T07:40:36Z
@간달프프,찐거는 귀엽고 뺀ㄱ ㅓ는 섹수 ㅣㅎ ㅓ다ㅏ.,0,2023-12-25T03:50:08Z
@Love58345,얼마나 먹어야 116이 되는걸까... 25키로만 더 빼면 퍼펙!,0,2023-12-23T09:37:51Z
@최애디지몬,전 복싱선수고 수분컷팅 후 90킬로로 다시 만들기위해 증량이 목표인데 실례지만 110킬로였을때 식단좀 알려주실수있을까요? 소화잘되는 음식을 주로 드셨나요? 60에서 80찌우는 건 성공했는데 살찌우려고 밥을 하루에 9공기먹고 급채해서 응급실간후 폭식요법은 엄두도 못내는 중이에요ㄷㄷ,0,2023-12-23T07:58:13Z
@선정-o5g,"와아... 저도 93kg에서 62kg까지 뺀 사람으로서 그 과정을 잘 알기에 더더욱 대단하시다는 말밖에 안 나오네요🥺
목표 몸무게가 몇이신지는 모르겠지만 그간의 도약을 발판 삼아 앞으로도 파이팅하시길 바랍니다!!!🔥🔥🔥
우리 끝까지 포기만 하지 말아요...🫶",121,2023-12-22T15:15:16Z
@빛나는인생-z5k,이뽀요❤,0,2023-12-22T13:27:30Z
@방긋방긋-b7i,누나 사랑해요~~!!,0,2023-12-22T12:52:47Z
@TheChootot,Respect,0,2023-12-22T10:26:33Z
@mymymy-r2i,대단하세요 잘했네 잘했어❤❤,0,2023-12-22T01:03:21Z
@쥴스-n3e,"저도 갑자기 15키로 찌고 빼는게 왜이리 어려운지.. 알아서 더 대단해 보입니다. 응원하고, 저도 응원 받고 갑니다!",0,2023-12-21T14:45:39Z
@chRl-fv8oc,빼기 전애도 ㅈㄴ 사랑스럽네걍,0,2023-12-21T07:29:43Z
@DWT-vj4rx,처음엔 가벼운 운동도 버거우셨을텐데 의지력 대단하시다 진짜… 저도 목표 몸무게까지 열시미 빼보겠습니당,0,2023-12-20T21:29:54Z
@end-u9g,"웃는모습말고 울고있던사진도좀
있는거 다 앎.",0,2023-12-20T12:04:39Z
@Mychrisisyou,훨씬 건강해보이고 너무 이뻐요!,0,2023-12-20T06:13:54Z
@kellylee5028,"자신이 얼마나 대견하고 예뻐보일까....
멋있어요😊  앞으로도 고생할 일이 많겠지만 목표한 바 이루셨으면 좋겠습니다!!!",0,2023-12-20T04:51:42Z
@oldboy0202,"예쁘시네요❤
화이팅!",0,2023-12-18T19:10:57Z
@Kkaw_Kkaw,다이어트로 인한 겉모습보다 열심히 다이어트를 해 성장한 당신의 내면이 더 멋있습니다 앞으로도 화이팅,0,2023-12-18T15:54:18Z
@이동욱-n4m,부상만 입지 말고 요요 없이 잘빼자 친구,0,2023-12-18T15:45:18Z
@qocjvfsonswj7825,대단하다 난 12kg도 1년째 못 빼고 있는데 40kg면 초딩 하나 나온거네요,0,2023-12-18T06:11:24Z
@jwpark895,너무너무이쁩니다😊,0,2023-12-18T03:21:20Z
@장임장-x5c,우와 딴여자가 됐네요.,0,2023-12-17T10:57:16Z
@hkw0118,의지 진짜 존경함..... 뤼쓰쀅!!!,0,2023-12-17T07:43:37Z
@아라한-r8i,와...대단하다...보통 의지로 할 수 있는 일이 아닌데...저도 살좀 빼야 하는데 10킬로그램 빼기가 너무 힘들어서 엄두가 안나는 저 자신을 부끄럽게 만드네요...,0,2023-12-16T18:03:07Z
@ninjaboyranydy,노력의 결실 이 아닐까 싳다 저렇게 빼기도 굉장히 힘들고 괴롭고 또 잠도 못잘정도로 열심히 운동하고 또 체중관리 를 위해 조금씩 조금씩 먹고 보통 사람이 라면 포기하고 기름진 음식 같은거 먹고 또 살이 찌고 를 반복하고 그럴텐데 나는 저 모습도 굉장히 귀엽고 사랑스럽다고 생각해요,0,2023-12-16T17:20:02Z
@strawberrycandy9531,뭐지? 살빠진모습이 76? 그리 안보이는데요? 이쁘세요 더 홧팅 하셔요,0,2023-12-16T17:06:08Z
@사라보아-q1o,나도저렇게뺄수있으까,0,2023-12-16T14:18:51Z
@sakeralll,리스팩!!!,0,2023-12-16T06:55:28Z
@user-ei2xv8fi2b,꿀꿀이,0,2023-12-16T03:04:30Z
@메시-g6w,"운동이 진짜 최고의성형이네
돈으로 살수없는 노력을 달성하셨네요
대단하세요",0,2023-12-16T00:47:51Z
@큰일은애니프사가한다,"파이팅 살속에 복권이 숨겨져 있네요
빨리 살빼서 복권 당첨된 상태로 살아가시길!",0,2023-12-15T15:22:11Z
@미안하다고맙다-m4m,복권을 긁었지만..,1,2023-12-15T04:48:12Z
@HoLoLow1,남친있어요?,0,2023-12-15T01:43:23Z
@eatingcock6567,살아왔던 인생의 패턴 익숙함 당연히 해왔던 모든걸 바꾸는게 다이어트임 소식가가 대식하는게 힘든것처럼 대식가도 소식하기가 힘듬 게으른 천성이라기보단 염색체구조가 소식가와 대식가는 다름 지금 이분은 유전자와 맞짱뜨고 있는거임,0,2023-12-15T00:24:01Z
@정재헌-l7m,멋잇다,0,2023-12-15T00:05:56Z
@한한국인-k7s,긁지않은 복권상이다 생각했더니 역시,0,2023-12-13T07:44:11Z
@성성이름-y1k,공익이라 아는데 돼공인 애들은 하나같이 정신도 멀쩡한애들이 없더라 단순 체중문제가 아님 정신이 멀쩡하면 다이어트 해서 돼지가 아니니 이상한애들만남음,0,2023-12-13T03:36:10Z
@브라떼,의지대박…. 40킬로 감량 얼마나 힘들었을지 감도 안오네요,0,2023-12-13T03:33:50Z
@i8i9i10,멋찌다 👍,0,2023-12-13T02:17:56Z
@jsyun9496,응원합니다,0,2023-12-12T14:17:41Z
@다대리,화이팅 입니다,0,2023-12-12T13:36:25Z
@BUGdonttalk,와...인간승리임 이건 존경,0,2023-12-12T09:07:26Z
@오지나-l8l,저도 할수 잇겠죠ㅠ.ㅜ?,0,2023-12-12T05:46:23Z
@도깨비-r8t,화이팅입니다.😊,1,2023-12-12T03:23:55Z
@adia990,혹시 키 어떻게 되시나요? 저는 109이지만 키는 거의 180이어서 감이 안오네요~ (저 여자예요 ㅎㅎ),2,2023-12-12T00:24:36Z
@폴쟈,더해라더,0,2023-12-11T14:47:51Z
@요요-n6b,역시  최고의  성형은  다이어트네요..점점  더. 여신이  돼가네요..,0,2023-12-11T14:09:30Z
@이승민-o1w2c,응원합니다 항상 ~~~~~~,0,2023-12-10T14:58:19Z
@tv-wo2dj,와 이뻐지셨다;;;;,0,2023-12-10T13:10:45Z
@happy_happy_puppy,와와 대단해요. 멋집니다. 😂,0,2023-12-10T06:50:12Z
@나나-g2p,와 대단하디,0,2023-12-10T06:27:08Z
@pinkbosung,지금부터 진짜 시작이긴함 빼는거 점점 더 힘들어질거임,0,2023-12-10T03:21:17Z
@행복한마음-l3w,"진짜 대단하세요
4키로빼기도 정말힘든데 
40키로라니  대박",0,2023-12-09T12:38:41Z
@SeoHyeon..,요요 안오게 항상 경각심을 가지세요 🤍,1,2023-12-09T11:47:59Z
@shl5014,다이어트 비법 알려주실수 있나요?,0,2023-12-09T07:50:47Z
@bluepoppy4569,세상에나 미쳤다 대박이야~ 뭘해도 성공하겠네 👏 👏 👏,0,2023-12-09T06:31:36Z
@sax15904,안긁은 복권에서 당첨된 복권까지 ㄷㄷ,0,2023-12-09T06:00:27Z
@요구르트어깨,건강을 봐서라도 다이어트 결정은 잘하신거맞음 훌륭하심,0,2023-12-09T00:01:16Z
@1plussnrblog236,요요,0,2023-12-08T23:04:16Z
@윤석민-v9m,화이팅,0,2023-12-08T21:46:47Z
@irismarigold,"사실 BGM으로 나오는 악뮤도 살빼야됨
이국주가 아른거리더라",0,2023-12-08T13:47:29Z
@LST190,와..미쳤다..!!!,0,2023-12-08T13:42:06Z
@saemulae,의지가 너무 대단하고 멋지세요! 고생 정말 많으셨어요ㅠ,0,2023-12-08T13:41:55Z
@미담-t8n,자극받고 갑니다❤,0,2023-12-08T10:28:27Z
@lionlollol493,복권이다!,1,2023-12-08T10:10:55Z
@pig_gamja,진짜 대단하세요!!!! 👏👏👏,0,2023-12-08T09:14:29Z
@user-sookchanel,화이팅~~~ 멋지십니다. 응원하겠습니다.,0,2023-12-08T08:42:47Z
@T.Y-p-s7w,청주 사시나봐요 ㅎㅎ,0,2023-12-08T08:39:12Z
@장에드군,가슴을지키다니 성공적인 다이어트군요,0,2023-12-08T08:21:54Z
@Bee.2gi,정말 열심히하셨네요. 화이팅하세요!!,0,2023-12-08T06:54:12Z
@범석김-i5x,노력하는 사람은 박수받아 마땅하쥬. 멋지십니다. 화이팅,0,2023-12-08T06:43:09Z
@매혹-y8w,"저도 세자리수까진 아니 엇지만 나름 큰다이어트 햇었는데요 정말 쉽지 않으셧을텐데 고생많으셧고 
앞으로도  목표로한 킬로수 꼭이루시길 기원합니다!!",0,2023-12-08T05:49:55Z
@김유림-j1n,"다이어트가 최고의 성형이라는데,맞는말이네요!
살빼니까더예뻐요!",0,2023-12-08T05:13:41Z
@Sun_Set_,멋있다요! 힘내라 화이팅!!,0,2023-12-08T02:47:11Z
@푸슈웅푸슈웅,박수드립니다,0,2023-12-08T00:26:13Z
@beatowein,너무 아름다우십니다. 화이팅하시길,0,2023-12-07T22:28:12Z
@rhkr8212,더 빼.,0,2023-12-07T17:38:34Z
@Hikari-shinnari,대박 멋지세요..,0,2023-12-07T16:16:42Z
@초록녀4000,👏 👏 👏 👏 👏 👏 👏 👏 👏 👏 👏 👏 👏 👏 👏,0,2023-12-07T12:15:35Z
@쿙쿙-s9o,멋져요!!!대단해요!!!👍👍,0,2023-12-07T09:48:47Z
@정우영-p9y,긁지않은 복권  그 자체😊,0,2023-12-07T08:23:31Z
@Jerison_kor,건강해지셔서 다행이네요,0,2023-12-07T04:49:30Z
@jw2530,화이팅,0,2023-12-07T03:52:46Z
@평정심-m6e,쭈욱 관리잘하세요,0,2023-12-07T03:00:53Z
@taewoongjeon454,"도전 응원 할께요

그나저나 다이어트가, 쉽지 않네요",0,2023-12-07T02:51:58Z
@gek2sound,대박..,0,2023-12-07T01:29:19Z
@dky8390,화이팅!!,0,2023-12-06T22:53:21Z
@kayrncolly3702,와 미인이시네. ㅎㅎ 20키로만 추가로 더 빼시면 엄청 인기있으실듯 부럽.,0,2023-12-06T20:58:52Z
@user-cleanwater,저도 현재 다이어트 하고 있는 입장에서 진심으로 응원 합니다!!!!!,0,2023-12-06T20:56:18Z
@이동건-g3j,멋져요 화이팅,0,2023-12-06T19:22:29Z
@JayKplant,노력하는모습 응원합니다,0,2023-12-06T13:47:53Z
@혀니-w8b,역시 최고의 성형은 다이어트 인가 봅니다 화이팅 하세요!!,0,2023-12-06T12:20:26Z
@냥냥펀치맞는중,저도 105까지 쪘다가 지금 78이에요~~~!!! 화이팅입니다,0,2023-12-06T11:54:56Z
@이대규-v1z,진쟈 몸무게 줄이고 싶다 나도 방법이 없을까 ~,0,2023-12-06T11:00:05Z
@모모7179,38키로까지 못빼면그다이어트는 실패다,0,2023-12-06T06:22:08Z
@이라미-c8q,이뻐요^^♡ 저도 7킬로남았눈데 아자아자!!!,0,2023-12-06T06:13:38Z
@seveng3239,최고의 성형은 다이어트가 맞네..,0,2023-12-06T00:57:03Z
@윤가드-w4c,"멋지고 대단해요. 빼는거 쉽지 않고 유지도 힘든데 정말 어려운 길을 잘 이겨내셨네요.
그리고 이쁘세요 ㅎㅎ",0,2023-12-06T00:02:36Z
@소나무-i1t,다이어트 와 멋지시고 이쁘세요,0,2023-12-05T19:12:31Z
@ss-jt6yr,선생님들이라는 호칭 부터가 얼마나 가정교육을 잘 받은 바른 사람인지 느껴진다,0,2023-12-05T17:48:41Z
@user-tx3pv7iq9r,음.,0,2023-12-05T17:04:57Z
@킥에츠,귀염상 호우..체구는 작아졌어도 마음은 크시네요,0,2023-12-05T16:38:27Z
@최윤혁-r7z,오...15kg만 건강하게 더 빼자.. 그리고 나랑 사귀자.,0,2023-12-05T15:05:13Z
@zoili758,긁지 않은 복권 맞나요!! 오우😅,0,2023-12-05T14:05:05Z
@랄라-z5y,"매일매일이 먹는 것, 운동하는 거랑 싸움이죠ㅠㅠ 응원합니다!!! 화이팅!!!",0,2023-12-05T13:47:25Z
@폭주원자로,멋있다!! 이쁘다!!,0,2023-12-05T11:13:14Z
@patriot-f5s,"노력은 가상하지만

숏츠 올리기엔 이른거같아요
앞에 5자리가 오면 다시 올려주세요",1,2023-12-05T09:29:25Z
@860K11,원래 이쁘셨네요 살에 가려진거 뿐이지👍,0,2023-12-05T04:54:23Z
@jdog733,복권에 당첨되셧군요~,0,2023-12-05T04:46:37Z
@user-mr-aing,고생 너무 많으셨어요. 어떤 힘든일이 있어도 이겨내실거에요. 행복이 항상 깃들고 건강하시길 바라요~,0,2023-12-05T04:17:38Z
@kmin5344,5키로 빼는것도 힘든데 어케 40키로를 빼지,0,2023-12-05T03:11:13Z
@naver-f7q,아니야 더 빼지마 사랑해 그대로 나랑 결혼해줘 제발❤,1,2023-12-05T02:41:36Z
@sayAemjwmx2840,최고의 성형은 역시 다욧~ 이뻐요❤,0,2023-12-05T01:49:23Z
@haaan-iyi,키가 몇이예용?,0,2023-12-05T00:57:38Z
@seol-a,"정말 대단하신거 같아요😍
의지와 노력이 제일 중요할텐데
멋지시고 최고에요✨👍",0,2023-12-04T19:49:26Z
@gunholee584,와 대단하십니다,0,2023-12-04T14:41:37Z
@hy1219-r7c,오우 대단하시네요 십킬로 이상 빼는 사람들 진짜 굉장,0,2023-12-04T14:37:24Z
@77s58,"결과는 좋지 않지만 건강을 위해서 화이팅,,,",0,2023-12-04T13:39:35Z
@user-sz-r9o,미쳤다 얼굴이 바뀌었는데,0,2023-12-04T11:45:50Z
@블라인드-t9k,조금만다 고생합시다 이뻐지시겟네,0,2023-12-04T11:32:58Z
@tain.jballen3002,고생하셨어요!! 😊,0,2023-12-04T10:27:42Z
@diye4092,감량하시는동안 얼마나 힘들고 외로운 길을 걸으셨을지..! 너무 존경스럽고 멋있어요❤️❤️ 응원하겠습니다!!!정말 너무너무 아름답네요!!!!!!!,0,2023-12-04T10:10:43Z
@양지은-o3k,타고난 ... 글래머시네요. 지금도 반짝반짝 이쁘셔요. 물론 그 의지와 노력하는 마음이 더 이쁘고요.. 한 60키로대만 가도 모든 사람이 인정한 미인이 되실 성 싶숩니다. 무리하지 말고 자신을 더 아끼고 사랑하게 되시길! 너무 이뿌세여🥹,0,2023-12-04T10:09:03Z
@Ototazo,40키로 대단하시네요 전 1키로 빼기 힘들던데....,0,2023-12-04T09:06:16Z
@aIwayswithme,"저도 20kg 감량 도전 해봐서 더 공감가네요
아는맛이라 더 힘들죠 파이팅입니다.",0,2023-12-04T08:31:09Z
@이승윤-b4i,의지가 대단하네 보통 뚱뚱한 사람들은 의지가 약하던데,0,2023-12-04T08:28:46Z
@YoujinMcMillan,존예❤,0,2023-12-04T04:52:53Z
@순봉이-s2t,긁지않은 복권....이라는말을 감히 써도 될런지요...대단하십니다... 자신과의 싸움에서 승자가 되어가시네요,0,2023-12-04T02:35:41Z
@kidongah,대단!😊,0,2023-12-04T00:14:32Z
@a_dangerous_bear,진짜 존경스럽습니다.. 먹고싶은거 참고 꾸준히  다이어트 하는건 힘들죠!,0,2023-12-03T23:43:29Z
@RICHARDLEE0101,진짜 대단하다,0,2023-12-03T18:59:17Z
@Hyunziczopok,"어이쿠야, 사람이 달라보이네요 역시 최고의 성형은 다이어트라는",0,2023-12-03T17:27:45Z
@김진균-h9d,존나멋있음,0,2023-12-03T14:40:00Z
@사라보아-q1o,다이어트비법좀,0,2023-12-03T14:25:21Z
@sjsk349,와 누나 진짜 이뻐요,1,2023-12-03T14:21:50Z
@jayseong9861,대단...,0,2023-12-03T14:10:18Z
@hi_je_i,와... 40kg 감량 진짜 힘드실텐데 그걸 견디고 하신게 너무 존경스럽습니다..,60,2023-12-03T13:29:20Z
@사딸라-k5s,와 대단하다 진짜.. 응원합니다,0,2023-12-03T13:27:43Z
@걸오,그래도 개되재에 개못생겼는데 코 뭉특한거봐ㅋㅋ,1,2023-12-03T12:32:59Z
@반갑다x세대여러분88,와 정말 대단하고 멋져요!!!!!!,0,2023-12-03T12:03:16Z
@짜글이-v2g,숟가락 들고 있는거 졸귀…,0,2023-12-03T11:30:16Z
@월요일아침인간,워매..이쁘다,0,2023-12-03T10:30:13Z
@날라리유랑단,76키로 딱 이쁜거같은데..,0,2023-12-03T10:06:25Z
@홀랄루야코,더빼야겠는데,1,2023-12-03T09:57:55Z
@배린이들-h3u,대단하세요 진짜....최고...저도 다이어트 해야하는데 진짜 본받고 가요ㅠㅠ,0,2023-12-03T08:16:12Z
@SanDerSoNia-Jj,헐,0,2023-12-03T07:36:41Z
@iliiillllililililiili1454,멋져요,0,2023-12-03T07:01:23Z
@송송-b4z,와우 대단하세요 얼굴도 더 이뻐지셨어요,0,2023-12-03T06:35:57Z
@혁수-d8y,멋있어요! 화이팅입니다,0,2023-12-02T20:45:49Z
@아싸라비티비,대단 하시네요...몇키로 빼기도. 힘든데...  40키로?...배고픈 설움. 먹는거로. 맘상할때도 많은데... 그걸. 어찌 참는지....👍👍👍👍👍,0,2023-12-02T16:59:33Z
@funlife9105,쿵쾅이에서 정상녀로 돌아가는중.,0,2023-12-02T14:17:07Z
@dsjkzui,멋지네요 선생님👍,0,2023-12-02T13:16:57Z
@haban1997,다이어트 영상에는 댓 처음남겨 보는 것 같은데 진짜 잘 빼셨네요 축하드립니다,0,2023-12-02T12:54:29Z
@Ex3cutioner,미친 빠지면 빠질수록 진가가 나오는건ㅋㅋㅋㅋ 의지가 진짜 대단하시네요. 진짜 대단하십니다,2,2023-12-02T12:29:33Z
@pje2727,지금 너무 개성 만점 몸매가 되셨네요 깡마른 다이어트로 개성이 없어지지 않기를 바래요. 너무 멋진 몸매에요. 다요트 화이팅!!!,0,2023-12-02T11:21:03Z
@김종현-v3n9s,대단하시네요,0,2023-12-02T11:14:30Z
@제품보기_클릭_podosale,대단하닷!,0,2023-12-02T10:55:32Z
@ww117jml,슴가는 그대로네..;;,0,2023-12-02T08:39:04Z
@sksks11,대단하네요,0,2023-12-02T08:23:58Z
@성이름-c2x7x,진짜 노력에 박수를 🎉,0,2023-12-02T07:25:44Z
@날쌘거북이-x9l,와존나섹시하시네요!!♡♡ 살에파뭍혔던보석...ㅜㅜ,1,2023-12-02T06:25:38Z
@더듬더듬-z7x,빼도 개밥그릇;;,0,2023-12-02T02:26:48Z
@짱구-i6e,어떻게한거에요,0,2023-12-01T22:50:51Z
@한국사는뱌체슬라프,아이고 복권긁었는데 5등이네... 다음에 또 사야지😢,2,2023-12-01T22:11:14Z
@junlee993,돼지들 특 손에 항상 먹을거 들고 있음,1,2023-12-01T20:23:56Z
@초코바나나-g9r,이런분들 정말 이상형,0,2023-12-01T19:50:27Z
@조성민-r4f1o,"남자도 40키로 빼는거 결코 쉬운게 아닌데
대단하다",0,2023-12-01T17:54:25Z
@1777.1,맘마통은 그대로노 ㄷㄷ,2,2023-12-01T10:22:49Z
@심예은-q9d,어떻게 뺀거요?ㅜㅜ알려주세요ㅜㅜ,0,2023-12-01T09:49:51Z
@응애-f4m,언니 가슴 왜 남아있어요ㅠㅠㅠ 개부랍네,0,2023-12-01T09:30:26Z
@Heavyweightasian,식욕을 어카 억재 하셧죠?,0,2023-12-01T08:49:04Z
@bit-buja,"다이어트 힘들땐 
간헐적단식을 해보세요
뇌세포가 정상화되서 단음식,기름진 음식에 거부감이 생깁니다
결국 다이어트는 뇌신경이 승패를 좌우하니깐요
뇌는 간헐적 단식하면 최고의 상태가 됩니다

저도 운동 다이어트하다 지쳐서 간헐적단식으로 바꿧는데 너무 좋습니다
힘들지도 않구요

오전 11시~12시 식사
오후 5시 아몬드,블루베리/ 계란후라이,생양파1개

적당히 빠지면 이렇게 드시면 쭉 유지됩니다",0,2023-12-01T08:32:46Z
@algel8475,"같이회사다니는동생 130키로인데 살뺄생각이없네요.
국밥먹고집에가서 치킨먹을꺼라고 가던동생
이영상 보여주고 자극주고싶네요.",0,2023-12-01T07:10:02Z
@mc_seobaek,ㅠㅠㅠ 우리큰누나도 쫌 다이어트 시켜주세여 ㅠㅠㅠㅠ,0,2023-12-01T06:08:41Z
@luvmee-,무한박수 보냅니다👏👏 의지력 본받고 싶습니당! 현 몸무게를 만들기 까지 얼만큼의 시간이 걸린지 궁금해요!,0,2023-12-01T06:02:51Z
@haydenkim1580,대단하다 새로운 사람이 태어 난거 같아. 다이어트는 정말이지 최고의 성형이라는 말이 맞는것 같다.,0,2023-12-01T03:53:39Z
@폭식했수다,정말 대단하십니다!😮,0,2023-12-01T03:38:45Z
@긍파민주니,멋있다 !! 화이팅,0,2023-12-01T02:13:53Z
@younheeshin8385,와 얼굴 넘 이뻐지셨네요❤,0,2023-12-01T00:53:55Z
@hyukjunkuon8500,"엄청난 의지와 노력의 결과네요, 진심으로 경의를 표합니다!!",0,2023-11-30T23:26:41Z
@Cubkillerswanson,20만더빼자,0,2023-11-30T17:21:26Z
@world-reviewer,"와씨,,, 다이어트를 했지만 모든걸 얻었넹",0,2023-11-30T09:19:29Z
@마끼야또-i4oseo,살 빼기전에 이미 당첨 확실한 복권이었네요,0,2023-11-30T08:20:17Z
@2solomonS2,진짜.... 존경합니다..,0,2023-11-30T08:03:38Z
@user-vividtattoo,정말 멋지다!!!!👍🏽,0,2023-11-30T07:46:54Z
@데스레이,인간승리,0,2023-11-30T07:36:45Z
@user-caramel_4HO,홧팅입니다!,0,2023-11-30T07:32:00Z
@이몽룡-i5u,와~ 가슴커지고 싶으면 100키로 이상찌웠다가 빼면 가슴이 커지는건가요?,0,2023-11-30T07:25:31Z
@묘목-t9l,와 다른사람같다 대단하시네요,0,2023-11-30T07:15:44Z
@hancojungboknanhyun,한끼굶는것도 진짜 고통인데 해내신게 대단합니다ㄷㄷㄷ👍👍👍,0,2023-11-30T06:58:28Z
@내일-i7q,진짜 고생많으셨어요 같은 다이어터로써 앞으로도 응원하겠습니다! 화이팅!!!,0,2023-11-30T06:07:29Z
@파노라마-u7v,너무 예뻐요~ 당신의 용기에 감동받고 갑니다,0,2023-11-30T03:50:15Z
@기범이-i8i,너무 멋져요  ❤,0,2023-11-30T03:36:21Z
@윤미숙-c1c,👏👏👏👏,0,2023-11-30T03:34:11Z
@이푸로,와 내가 39키론데 나 한명 빠져나간거구나...대단하세요...!!,0,2023-11-30T02:54:51Z
@ghostblack4105,확실히 알겠어요. 건강을 위해서 다욧하는거라는걸요.,0,2023-11-29T19:25:36Z
@나베-k8q,어우 얼마나 보기좋아 건강해보이고,0,2023-11-29T15:41:24Z
@윤돌이아부지,외모지상주의 ㅋㅋ 그래서 행복하십니까?,0,2023-11-29T13:47:26Z
@동망치,살빼도 진짜 돼지상이 있는데 이분은 이쁜얼굴이네 ㅇㅈ,1,2023-11-29T13:03:19Z
@yzr-m1102,건강하십시요 건강히빼시길 응원합니다~,0,2023-11-29T13:01:04Z
@hyunnyhh6538,"저는 15키로 감량이 목표고 운동은 줄넘기랑 자전거, 식단으로 하려고 하는데 혹시 가슴 처짐이나 살 처짐은 없으셨을까요ㅠㅠ..?? 스포츠브라는 어떤거 쓰셨는지 궁금해오ㅜㅜ!!!",0,2023-11-29T12:22:58Z
@velim4409,살 찌지마라... 살 찌면 꼴페미로 생각하니...,0,2023-11-29T09:19:40Z
@너에게모든걸,대단해요 😊,0,2023-11-29T07:58:00Z
@0eeOOee0,"원래 이쁘신분 점점 더 이뻐지시네요
응원합니다♡",0,2023-11-29T07:46:25Z
@luckyluckily99,의지가 정말 대단하세요!!,0,2023-11-29T06:41:10Z
@Byoung_kil,"지나가는 40대 아이셋 아빠입니다
의지가 대단하네요 큰애가 11살인데 150에54kg에요 
아직은어려서 다이어트시키기는 그래서 냅두고있는데 걱정이 이만저만이 아니었는데 영상보니 희망이보이네요 항상 응원합니다",0,2023-11-29T04:21:48Z
@QueenKongShop,지금도 이쁘구만 왜 구박질이야~ㅎ 지들은 빼빼 말라가지고 스켈레톤인갑지?ㅋ,0,2023-11-29T04:14:26Z
@임수영-w4m,멋지네요,0,2023-11-29T03:32:00Z
@rapisnowsoc4158,누구세요에서 누나로 변함,0,2023-11-29T03:24:02Z
@0토리코0,ㅇ....어케햇누...,0,2023-11-29T03:15:49Z
@shoraaaa,진짜 이쁘다,0,2023-11-29T02:16:27Z
@복남이네-x3t,와우 대단하네요. 응원합니다,0,2023-11-29T01:38:35Z
@month4876,그냥 얼굴이 예쁘신데...부러워요..넘 예쁘세요 ㅠㅠ!!,0,2023-11-28T23:24:22Z
@한정민의정신세계,고생하셨네,2,2023-11-28T23:04:02Z
@user-qm7kh9ex9,기특하다,0,2023-11-28T23:03:53Z
@zes0727,진짜 엄청난 노력하셨을걸 알기에..멋지시단 말만 드리고싶어요...멋있습니다.,0,2023-11-28T21:38:48Z
@세르나-c7w,이쁜척하는 사진 못생김,0,2023-11-28T17:22:14Z
@HanEssOne,이상한 사상에 빠지신게 아닌거 같아 보여 매우 좋아 보입니다. 응원합니다,9,2023-11-28T14:25:07Z
@나이스김-v8u,복권1등이다!!!!!,0,2023-11-28T13:47:42Z
@melonsoda_S2,와 40kg… 진짜 대단하시네요 목표체중까지 화이팅!!!!,653,2023-11-28T13:08:18Z
@비스바덴,복권 성공하셨네요,0,2023-11-28T12:40:54Z
@유튭오류18롬아,헐 미틴 개쩔어요❤❤,0,2023-11-28T12:30:48Z
@jyyu9779,진심으로 응원합니다🎉,0,2023-11-28T12:22:07Z
@minkumkwak7202,화이팅,0,2023-11-28T08:52:52Z
@Black_malang_cow99,화이팅 전 1년동안 50뺏었는데 요즘 20이나 쪄서 골치아프네요 ㅋㅋ,0,2023-11-28T05:03:23Z
@jangsarah2496,멋지다,0,2023-11-28T05:00:47Z
@funlife22222,조동이가 귀엽네,0,2023-11-28T04:55:25Z
@mybluejm,존경합니다. 진짜 너무 대단하십니다. 저도 12키로 감량하고 탈모도 오고 너무 힘들어서 휴식중인데 40키로라니 당신의 결단력과 인내심에 박수를 보냅니다! 사실 몸이 무거울수록 중력때문에 운동하는거 진짜 힘들다는거 알고 있거든요.. 저는 지금 정상체중으로 살고 빠졌던 머리도 다시 나고 있지만 목표치까지 조금더 감량하려고 하는데 엄두가 안나서 주저하고 있었거든요.. 님 덕분에 다시 맘 굳게 잡고 갑니다!! 화이팅합시다~! 건강하게 행복해요 우리♡,7,2023-11-28T04:07:45Z
@TongkitaTongtong,5키로 빼기도 힘든데 40키로 ㄷㄷ..,1,2023-11-28T03:20:34Z
@부자될끄니까-s6z,노력하고 변하고 있는 당신 너무 멋있어요😊,2,2023-11-27T23:34:20Z
@clous2283,"ㅊㅊ 인간승리인데 건강검진은 해보셔야 할듯
부작용 있을 수 있음",0,2023-11-27T22:15:57Z
@지호신-l3j,키가 꽤 커보여요. 키가 몇인가요?,0,2023-11-27T22:12:14Z
@infoyou11,인간 승리자입니다,0,2023-11-27T21:48:03Z
@salad_dalas,본판이 진짜 엄청 예쁘시네요 ㅋㅋㅋㅋ!!,1,2023-11-27T19:30:45Z
@J원-w2o,고생하셨네요..다이어트 성공하신분들보면 의지력이 정말 대단하고 존경스럽네요,0,2023-11-27T18:31:57Z
@오상훈-c9i,화이팅!!!,0,2023-11-27T17:22:38Z
@nbct2721,와...지려따,0,2023-11-27T16:52:31Z
@Jazzizzifact,지렷다,0,2023-11-27T14:52:01Z
@jcleeark,복권 쎄게 긁으셨네😊,0,2023-11-27T14:15:03Z
@하히후-j8s,멋져요❤,0,2023-11-27T14:10:20Z
@란란루-m1n,와 진짜 힘들겠다 ㄷㄷ,0,2023-11-27T13:46:12Z
@오태식이-z,조금만 더 빼시면 진심 이쁘실듯,0,2023-11-27T13:39:29Z
@user-yo4om3ol6b,76갔다고 사람이 달라지네.. 다이어트 힘들텐데 대단하십니다 분명 성공하실 겁니다,0,2023-11-27T13:39:22Z
@시라소니-h3x,불가능,0,2023-11-27T13:32:17Z
@kimwallet,진짜 이런거에 악플은 달지말자 응원만 하자..,0,2023-11-27T13:00:46Z
@KKim-pf9fo,다이어트 는 최고의 성형입니다,0,2023-11-27T12:39:37Z
@김토끼-f2f,살빼니까 예뻐지네,0,2023-11-27T12:38:48Z
@KIMKIM-wo5nz,"겁나 힘들었을건데 대단하다ㅋㅋ
유지하기도 힘들건데",0,2023-11-27T11:52:53Z
@Kimjunha1,긁지 않은 복권 머시기라고 핑계치던 옆집 미나토랑은 다르시네요,1,2023-11-27T11:00:59Z
@해바라기명상,이분은 50킬로대 까지 빼면 레알 이쁠듯,0,2023-11-27T09:45:23Z
@vov106,와 진짜 뱃살만 딱 빠지시고 미드는 그대로... 완전 축복이네요 사람들 보통 살빼면 미드까지 작아지던데 빠질곳만 딱 와,150,2023-11-27T09:24:43Z
@익이-j6j,더빼,0,2023-11-27T07:46:08Z
@엄지공주우,너무 이쁘세요 진짜노력의 대단함에 박수 보냅니다 늘 행복하세요 !!,0,2023-11-27T05:52:29Z
@부자-k5y,키는 몇이에요?? 건강미 쥐리네욘,0,2023-11-27T04:30:51Z
@richa8876,뭘해도성공할사람,0,2023-11-27T01:48:07Z
@박우식TV,👍🏻,1,2023-11-27T01:18:08Z
@간나쉐끼,게으름이 이렇게된거다😊,0,2023-11-26T16:12:08Z
@imbr9163,화이팅입니다!!,0,2023-11-26T15:42:48Z
@sweetBreadhanni,와 대단하십니다!,0,2023-11-26T15:02:26Z
@똥강아지-p5z,와~~,0,2023-11-26T14:51:39Z
@naver5261,어휴 정말 잘한일이네. 한창 젊은시절에 지멋대로니 존중이니 떠미는거보다 자기자신이 자존감 세워 행복하니까.,0,2023-11-26T14:50:08Z
@marsk4165,외모도 노력도 정말 아름답다..,0,2023-11-26T14:39:08Z
@user-w1z1m,복권이당 ㄷㄷ,0,2023-11-26T14:33:07Z
@jjooyomi,존경합니다!!!!!!! 지금의 몸은 말해모해❤민덕씨의 멘탈은 더 더 존경스러워요❤,0,2023-11-26T14:02:34Z
@hello1729thx,인스타 혹시 있나요??🎉🎉,0,2023-11-26T13:38:20Z
@GM-iu7ns,건강 좋아지셨을 거 같아요 멋지십니다!,0,2023-11-26T13:26:58Z
@집사그로밋,와 진짜 엄청 이뻐젔네 대박이당❤,0,2023-11-26T12:51:04Z
@임하뇨엘,더 안해도 되것는디,0,2023-11-26T12:48:10Z
@리치리치-s4s,역쉬  최고의 성형은  다이어트 다 ~,0,2023-11-26T12:13:43Z
@선용-i3y,멋져요 ^^~,0,2023-11-26T12:05:35Z
@redmoon93,정말 멋있으십니다,0,2023-11-26T11:48:06Z
@김종길-o3k,외모미쳤다🎉🎉,0,2023-11-26T11:38:12Z
@연서-w8f7b,와 너무 건강해보이고 멋져요! 운동하며 빼서 그런가 76키로이신데도 들어갈데 들어가고 나올데 나온 건강한 몸매 너무 부러워요..... 글래머 그 자체이심ㅠ 60초반으로 보여요,0,2023-11-26T11:13:49Z
@Ohjingjing_12,예나언닌가..?,0,2023-11-26T11:13:32Z
@ieorfwnr6483,건강과 미모를 동시에 굳,0,2023-11-26T10:38:23Z
@sodapizza5555,아이고 예뻐라.. 화이팅이예요!,0,2023-11-26T10:36:56Z
@jjjinyeong,"멋지다~ 40키로 감량 축하드리고, 건강하게 다이어트 이어나가요! 훨 건강해보이고 좋네요 고생하셨어영👍",0,2023-11-26T10:34:08Z
@KalGukSu_Bomi,와...존나대단하네,0,2023-11-26T10:33:21Z
@mmm-xi6lv,최고의성형..,0,2023-11-26T10:29:57Z
@박초롱-s7h,어케했노....,0,2023-11-26T10:04:42Z
@hyun-maguro,무슨일이든 의지를 갖고 꾸준히 노력하는 모습은 존경해 마땅합니다😊,0,2023-11-26T09:44:28Z
@Sakk..1,몇 키로 빼기도 힘든데 대단하세요! 저도 지금 감량 목표가 있는데 이루도록 더 노력해야겠어요,0,2023-11-26T09:40:14Z
@김구름-u4y,축하드려요~ 새로운 제2의 인생을 사시겠어요 행복하세요~,0,2023-11-26T09:38:03Z
@furry_66,"아니 왜 가슴은 안빠지는거야
저것도 살 아니였어..?",0,2023-11-26T07:22:17Z
@bsjhwhfh,와...진짜 대단하세요 저도 다여트 하고있고 ㅜ너무 힘들어서 그러는데 운동 루틴이나 식단 알려주실수있나여?,0,2023-11-26T06:59:54Z
@킹수방,116kg이여도 본판이 이쁘면 이쁘구나...,0,2023-11-26T04:08:58Z
@계란말이-p8k,"사람인가…도대체
어떻게 빼신건가요 와…1키로 빼기도 어려운데",0,2023-11-26T03:53:49Z
@user-icegold,와우~~~~와우~~~~~🎉🎉🎉🎉,1,2023-11-26T02:20:33Z
@JAY-eq6wb,꾸준히 가즈아 멋지다!,0,2023-11-26T01:17:15Z
@mo_ran.02,"와 근데 110 이셨을 때도 진짜 귀여워요 초고도비만이면 대부분 얼굴이 망가지는 사람들이 많던데 나올 곳 다 나오시고 예쁘게 살 찌셨었네요.. 마음 가짐도 너무 대단하신 것 같아요, 혹시 운동을 얼마나 하시고 40 감량하신 건지 여쭤봐도 될까요 ..? 저도 살을 조금 빼야하는 체중인데 다이어트 자극을 확 받네요ㅠ 비만이여도 만족 못하신다해도 너무 몸을 혹사시키진 마세요 70까지 내려간 것만으로도 정말 고생하셨어요 😄 🎉",1,2023-11-25T20:43:52Z
@tianomoon5173,와우🎉,0,2023-11-25T18:13:58Z
@whehdhfh,와우,0,2023-11-25T16:25:29Z
@구미바라기,가슴 크기가 작아지지 않아서 민덕님 다이어트 손해는 안보시군요,2,2023-11-25T14:49:53Z
@user-ruopauopa,"와...100kg가 넘어도 나보다 더 예뻤좌나....?ㅠ.ㅠ
걍 다이어트 때려치고 성형이나 할까?😢",0,2023-11-25T13:07:30Z
@勳事,진짜..존경합니다..,0,2023-11-25T13:00:44Z
@라온제나-y6j,한참 더 빼야겠네요,0,2023-11-25T12:55:52Z
@이상현-i8c,다이어트는 배신하지 않아,1,2023-11-25T12:47:19Z
@김살쾡-z8h,멋있다 😢❤,0,2023-11-25T12:46:41Z
@aliciakim1216,"와 76키로인데도 이정도 미모면, 좀 더하면 어마어마하겠네요. 안 긁은 복권이었네. 근데 그 와중에 40키로라니 대단하시네요. 저는 40g도 못 빼는데 ㅋㅋㅋㅋㅌㅌ",0,2023-11-25T12:17:23Z
@mseiksby4541,더 빼셈,0,2023-11-25T12:04:41Z
@앵그리파더젠틀맨,와... 화이팅입니다 저도 다이어트해야하는뎅 ㅠㅠ,0,2023-11-25T11:49:41Z
@minimmm481,많은 노력이 필요했을텐데 포기하지 않고 노력한 모습이 멋있습니다,0,2023-11-25T11:22:04Z
@ba201,"복권 야무지게 긁고 계시네요 4개정도 긁으셨는데 4개 다 맞으신 것 같아요 저도 다이어트 중인데 갑자기 의지 풀충전 되는 영상 감사합니다
나머지도 화이팅!",0,2023-11-25T11:12:01Z
@TV-zw8nm,너무이뻐요,0,2023-11-25T11:09:05Z
@jaesonyoo3897,"과거 고중량을 모르고 만난 남자입장에선, 침대위에서 뱃살 껍데기 축 늘어진거보고 깜놀할듯",1,2023-11-25T10:32:17Z
@Lauren-fl1xx,76kg 인데 엄청 이쁘네요. 몸매 밸런스도 좋고. 희안하네.. 키가 크신가봄,0,2023-11-25T10:23:27Z
@22s49,화이팅,0,2023-11-25T10:19:21Z
@강휘성-x2z,역시 다이어트가 최고다!,0,2023-11-25T09:46:15Z
@White_tiger108,와.. 난 가슴만 빠지던데...부럽다..ㅠㅠㅠ,0,2023-11-25T09:40:06Z
@김석연-n9l,당신의 승리에 건배🎉,0,2023-11-25T09:31:39Z
@hotdogdig,멋있다,0,2023-11-25T09:09:24Z
@Boos-jnsk,다이어트 하는 방법 노하우봄ㅇ,0,2023-11-25T09:06:45Z
@u_rrr,화이팅입니다!!!! 👍🏻😄👍🏻,0,2023-11-25T09:01:34Z
@easteregg8258,모든 노력은 아름다운거야,0,2023-11-25T08:42:49Z
@정경문-v2r,"더더욱 탄력 받아서 화이팅 하시길 응원 할께요
완전 당첨복권 미쳤다!",0,2023-11-25T08:39:22Z
@이누마키-k7d,네!응원합니다🎉🎉❤,0,2023-11-25T08:26:35Z
@seohwa22,와우 진짜 대단하세요 👍🏻👍🏻 응원할게요~!!,0,2023-11-25T08:23:01Z
@윤소윤-s1q,❤,0,2023-11-25T08:19:33Z
@ahaspertz,헉,0,2023-11-25T07:54:18Z
@TreeDewy,운...운동하러 가겠습니다 호다닥,0,2023-11-25T07:53:39Z
@john2480cho,반만 긁었는데 1등이 보이는 복권??,0,2023-11-25T07:53:23Z
@전진우-n5u,파이팅!,0,2023-11-25T07:03:03Z
@리춘수-q2l,30키로만 더빼시면 되겠군요😊,0,2023-11-25T06:53:28Z
@mymay0510,약간 얼굴이 이수현 닮으셨다,0,2023-11-25T06:43:59Z
@yamyam9608,앗 넘 쏘 큩 츄님이랑 느낌 비슷하셔요🥹 전 진짜 2키로 빼기도 너무 힘들던데 완전 대단하셔유!!! 👍👍👍👍,0,2023-11-25T06:39:44Z
@오버현틀랜,돼지,1,2023-11-25T06:33:09Z
@로이에요뜌르르,그래도 못생김..,1,2023-11-25T06:18:38Z
@최영근-b6f,의지가 진짜 대단하네,0,2023-11-25T05:32:04Z
@정혜일-j1d,충분히 지금도 이쁘세요,0,2023-11-25T04:26:02Z
@니코보코-q4n,그때도 지금도 아릅답네요^^,0,2023-11-25T01:57:29Z
@우왕굳-h3n,더더더,0,2023-11-25T01:08:56Z
@me-fk1qk,아멘,0,2023-11-25T01:02:42Z
@양재원-e3v,굿~,0,2023-11-25T00:25:25Z
@kimb1304,"얼마나 애쓰셨을까요..
고생하셨어요
앞으로도 더 건강하시길 응원합니다❤",0,2023-11-24T23:46:55Z
@클리프리-v4w,대단하다 진짜 어휴 난 20키로 언제빼냐,0,2023-11-24T23:39:09Z
@kksvsgod,대박이다 엄청 이쁘심,1,2023-11-24T23:29:58Z
@샤오밍륀,현실판 미녀는괴로워 화이팅 응원합니다,0,2023-11-24T23:18:15Z
@중립-l8l,이목구비가 예쁘셔서 116일때도 미모가 가려지지않네요 ㅎㅎ 다이어트 화이팅!,0,2023-11-24T23:08:21Z
@kimuchicchigae6570,와 진짜 어케함 ㄷㄷ,0,2023-11-24T22:39:46Z
@도도릿,90에서 74까지 빼는것도 힘들었는데 고생하셨어요 대단하네요.,0,2023-11-24T21:42:55Z
@sungham2865,엄청난 노력 ❤ 존경스럽습니다,0,2023-11-24T21:18:26Z
@hjk658,인 간 승 리,1,2023-11-24T18:30:44Z
@바지-n3b,그냥 의지가지고 뺀다는게 대단한거임 근데 유지하는게 더힘듬 꼭 요요안왔으면좋겠네요 다이어트 성공하고나서,0,2023-11-24T17:41:23Z
@63xxamg8,노력하는 자는 항상 멋있죠,0,2023-11-24T16:16:38Z
@바보꼬부기,"남자는 모르겠지만...
여자가 이정도면 천상계의 참을성을 가지고...",0,2023-11-24T15:33:35Z
@tksdiqkdhtnzdmnqa,와 슈퍼 초절정 글래머 미녀,0,2023-11-24T14:35:22Z
@김규규규,너무 존경스럽습니다🎉❤,0,2023-11-24T12:47:37Z
@scv9110,찌우기 전에 콴리들을 합시다 다들 본능을 억제를 못하고 놓아버리면 내 자신만 피곤할뿐.,0,2023-11-24T12:16:58Z
@Silver_Lake,인생에서 이런 성취감 느껴본사람 정말 몇없죠 자부심 가지셔야겠어용,0,2023-11-24T12:16:54Z
@hotteok8790,와 확실히 빼신 모습이 더 보기 좋습니당,0,2023-11-24T12:09:39Z
@merychallcomamani6951,Que presiosa,0,2023-11-24T12:00:27Z
@전윤호-d1w,역시 최고의 성형은 다이어트다... 정말 사람이 달라보이네요 ㅎㅎ,0,2023-11-24T11:19:32Z
@사자-v7x,응원해요❤,0,2023-11-24T11:04:47Z
@쏭빡이,아니 76키로인데도 ㅈㄴ 이뻐 더빼면 ㅈㅇㅇㅇㄴ 이뻐지실듯,0,2023-11-24T11:01:56Z
@kakakak63,응원합니다.,0,2023-11-24T09:50:21Z
@대박나자84,"와 겁나복받았네
살빼도 바스트가 그대로네",0,2023-11-24T09:49:19Z
@wk-kv8ob,살짝 미선짱 느낌,0,2023-11-24T09:44:10Z
@검빵,여신이 되어가시네,0,2023-11-24T09:38:11Z
@busybee10,찌는의지로 뺄수있다생각함 찌는것도 엄청 노력해야됨,0,2023-11-24T09:32:10Z
@째째-w3q,응원합니다,0,2023-11-24T09:16:46Z
@치코리타-q4y,"자신의몸을 있는그대로 사랑하세요같은 소리하는 사람들을 경계하시고 감량 꾸준히하셔서 원하는 체형, 성취감과 더불어 달라진 세상을 느끼시길 바랍니다 ^^ 너무예쁘네요",0,2023-11-24T09:13:35Z
@코코-v4u,와 진짜 대단하다,0,2023-11-24T09:11:18Z
@콩집합쥐,"얼굴도 예쁘시지만, 당신의 의지가 더 아름답습니다.",1,2023-11-24T09:09:23Z
@바생사-x5u4k,와 사람이 바뀌네,0,2023-11-24T08:56:04Z
@Kimtre-g8c,운동 하시는거부터가 정말 대단하십니다 🎉 엄청 아름다우세요,0,2023-11-24T08:48:15Z
@EucWcn-234r,"이걸어케뺏누,,,",0,2023-11-24T08:41:30Z
@유강민-z6m,멧돼지내 ㅎ,0,2023-11-24T08:35:07Z
@user-e8r6d,멋져용,0,2023-11-24T08:09:03Z
@경증무력증,"일단 가슴이 안빠지는 체질같아요
힘드시겠지만 딱50kg만 만들면
가슴때문에 인기대폭발 하실겁니다
꼭 성공하세요",1,2023-11-24T08:07:57Z
@siper7,와 40kg ㄷㄷ ㄹㅇ 인간승리다,0,2023-11-24T08:05:31Z
@KIMEUN240,50키로까지 도전은 계속-! 응원합니다 저도 다이어트 중이에요🎉🎉끈기만 있다면 성공은 코앞🎉,0,2023-11-24T07:45:47Z
@Smwdjþek,ㅊㅋㅊㅋ,0,2023-11-24T07:41:24Z
@Oolji_Oolzee,너무 무리하지 말고 화이팅!,0,2023-11-24T07:39:31Z
@가야산-j6z,그대의노력에 응원을..!!🎉,0,2023-11-24T07:36:32Z
@포에버미라클아이,응원하고 축하한다!!,1,2023-11-24T06:54:55Z
@로이-k5n,"40kg을 감량하셨는데도 거의 80kg ㅎㄷㄷ
정말 고생많이 하셨네요
앞으로도 그누구를위한 감량이 아니라 본인을 위해서 의지 약해지지 마세요^^
힘내세요!!!!",0,2023-11-24T06:32:40Z
@diosmio3931,진짜 오늘 운동 나가는 거도 귀찮아 죽겠는데 이렇게 감량하는 사람보면 너무 대단한 거 같아,0,2023-11-24T06:12:00Z
@uube,다이어트는 최고의 성형,0,2023-11-24T05:54:01Z
@Vivi__baby,살쪘을때도 기요어용,0,2023-11-24T05:09:21Z
@하실장-b3w,앞으로 천천히 15키로 더 빼면 되겠네요,0,2023-11-24T04:26:16Z
@김보람-w4q,전맨날 마음만먹는데 ㅠㅠ 멋져요,0,2023-11-24T04:23:48Z
@툭툭이-u4m,화이팅 복권 거의 다긁으셨네요,0,2023-11-24T04:12:08Z
@빵뚜기,이뻐요 🎉,0,2023-11-24T02:56:48Z
@제이제이-c7q,너무 예뻐지셨네요 건강을 위해서라도 꼭 성공하시길 바해요!!!,0,2023-11-24T02:22:39Z
@KMT-VD,잘하셨습니다,0,2023-11-24T02:18:39Z
@lll111-p5s,"못나보이던 입술이
살빼니까 보물이 됐네",0,2023-11-24T01:00:45Z
@엑자르,"말도 안돼
이게 가능함?",0,2023-11-23T19:25:36Z
@verdandi8901,40 받고 10키로 더 !,0,2023-11-23T14:20:59Z
@이정호-g9g,116KG일때도귀여워요,1,2023-11-23T14:14:47Z
@arc77011,와 역시 명판이 좋아야 살빠지면 부각 되는구나 옥동자가 살빼도 옥동자,0,2023-11-23T14:11:53Z
@NickHjLee1228,와 리스펙트! 계속 목표를 이뤄가시길,0,2023-11-23T13:06:27Z
@mountainfarm,정말 대단하세요!! 오늘도 반성하고 갑니다,0,2023-11-23T12:55:33Z
@lost_find,안먹고 매일 참으면 매일 운동해야  뺏을텐데 고생했었요,0,2023-11-23T10:44:54Z
@햅삐-m8w,"저렇게만 되어도  존예인데  50키로대 되면 여신이것네~~
화이팅입니다 ~~~",0,2023-11-23T09:17:22Z
@1HoonZo1,잘했어!,0,2023-11-23T09:11:11Z
@김레이트,"78인데 키가 170이 넘으시나...
그렇게 막 찌게 느껴지지가않음",0,2023-11-23T08:50:03Z
@이하늘에서,40키로 감량에서 40키로대 까지 화이팅 숫자를 거꾸로 만드시길 응원합니다,0,2023-11-23T08:38:56Z
@softly_you,역시 자기관리 하는 사람이 제일 멋진것 같아요!!! 저는 다이어트는 아니지만 피부가 안좋아서 넘 힘들거든요ㅠ 이영상 보고 자극받아서 열심히 관리해보겠습니다!!!,0,2023-11-23T08:12:21Z
@예니-b8f,와 멋져요 지금도 이쁘시네요 키가 몇이에요?,0,2023-11-23T08:04:59Z
@zultub,살뻈는데도 슴가는 그대로네,0,2023-11-23T07:48:41Z
@Dr.anjm0,"노력은 거의 배신 안해 
멋지구먼",1,2023-11-23T07:17:48Z
@raccoonist,와 진짜 지극받습니다 진짜 최고의ㅡ성형은 다이어트다 ...,0,2023-11-23T07:10:46Z
@배츄-l3u,최고의 성형은 다이어트임!!!,0,2023-11-23T07:09:34Z
@신비한녀석들,초고도 비만에서 초고도 글래머로~~ 멋져요,0,2023-11-23T06:56:05Z
@채병수-x3m,대단하세요~ 자극받고 갑니다,1,2023-11-23T05:31:59Z
@kanaesugongeop2747,찌찌는 안빠지네 축하드립니다.,2,2023-11-23T05:22:38Z
@데자뷰-m6q,대단하다,0,2023-11-23T05:04:33Z
@으앙._.15,"마지막도 이쁘지만 처음이 돼게 더 이쁘사고 귀여우세요 
❤❤",0,2023-11-23T04:59:27Z
@brh6914,이 암컷은 보기만 해도 예쁘다는 말이 떠오른다^^,0,2023-11-23T04:55:58Z
@brh6914,이 암컷은 뚱뚱해도 예쁘네 그런데 날씬해도 예쁘고^^,0,2023-11-23T04:55:12Z
@나그네-v1y,대단하다.. 대단해.. 그 능력 조금만 나눠 주세요..,0,2023-11-23T04:53:33Z
@LoveGyuCheol,츄닮았네…존예,0,2023-11-23T04:35:47Z
@마산가시나,살을빼든 안빼든 저런 노력자체를 한 당신은 최고입니다 👍,0,2023-11-23T04:35:37Z
@오고리,50kg때 되면 진짜 더안빼도 될거같아요,0,2023-11-23T04:29:48Z
@박나사-j5c,멋져부러,0,2023-11-23T04:23:01Z
@이현아-t7r,자연산 성형한느낌~ 진짜 이뻐지시네요,0,2023-11-23T04:17:58Z
@박민호-v3s,살틀수있으니 연고챙겨바르세요~~,0,2023-11-23T03:52:23Z
@Seong75,복권이넹,0,2023-11-23T03:33:07Z
@jasonpark2106,"건강하세요, 대단하세요 의지가^^* 건강한 다이어트 하세요 화이팅🎉",0,2023-11-23T03:30:34Z
@sakay1978,추카드려요,0,2023-11-23T03:29:44Z
@sml834,와... 대단하시네 멋집니다,0,2023-11-23T02:45:37Z
@장화신은포메,리스펙,0,2023-11-23T02:29:16Z
@이은강-t9m,와ㄷㄷ 자극받고 갑니다 운동 열심히해야지,0,2023-11-23T02:14:11Z
@자위중,지리네 자연산 슴가네 오우야 오우마이갓뜨 지져스,0,2023-11-23T01:59:16Z
@강승철-o6x,제 와이프가 봤으면 하네요…. 너무 멋져요!,0,2023-11-23T01:55:21Z
@b.1401,오~~🎉멋찌심 부릅다,0,2023-11-23T01:51:06Z
@전주환-n6c,응원합니다 화이팅,0,2023-11-23T01:40:52Z
@지돌대감,어느방면이든 노력하는 사람들은 멋있어...,0,2023-11-22T23:57:03Z
@김태현-n7p,리스펙.,0,2023-11-22T23:36:15Z
@김대원-t4e3f,난 60kg 사수하는것도 힘든데 ㄹㅇ 저체중도 심각하게 힘듦..,0,2023-11-22T23:26:59Z
@김하랑-p1i,노력은 결과를 배신하지 않는다는걸 보여주는 영상이네요 수고많으셨네요!,0,2023-11-22T23:25:27Z
@in_phant,"노력도 안하고 ~~하지말고
이렇게 노력하라고",0,2023-11-22T23:12:35Z
@댓글용채널-g6j,헐 츄님 조금 닮으셨어요,0,2023-11-22T23:00:12Z
@몽실곤듀,저도 열심히 해볼게요 함내세요❤,0,2023-11-22T21:32:16Z
@임강대-f4q,진짜 이쁘다와..,0,2023-11-22T18:24:25Z
@All_Clear_Games,인간승리,0,2023-11-22T17:22:28Z
@오크대장리재영,대단하다 와우,0,2023-11-22T16:52:44Z
@user-BBANGGU,"인간승리 👍👍👍 당신은 뭘 하든 성공할꺼에요
그 40키로뺀 의지만 있다면",0,2023-11-22T16:27:49Z
@ywMatteo1168,진짜 존경합니다,0,2023-11-22T15:27:14Z
@옆집빡구,대단!! 노력에 박수를~,0,2023-11-22T15:06:06Z
@마일리스튜어트,너무멋있네요!,0,2023-11-22T13:36:48Z
@minzy_93,50키로 더 빼야함,0,2023-11-22T13:33:42Z
@이응응-s2v,로또셨네,0,2023-11-22T13:11:47Z
@주탄발,🐄  같다ㅠ,0,2023-11-22T11:32:10Z
@JDB126,가슴 살은 일도 안빠졋네 대박,0,2023-11-22T09:51:12Z
@kmrjkysw,응원합니다❤,0,2023-11-22T06:48:32Z
@야구선수정규서,"우와 허리살만 쏙~ 어쩜 몸매가 이렇게 예쁘실까요~ 살빠지시니, 성형수술한 듯 얼굴도 너무 예뻐지셨네요.
에스라인~ 멋져요.",0,2023-11-22T06:39:23Z
@Harin-4582,전보연이 이걸 보고서 반성 해야하는데' 언제까지 사진 찍을때 마다 뽀샵 가지고 살 감추려는거지 얼굴 면적 줄이다가 전문가도 몸 까지는 줄이기 힘들어서 어깨나 골반이나 거의 황철순씨 처럼 큰데 ㅋㅋㅋㅋ 제발 이렇게 운동 좀 해라,0,2023-11-22T04:40:04Z
@제이현-y4m,예쁘다,0,2023-11-22T03:52:59Z
@당기순이익,축하드립니다 끝까지포기말고 건강해집시다ㅎㅎㅎ,0,2023-11-22T03:52:32Z
@berry6896,와 그 의지력과 정신력이 대단해요…  멋있어요❤,0,2023-11-22T03:48:35Z
@범이꼬미,뭘로 빼셧나요? 저는 다이어트 약으로 17키로..,0,2023-11-22T03:45:23Z
@Sanae-daejangbu,야 너 해냈구나 축하한다 좀만 더 힘내자 인생이 존나 아름다울꺼다,0,2023-11-22T03:07:28Z
@몽구몽구리-j4v,58키로까지 빼주세요 ❤,0,2023-11-22T02:12:34Z
@힘들다진자,어케했노,0,2023-11-22T02:01:12Z
@람-w3n,멋있는 청년,0,2023-11-22T01:47:06Z
@nonameohmamama3962,역시 최고의 성형은 다이어트..,0,2023-11-22T01:15:13Z
@몰라-s1s8d,딴사람이다,0,2023-11-22T00:27:24Z
@으아아아-m9e,맨만숙?,0,2023-11-22T00:27:16Z
@coolhand74,"얼굴이 이쁘다 생각하냐
노력이 100배는 더이쁘다",0,2023-11-22T00:18:39Z
@엄택-r8e,솔직히 76이면 이왕 뺀거 더빼자,0,2023-11-21T23:53:35Z
@한국-n3z,도전하는 사람은 아름답다.,0,2023-11-21T23:52:43Z
@빅잼-k6r,살은 엄청 늘어나있겠네..,0,2023-11-21T23:43:47Z
@박유정정노하길,더 늦기전에 시작해서 좋아요,0,2023-11-21T23:29:00Z
@user-didos,"다이어트가 진짜 존나게힘든건데.
운동은 그렇다쳐도 먹는게 참기가...
40감량이면 대단하시네 10만뺄려고해도 디지는데",0,2023-11-21T23:11:46Z
@지석진하차하자,요요안오길 응원합니다,0,2023-11-21T22:20:14Z
@길냥이-y1m,근력도 열심히해서 이쁘게 다이어트 성공하시길,0,2023-11-21T21:48:50Z
@레레누이레,멋있다..,0,2023-11-21T11:24:14Z
@푸딩이의일상-m6j,우와. 완전 대박 !! 엄청 대단해요!!,0,2023-11-21T09:44:37Z
@HAPPYMAN2020,"내가 사람 볼 줄은 잘 모르지만...
그럼에도 말을 해보자면?
이 분은 제대로 빼면 미인임. 미인!
내가 30대 남자이지만 님 원래 이쁜 외모를 갖고 있는 거 같음.
살 빼면 진짜ㄷㄷ 크~~~
님 다이어트 응원하구요. 사랑합니다❤️
진짜 사랑해요😊",0,2023-11-21T08:46:03Z
@THEGAMER-wz8bs,"와 저정도되면 다 귀찮고, 몸이 무거워서 힘들어서 못할텐데 대단하십니다. 80킬로에서 58까지 뺄때 귀찮아도 그때 사회가 외모 ㅈㄹ 심할때여서 살좀빼라 그딴소리듣기 싫어서 그냥 매일 4킬로부터 시작해서 10킬로까지 3달간 뛰어다녔던게 기억나네요 지금은 60킬로대 유지하고 있지만, 몸 건강히 운동하시기 바랍니다",0,2023-11-21T08:25:29Z
@hahaixun,4킬로를 빼는것도 힘든 일인데 40킬로를 빼시다니 정말 대단하네요 ㄷㄷㄷㄷ 앞으로 인생에 왠만큼 힘든일은 다 이겨내실듯,0,2023-11-21T08:09:30Z
@동네마녀,와 🎉🎉🎉,0,2023-11-21T05:59:30Z
@abcd70224,개쩐다….,0,2023-11-21T05:28:32Z
@lisaoyk700,와 반성하고 갑니다ㅠ 침대에 누워있었는데 일어나서 생산적인 일하러갑니다! 😊,0,2023-11-21T05:17:05Z
@Kiiijuhwaaaa,똑같다.,1,2023-11-21T04:29:33Z
@바닐라빈-q7h,멋져요~~,0,2023-11-21T04:07:07Z
@Fendersm2006,멋지네요 앞으로도 화이팅하세요! 많이 건강해지셨을듯ㅎ,0,2023-11-21T03:54:59Z
@김모세-w1p,와 뭘하든 성공하실분 이시네요..,0,2023-11-21T01:30:42Z
@Couch_Kitty530,노력하면 가능 하다는 걸 알려주셔서 감사합니다.,0,2023-11-21T00:37:49Z
@maskboyman,이제 저기서 20키로만 빼면 완전 베이컨 페이스가 된다! 섹시하면서 애기같은,0,2023-11-20T23:35:39Z
@엄로,올리버쌤입니다.,0,2023-11-20T23:20:14Z
@Deckard1210,"대단하다! 원하는 목표치 이루시면
 큰자산을 얻게되실 거에요 성공한 경험
들이 모여서 생각을 인생을 바꾸는 멋진 삶
응원해요",0,2023-11-20T22:51:41Z
@앗뜨거001,언니 진짜 짱 예뻐요! 열심히 다이어트하세요!화이팅❤,0,2023-11-20T22:49:07Z
@Ebb.,이누나 살 좀만더 빼면 존예일듯,0,2023-11-20T21:22:36Z
@DDD-s2k,ㅗㅜ .. 그 유명 자매 가수 에 여자인줄 이수연?,0,2023-11-20T21:21:14Z
@잘굴러-g4b,더빼자~~,1,2023-11-20T20:43:03Z
@honey_fruit,와 가슴쩐다,1,2023-11-20T17:27:57Z
@delpinok4804,멋집니다~,0,2023-11-20T15:39:53Z
@goodberry6617,🎉인간승리입니다🎉,0,2023-11-20T15:31:03Z
@MJDMNN,예쁘다는 애들이 더나쁘다 ㅋㅋ 진짜 가식적으로 살지들마라,2,2023-11-20T15:22:52Z
@apple2907,하아...몸매 이상형,0,2023-11-20T15:10:25Z
@yee1614,너무 예뻐요🤍,0,2023-11-20T14:47:34Z
@슈퍼아이돌-b8g,70키로대여도 살이 있는편인데 진짜 이쁘심 ㄷㄷ,0,2023-11-20T13:38:44Z
@동전-h1s,키가 많이 크신가봐요 76키로 일때 너무 보기 좋아요,0,2023-11-20T12:44:45Z
@박하사탕-p1z,멋져요!!~~😊,0,2023-11-20T12:29:16Z
@토미제리,"너무급하게빼면 살늘어지니까
천천히 꾸준히빼서
원하는 몸무게 달성하길 바랍니다ㅎ",0,2023-11-20T11:40:44Z
@CS_WIND,이전이랑 확실히 살맛나긴하겠네요...,0,2023-11-20T11:15:08Z
@가이드보컬,대단하시네요 👍 저는 20키로정도 빼서 10년넘게 유지중인데 운동이 습관이 되니 지금은 부상없이 오래하는게 진짜 행복인거 같더라구요.. 멋지세요 화이팅입니다!,0,2023-11-20T10:19:13Z
@dfgggg-x7v,뭘먹어야116이되냐ㅋㅋㅋ,2,2023-11-20T06:59:44Z
@karmaezreal,존경합니다,0,2023-11-20T06:28:56Z
@user-skh1714,"정말 쉬운일이 아닌데 대단하시네요! 응원합니다!
홧팅! 언제나 긍정긍정! 그리고 건강 챙기시면서 무리하지않게 굿 다이어트하세용~",0,2023-11-20T06:03:37Z
@원더보이-y3i,더빼라 ㅎ,0,2023-11-20T05:53:06Z
@seven_i,노래 선택보소 악뮤라니 ㅋㅋㅋ,0,2023-11-20T05:26:16Z
@Minerva908,76키로도 건강미가 넘치네요. 의학적으로 이젠 건강하다고 할때까지만 다이어트 달리시고 거기서부턴 본인의 매력을 가꾸셔도 될 거 같아요!,0,2023-11-20T02:32:07Z
@괴물쥐-c4k,사회에 공헌하는모습이 보기좋군요,0,2023-11-19T20:54:45Z
@ksky9900,스고이..,0,2023-11-19T16:27:14Z
@kkukkukkakkakkung,넘 대단하세요. 키가 어떻게 되시는지 여쭤봐도 될까요?,0,2023-11-19T14:21:20Z
@NewtypeID11,정말 대단하십니다. 화이팅,0,2023-11-19T13:51:01Z
@문영균-r2d,어차피 다시 원상태로 돌아감,0,2023-11-19T13:17:03Z
@원피스-s5f,원래도 이쁘셨지만 다이어트 하고난후 더 이쁜거같아요❤,0,2023-11-19T13:14:34Z
@소금-t9g,너무 급속도로 감량하면 심장마비가 올 수 있어요! 실제로 응급으로 실려와 돌아가신 분이 계시니까 댓글들 너무 신경 쓰지 마시고 민덕님 신체 속도에 맞춰서 천천히 감량해보세용!! 끈임없이 도전하는 자세 너무 멋져요~!👍👍영상 잘보구 갑니당!,0,2023-11-19T13:10:55Z
@queenishere79,의지가 정말 대단하십니다!! 멋있어요 🎉🎉,0,2023-11-19T12:20:31Z
@user-ls7py8pd4j,미챴노 리스펙,0,2023-11-19T12:18:56Z
@이덩선,뚱뚱 할. 때도 예쁜데.....넘. 예쁨❤,0,2023-11-19T11:50:13Z
@팔탄박,ㅈㄴ 멋있다 화이팅 하십쇼,0,2023-11-19T10:56:24Z
@임성묵-p2n,노력하는 사람은 언제나 아름답다,0,2023-11-19T10:34:45Z
@ssok_bbu,진짜 대단하세요..! 멋지다아!!!,0,2023-11-19T10:33:47Z
@쫀득이-q5f,최고의성형을 하셨네요!! 미인이 되셨네요🎉🎉🎉🎉,0,2023-11-19T09:00:29Z
@쏭싹-g6g,엄청 대단한거임 ㅠㅠ,0,2023-11-19T08:30:25Z
@sunnylin9833,예쁘세용❤,0,2023-11-19T08:05:10Z
@jonnyan306,늘어난 가죽은?,0,2023-11-19T05:52:57Z
@roni-e1v,아직도 과체중이세요,0,2023-11-19T05:09:22Z
@KwanghoChung,"지나가다가 응원 하고 갑니다! 화이팅!! 
엄청난 노력을 감히 짐작하기 조차 어렵네요!‘",0,2023-11-19T01:42:49Z
@하프로투머피,어제 서울에서 봤음,0,2023-11-19T01:07:05Z
@논현역6번출구칼퇴근,와 -40kg이면 내 여자친구가 거의 빠져나간거네 몸에서,0,2023-11-19T00:49:46Z
@jinhyupkwak8081,화이팅,0,2023-11-18T23:38:01Z
@hohi5860,와 40 ㄷㄷ 나는 11키로 뺏는데 이것도 7개월간 정말 힘들었는디,0,2023-11-18T23:22:18Z
@높은나무위에개미,"님 짱 정말멋지심. 외롭고 힘들고 겨디기 힘들었을터인데 결과만드느라 토탁토닥 쓰담쓰담 님 멋짐 더 노력해서 더 예뻐지시길 
그리되면 님더 좋은일들만 생길것임 화팅",0,2023-11-18T22:44:03Z
@JOsh-Conservative,가슴골반 우월해서 동기부여 확실하겠네,0,2023-11-18T18:08:26Z
@강딴이,오 성공한 인생 ~~,0,2023-11-18T18:05:39Z
@cakemmm414,일단 안경부터 부숩시다,0,2023-11-18T17:45:50Z
@janeeyre23,귀여우시다,0,2023-11-18T15:39:32Z
@kmy621645,와 개멋있어요,0,2023-11-18T15:21:53Z
@박병호-l3v,착시효과,0,2023-11-18T15:13:43Z
@ego-v9t,예뻐요,0,2023-11-18T14:28:50Z
@plotterhh,넘 이뻐여,4,2023-11-18T12:05:41Z
@바코-f2q,꾸준히 가시면 될듯 응원합니다,0,2023-11-18T11:49:05Z
@CreedKilian,미나상보다 낫다,0,2023-11-18T11:41:58Z
@Tamadorr,"무엇인가에 시간과 열정을 쏟아서 노력하는 사람을 질투해서 악플다는 인간은 뇌 대신 개똥이 차있나?
사람똥이어도 생각이란건 할텐데...

악플 쓸 시간에 무언가에 노력 좀 하세요",0,2023-11-18T11:20:57Z
@리카몬드,머리숱 안날라감?,0,2023-11-18T11:14:33Z
@칰붕이1,고생했어,0,2023-11-18T11:14:12Z
@왜유-t1i,"다이어트가 최고에 다이어트라던데
진짜노",0,2023-11-18T11:12:08Z
@nomirinomiri3099,와 진짜 존경합니다... 40kg을 변화하셨다는게 얼마나 힘드셨을지 감히 상상할 수가 없네요...,0,2023-11-18T10:36:27Z
@배고파-q1p,두번째 사진 입술박치기 당하신건가요 아니면 진짜 엄청 매운 음식먹으신건가요???,1,2023-11-18T10:23:43Z
@parin2,응원합니다,0,2023-11-18T10:23:20Z
@sus1667,난 72,0,2023-11-18T10:15:32Z
@feeling_max,멋있다,0,2023-11-18T10:02:08Z
@머선일이고-f4u,화이팅,0,2023-11-18T09:58:52Z
@NoRaengs99,복권 당첨 확정이네.. 뺄 맛 나겠다 ㅋㅋㅋ,0,2023-11-18T09:54:57Z
@생수-i3b,최고의 성형은 다이어트가 맞는거 같네요 이뻐요❤❤,0,2023-11-18T09:42:24Z
@Ankylo-u1q,리스팩합니다,0,2023-11-18T09:38:57Z
@yowanehaki,와웅 저는 10kg쪘는데두 유산소 발목아파서 못하겠던데 의지력 대단하시네요👍 이거 보고 바로 헬스장 갑니다 ㅋㅋㅋ,0,2023-11-18T09:26:47Z
@qwerasdfzxcv442,진짜 대단 존경합니다,0,2023-11-18T09:09:24Z
@홍기-t5l,ㄷㄷ,0,2023-11-18T08:33:24Z
@user-nj8djdkdma1o,움직임 적으면 살 금방찌지,0,2023-11-18T08:32:36Z
@ted0406-z5q,왜이리 예쁘세요,0,2023-11-18T08:11:37Z
@물방개마스크,뭐임 존나 예뻐졌네,0,2023-11-18T07:51:43Z
@mhyun0320,운동하면서 느낀게 단 5키로 빼는것도 존나큰 노력인데 이분이 얼마나 대단한지 알수있음 ㄷㄷ,0,2023-11-18T07:33:12Z
@safety7088,응원할게요 !,0,2023-11-18T07:24:34Z
@갓민,와 남친있을듯,0,2023-11-18T07:06:43Z
@yuhwa9062,복권이네요 이쁘시다,0,2023-11-18T06:56:45Z
@말하기전생각하기,복권이 여기있었네 ㄷㄷ,0,2023-11-18T06:52:07Z
@레이-t6l,당첨이다,0,2023-11-18T06:26:30Z
@hoon3539,와우 진짜 고생하셨어요. 건강히 앞으로도 화이팅,0,2023-11-18T06:17:24Z
@팩트폭격기-u7h,살빼도 남자인 나보다 몸무게 등치가 더 좋네 초고도비만에서 비만으로 뺏으니 지금부터 20키로만 빼면 되겟습니다,0,2023-11-18T04:56:08Z
@burgerking8536,얼굴도 예뻐지네요. 존경합니다.,0,2023-11-18T04:34:02Z
@진도환-q7x,"와 진짜 존경스럽네

혹시 복부는 어쩔 수 없겠지만 얼굴 근처 가죽 늘어남은 없나요",0,2023-11-18T03:41:13Z
@재훈이-p7o,와 마음만 먹고 행동으로 옮기는게 진짜 힘든데...,0,2023-11-18T03:34:43Z
@이진우-h7h,고생했어요 이쁘네,0,2023-11-18T02:50:17Z
@신장개업-g1c,당신의 아름다운 인생을 응원 합니다,0,2023-11-18T01:53:32Z
@임상혁-l6p,당첨이네,0,2023-11-18T01:51:14Z
@adolf1452,56 만드세횽,0,2023-11-18T00:02:38Z
@인즐-e3x,대단한데?,0,2023-11-17T23:44:48Z
@TNKIM-h3c,ㄹㅇ 당첨복권이네;;,0,2023-11-17T23:28:30Z
@BlueHandle,살 빠지니 정말 이뻐지네요. 60까지 빼면 정말 더 이뻐질듯~ 응원합니다.,0,2023-11-17T22:54:50Z
@동공이약사,좀 더뺴야할것같은데,1,2023-11-17T19:52:34Z
@tooth_angel,굳굳 먹고싶은거 참는거 진짜 힌든데 ㅎㅎ,0,2023-11-17T11:12:14Z
@낭-만,고생했네 넌 이뻐질 자격 있다,0,2023-11-17T11:03:27Z
@워윅-q5k,?,0,2023-11-17T10:45:11Z
@seunghwanlee8489,와.. 저랑 결혼해주세요❤,0,2023-11-17T09:36:11Z
@냥냥-p2d,인간승리ㄷㄷ,0,2023-11-17T09:21:09Z
@함우진-n2j,와우 성공하셧군요 부럽습니다....,0,2023-11-17T08:21:40Z
@rkdrks777,인간성공이다,0,2023-11-17T08:07:29Z
@바쿠쌉꿀마,화이팅,0,2023-11-17T07:58:05Z
@serazza,존경스럽습니당 ㅠㅠ,0,2023-11-17T07:41:03Z
@user-bx8lk2wb3m,제가 181cm 75kg인데 이분하고 스파링뜨면 이길 수 있을까요?,1,2023-11-17T06:48:05Z
@Bongsuun,진짜 머싯다 고생하셧서요,0,2023-11-17T06:23:00Z
@란한찬,얼굴은 똑같네~,1,2023-11-17T04:58:16Z
@user-fi5hf1ur7o,와~ 보소?,1,2023-11-17T04:32:03Z
@playbestre6962,용이 환골탈태 하는군..,0,2023-11-17T03:24:11Z
@kmc1741,어 어케했누 ㅜㅠ,0,2023-11-17T03:01:54Z
@물범-p8d,16까지 빼보자 파이팅,0,2023-11-17T02:49:01Z
@김준영-c4j,76kg넘 좋다 키스 박고싶다,0,2023-11-17T02:25:22Z
@KITAESROOM,와 ..멋지십니다,0,2023-11-17T02:04:45Z
@최태민-p8x,아니야 아직 아니야,2,2023-11-17T01:37:50Z
@로토아로,훌륭합니다. 예쁜 얼굴이시라 20키로만 더뺀다면 훌륭함에서 완벽함이 되실 듯.,0,2023-11-17T00:58:12Z
@choileo9,30키로더빼,1,2023-11-16T23:47:52Z
@user-eg4pk3lj5w,살 빼시기 전도 귀여우세요 살 빼고 난 뒤는 또렷한 귀염이고요 고생하셨네요,0,2023-11-16T16:50:11Z
@user-ul4md8jn8v,여자가 76 흠..,1,2023-11-16T14:15:25Z
@fffffffffa2,고작 116에서 40kg 밖에 못빼다니 정신력이 나약하군요 그런정신력으론 아무것도 할수없습니다 50까지 쉬지말고 달리시오,1,2023-11-16T14:11:01Z
@user-perry0126,와 진짜 대단하세요...,0,2023-11-16T13:56:45Z
@GuarDian-88,"멋있으세요😊
노력을 엄청하신거 같아요😊",0,2023-11-16T13:56:38Z
@kidaripapa35,아마 60키로대 진입하면 타고난 피지컬이 빛을 발하다 못해 눈이 부실거다.,0,2023-11-16T13:46:15Z
@퐈이어셔틀,복권이 따로없누,0,2023-11-16T13:44:16Z
@fucking7777,"와 ㅋㅋ 30키로 넘게~~고생하셨어요 
그런 정신이면 뭐든 하실수있으실듯!!",0,2023-11-16T13:00:49Z
@O.BANG.R,근데 ㅅㅂ 얼굴이 존나 예쁘게 생겼네,2,2023-11-16T12:55:31Z
@Initiator42,노력의 보상이 어마어마하시네요. 아름다우십니다~ :D,0,2023-11-16T12:15:22Z
@김두현-h5l,와 대단하네,0,2023-11-16T12:09:25Z
@arnnnmmmm,와.. 인정,1,2023-11-16T11:24:24Z
@tlsdml45,희롱하는 의미 1도없이 진짜 모래시계 체형의 축복을 받고 태어나셨네요. 여자들 살빠지면 가슴살이 거의 1순위로 빠지던데.. 타고나신 글래머십니다.,161,2023-11-16T10:55:53Z
@lllledd,금방 정상체중 가시겠는데??,0,2023-11-16T10:04:13Z
@나비날다-r5v,대단하세요,0,2023-11-16T09:41:24Z
@빅숏-j4c,저도 이거보고 동기부여 되네요ㅜㅠ,0,2023-11-16T08:50:36Z
@dilu246,다이어트 파이팅,0,2023-11-16T08:17:16Z
@케시움마케힘,"전50kg빼버림
근데 그거아시죠?
다이어트성공률이 5퍼 
5퍼중 3년동안 유지하는게 0.1퍼래요.
운동재미 붙이시면 가능 ㅋ
건승을 기원합니다.",0,2023-11-16T07:56:51Z
@orangemushrOm,왕간다님?,0,2023-11-16T07:10:29Z
@김종현-c9k,완전 다른 사람으로 탄생했네요...와...,0,2023-11-16T07:09:11Z
@젓가락-z1w,너무 대단하세요! 응원합니다!,0,2023-11-16T06:55:01Z
@그리핀s,"노력에 박수 무한대입니다
홧팅",0,2023-11-16T06:38:47Z
@뮹뮹잉-p8w,와 대단하십니다..,0,2023-11-16T06:27:35Z
@월8000만원의행복,왕쥬에서 살빼니 사람되네 ㄷ ㄷ,0,2023-11-16T05:53:41Z
@행복한밥살,응원합니다! 화이팅,0,2023-11-16T05:44:16Z
@redaurora-g2s,"다이어트가 최고의 성형이 맞는거 같다 
사람되긴 했네 노력해서 65정도까지 가시면 
다들 눈길 한번씩 줄것같은 외모 같아요",0,2023-11-16T05:43:23Z
@youtoo-ck4rp,젖통은그대로네,1,2023-11-16T05:19:11Z
@눈팅직관,사겨주세욘,0,2023-11-16T05:11:48Z
@li0v2y0u,30kg 더 빼고 올리시지,0,2023-11-16T04:25:41Z
@kingbada8178,존경스럽습니다 멋있어요,0,2023-11-16T03:31:07Z
@HkHan-y3j,고생했다 장하다,0,2023-11-16T00:18:04Z
@hjkim5893,악뮤음악나오는거보니 수현이도 설빼라는 무언의 압박,0,2023-11-15T23:53:57Z
@칸자키아오이,긁지않은 복권 😊 힘내세요,0,2023-11-15T23:34:39Z
@singsket2778,응원합니다,0,2023-11-15T23:27:43Z
@user-jw4pl3oe9n,저는 먹고싶은 밀가루 다 먹으면서 하루빠짐없이 운동했던 기억이 ㅎㅎㅎ 23키로빼고운동 안해도  치킨 피자 과자 몇봉지 먹어도 살이 안찌는 몸으로 바꼈어요 왜안찌냐 운동트레이너 분께 물어보니 애초에 전 먹고싶은거 다먹고 다이어트를했기에 살이 쉽게 안붙는거다 라고 말씁하시더라고요 평생 풀과 적은양을 먹을게 아니면 다시 살찐다 하더라고요 먹고싶은거 먹으며 운동이 답이네요 운동안한지4개월차인데 어제 밥3끼 다먹고 과자두봉지에 꽈배기까지 먹었네요 😂 오늘도 몸무게 유지하는 행복한 하루네요,0,2023-11-15T22:45:21Z
@legundofthewolrd,배리나-> 정상인,1,2023-11-15T22:43:05Z
@예쁜식빵,대단해,0,2023-11-15T22:10:01Z
@albob-z5d,오 살빼니 훨씬 낫네,0,2023-11-15T22:00:38Z
@khantha,와,0,2023-11-15T20:04:50Z
@손기영-g3i,저도 96에서 84까지 빠졌다가 다시93까지 왔는데 영상보며 마음가짐좀 바꿔보겠습니다 같이힘내요,0,2023-11-15T18:29:51Z
@성황-p4p,근데 만족해도 될 얼굴이긴 해ㅋㅋㅋ,0,2023-11-15T18:11:10Z
@FIREO,진짜 세상이.달라보이나요??,0,2023-11-15T17:56:12Z
@문철현-r9p,진짜 대박이다.. 존나예뻐,2,2023-11-15T16:43:40Z
@문강장,"선생님 화이팅 하십숑 지금도 충분히 대단하공
앞으로 빠지던 안빠지던 의지 자체가 대단한겁니당 ㅎㅎㅎ
저도 다이어트 하고있는데 정말 대단하다고 생각해용 ㅎㅎㅎ",0,2023-11-15T16:08:19Z
@match_maker,와우 여자는 살빼면 가슴먼저 빠진다던데 그것도 아닌가보네요 여기서 10~15만 더 빼면 아주그냥 미인 초미인이 되실것같네요,1,2023-11-15T16:07:12Z
@kkh7230,뚱뚱한체형에 비해  발은 그렇게 안뚱뚱하고 이쁜편이네요,0,2023-11-15T16:01:37Z
@qwertyui1768,멋지십니다,0,2023-11-15T15:27:52Z
@tworiders_onearth,좀만…더..잘하고있어요!!,0,2023-11-15T14:47:31Z
@melloncheon6887,노력 리스펙 대단하십니다,0,2023-11-15T13:32:53Z
@춘시기-x9g5f,10키로 빼는것도 죽을것 같더라 근데 40키로를 뺐다니 님의 노력에 경의를 표합니다 !!♡♡,0,2023-11-15T12:54:18Z
@슈바르,50키로 이하로 빼라,1,2023-11-15T12:39:48Z
@한대웅-h6q,복권성공,0,2023-11-15T12:19:26Z
@엔틱-m9k,멋져요.,0,2023-11-15T12:02:03Z
@chuccaru5753,즈기...더 없나요? 끝이 나랑 동체급인?,0,2023-11-15T11:16:45Z
@하이-y8w4m,처음에 -40키로 보고 설마 했는데 진짜 성공하셨네요… 대단하십니다!,0,2023-11-15T11:07:57Z
@hseo23,수고하십니다,0,2023-11-15T10:24:48Z
@starpatrick-w8w,가슴이 부럽따 ㅠㅠ 부러우니까 내 여친해라,2,2023-11-15T10:20:11Z
@돼지새기-r1m,와 ㅅㅂ 76키로 ㄹㅇ개좋다 살그만빼셈,0,2023-11-15T09:43:46Z
@oldNsickISAAC,"와...
환골탈태를 완벽히 이해했습니다",0,2023-11-15T09:43:01Z
@이건-r9d,인스타랑 반응이 다르네,0,2023-11-15T09:12:21Z
@상진-sj,알려주세요 ㅠㅠ,0,2023-11-15T08:44:35Z
@냥이집사개감독,노력하는 사람이 정말 아름다운거죠,57,2023-11-15T08:17:52Z
@태일신-e2x,복권이네,0,2023-11-15T07:53:49Z
@IMTHESAMSUNG,와 이게 들어갈덴 들어가고 나올곳은 나오네요? 몸이 너무 예쁘십니다,0,2023-11-15T06:52:07Z
@looooooooooooooooooooooong,네가 넘버원이다!,0,2023-11-15T06:25:32Z
@박유환-w8f,살찌든빼든 총몇명 엄마같이생김...,0,2023-11-15T06:23:25Z
@user-yl7tm9cx7q,진짜 노력이 멋지세요!!,0,2023-11-15T06:14:13Z
@고졸백수-n4h,와~~ 보소..,0,2023-11-15T06:03:55Z
@y.-.oneNOne,벌써 공주님 태가 나네,0,2023-11-15T05:46:45Z
@돈-n1w,노력에박수!!👍👍👍,524,2023-11-15T05:01:33Z
@이세곤seagonLee,수연인줄~아니네!,0,2023-11-15T03:33:50Z
@Okju19,난 이런분들이 대단하다고 느끼는게 진짜 본인이 살찐거 제일 잘 알고 이렇게 올리는거 자체가 쉽지않았을텐데 대단합니다. 그래서 난 살 언제뺌...,0,2023-11-15T03:18:34Z
@킥킥킥-u3x,다이어트를 해도 못생긴게 레전드네ㅋㅋㅋㅋㅋㅋ,0,2023-11-15T03:16:21Z
@bhj2806,딱 4킬로만 빼자~ 싶다가도 운동 끝나면 배고파서 그냥 먹던대로 밥 먹는데...진짜 대단하십니다.,0,2023-11-15T01:53:46Z
@고도사-m6b,"인간승리 대단하세요
건강하시고 행복하세요",0,2023-11-15T01:44:46Z
@mink0414,큰결심가지셨구  고생하셨네요  이후도 응원합니다  너무예뻐지셨어요,0,2023-11-15T01:42:42Z
@cdalcom5531,화이팅!!!!!!,0,2023-11-15T01:41:30Z
@엄준석-u8u,마음이 넓네요,0,2023-11-15T01:41:22Z
@Ehe7c8,더빼라,0,2023-11-15T01:28:06Z
@오아-g9e,40kg이면 초등학생 한명을 몸에서 적출한 급 ㄷㄷ,0,2023-11-15T00:48:03Z
@ranyachoo6455,와 남자인 나도 100키로일때 엄청 힘들었는데 110키로면 엄청 고생하셨네요 ㅜ,98,2023-11-14T22:49:17Z
@SeokJinShin,와씨 나는 80에서 4키로도 못빼고 있는데 진짜 대박이다.,0,2023-11-14T22:39:28Z
@유니-g7n,뭔말이 필요해 화이팅!!!,0,2023-11-14T21:05:02Z
@WalWalWalWalWalWalWalWalWal,빼기전에도 이쁜게 보이노 이게 바로 긁지않은 복권?,0,2023-11-14T21:02:45Z
@임동휘-o3r,심민덕 대단하다! 다욧 화이팅입니다,0,2023-11-14T20:59:53Z
@MsJungyoungho,원래 고도는 70까지는 빼는데 70대부터 안빠짐...,0,2023-11-14T20:57:57Z
@FxxkChina,"다이어트라는게 말이 정말 쉬운거지
각자마다 하루 일과를 마치고나면 사실
운동을 하기가 정말 힘들고 귀찮은데
정말 대단합니다.
꼭 원하는만큼 그리고 무리하지말고 건강한 다이어트하시길 바랍니다.",0,2023-11-14T20:38:55Z
@Koica999,얼마나 노력을 했을지...ㄷ 상상도 못하겠습니다 대단...리스펙,0,2023-11-14T18:59:42Z
@이응-q4d,체격 진짜 축복 받으셨다..;;,61,2023-11-14T18:58:15Z
@taya8016,존경스럽네요,0,2023-11-14T17:38:33Z
@harryhwang7255,지금도 충분히 예쁘시지만 앞으로 더 예뻐지실 꺼에요! 정말 리스펙 입니다!,0,2023-11-14T17:23:39Z
@마르-y9b,에초에 너무 쪄서 아무리 빼도 ㅠ,0,2023-11-14T17:02:35Z
@슬래시백,봐봐 뚱뗑이는 모두 주식이야! 넘 이뽀,0,2023-11-14T17:01:55Z
@rosebird6229,화이팅하세요!,0,2023-11-14T16:47:18Z
@HODU9309,"이런말씀 드리면 기분나쁘실수도 있는데 
왜 얼굴이 3개이신지..",0,2023-11-14T16:38:29Z
@보랏빛새벽녘,식단이 너무 궁금해요 다이어트 하는즁인데 식단이 너무 어려워요..ㅠㅠㅠ,0,2023-11-14T16:28:13Z
@hyeong-nu,다이어트 말은 참 쉽지만 행동으로 옮기는게 정말 쉽지않은건데 대단하시네요👍👍 의지와 노력에 박수를!!👏👏,0,2023-11-14T16:14:51Z
@익명-k3g1o,어케뺏냐 진짜대단하다ㅏㅏ,0,2023-11-14T15:44:04Z
@user-도도,진짜 인간승리..,0,2023-11-14T15:35:42Z
@1vxbjdjdyyu,진짜멋있습니다,0,2023-11-14T15:31:21Z
@사람-h4k,진짜 대단하네요 이게 진정한 인간승리지,2,2023-11-14T15:22:40Z
@xiixxv9162,요요 올듯,0,2023-11-14T15:11:32Z
@ejy1216aa,와 ♡,0,2023-11-14T15:03:03Z
@hong4769,20키로만 더빼시면 될듯,0,2023-11-14T15:01:45Z
@새우튀김맛있다,76도 귀엽구나...,0,2023-11-14T14:23:20Z
@volllucas3656,"같이 먹어도 저는 몸무게 불었다 며칠 있음 원래 몸무게로 복귀 하는데 
옆 마눌은 일주일 넘게 운동과 귤어야 겨우 겨우 돌아오는 타고난 체질은 무시 못해요.
엄청난 노력을 하셧네요
천천히 꾸준히 포기말고 팟팅하세요.^~^//",0,2023-11-14T13:55:44Z
@이준석-z6r,고생 많으셨어요,0,2023-11-14T13:37:20Z
@club2-take-117,아구찜이 갈치가 되는순간,0,2023-11-14T13:28:52Z
@루하-d6n,20 더 빼자~,0,2023-11-14T13:20:48Z
@hdk7836,와 대단하다,0,2023-11-14T13:16:22Z
@SAN-er2do,진짜 너무 대단하네요.. 4 5키로 빼는것도 버거워하는 나인데..ㅋㅋ 40키로..ㄷㄷ,0,2023-11-14T13:14:45Z
@takikim-by9db,복권이노,0,2023-11-14T12:56:42Z
@비정상탐지기gh,116에도 이쁨이 보이는데...? 약속된 복권이네,0,2023-11-14T12:36:14Z
@seeyoualways,이건 리스펙해야돼 ㅅㅂ 사실 10키로빼는것도힘든데 40키로를ㅡㅡ,0,2023-11-14T12:19:11Z
@훈경-g4w,조금만 더 파이팅 하십쇼!!,0,2023-11-14T12:18:52Z
@이태윤-k8h,복권 개열심히 긁었는데 실패 ㅋㅋ,0,2023-11-14T12:17:55Z
@user-new-music,응원해요,0,2023-11-14T12:07:08Z
@안녕해-c8r,"예전에도 정말 이쁘고 아름다운 여자이였지만, 그래도 살을 빼니 더 아름답고 예쁜 여자가 되었네요!",0,2023-11-14T11:57:55Z
@하하정택,대단하십니다 응원할께요,0,2023-11-14T11:50:29Z
@Allrighty24,와 ㅅㅂ 레전드네,0,2023-11-14T11:48:54Z
@미르-u6s,대단하다 난 언제빼냐,0,2023-11-14T11:43:10Z
@티온-i8u,멋지네요,0,2023-11-14T11:22:42Z
@strategy_safari,대단해요 힘내요 항상 응원합니다,0,2023-11-14T11:19:18Z
@창로스쿨,"근데 죄송한데요.진짜 금방 돌아가요.
특별히 큰맘 먹지 않는 한은 coming soon~",4,2023-11-14T11:14:45Z
@grenadin-syrup,누나 존내 대단하네 나도 다이어트 해야지,0,2023-11-14T10:59:41Z
@김동은-e9j,멋져요,0,2023-11-14T10:59:32Z
@SS-yy,복권 야무지게 긁는중..꼭 1등 당첨 되시길!,0,2023-11-14T10:50:41Z
@singsangsong0,대단하네요😮  목표까지 화이팅이요!,0,2023-11-14T10:32:44Z
@정아-g8e,대단하다~~ 점점 이뻐지는 모습에 진심 박수 짝짝짝,0,2023-11-14T10:32:10Z
@sksb73b5x08,비만인데 다이어트 한 여자가 좋은 이유는 ㅈㄱㅅ이 매우 크기 때문입니다.,0,2023-11-14T10:01:22Z
@PostMalone4398,ㅎㅇㅌ!,0,2023-11-14T09:57:16Z
@Jungmin_shooting,"모르는 분이지만 진짜 대단한 의지를 같고 계시네요
존경합니다.",0,2023-11-14T09:05:18Z
@문달-x1m,진짜 열심히 하셨네요. 멋있습니다!,0,2023-11-14T08:59:03Z
@Aaaaaaaaaaaaaaaaay-p9z,"살찐사람이 ㄹㅇ 긇지않은복권 인듯
당첨!!!",0,2023-11-14T08:41:52Z
@user-hc6rn2id3j,인간승리,0,2023-11-14T08:06:27Z
@마마무-o5c,더빼야 겠다,1,2023-11-14T08:00:49Z
@peterdaelee2172,당신의 노력에 박수를 보냅니다. 아름답습니다.,0,2023-11-14T07:57:34Z
@user-adoong,"고생하셨네요
20키로만 더 빼세요",0,2023-11-14T07:24:30Z
@러크-k9b,대단..,0,2023-11-14T07:20:26Z
@제말이틀린거같네요,개미쳤다 의지.....,0,2023-11-14T07:17:26Z
@하늘-q2y-y4v,저도 운동하고싶은데 알려주세요ㅠ,0,2023-11-14T06:39:54Z
@낙화유수-k3h,더 더 더  이뻐지세요  ❤   응원할게요,0,2023-11-14T05:53:38Z
@최준영-s6i,옜날 느낌을 가지고 계신데 예뻐지신거 같아요. 건강하게 빼시구 부럽네요,0,2023-11-14T05:49:32Z
@kodavid536,살에 가려졌던 몸매가 드러나니까 엄청 매력적이네요.,0,2023-11-14T05:47:37Z
@coupangmenfrog,오 쭈쭈는 그대로네 ㅎㅎ,0,2023-11-14T05:40:37Z
@링베돌링,와 대단하시네요,0,2023-11-14T05:34:02Z
@indowns6356,사..살을 빼도 ...오우 저거는...,0,2023-11-14T04:57:33Z
@uesr-qn3kro8ft5j,욕하고싶다 존나멋있습니다,1,2023-11-14T04:41:16Z
@봉카-d2k,우와... 개멋있다.,0,2023-11-14T04:35:21Z
@엘키리-g2t,처진살 관리 어떻게하셧는지 알수있을까요?,0,2023-11-14T04:18:33Z
@최강훈-o4t,초고도비만에서 다이어트시에 뱃살 살쳐짐은 계속 운동하면 사라지나요?,0,2023-11-14T04:15:12Z
@gomfalgom3841,"45kg를 빼본 경험이 있어 얼마나 힘드셨을지 공감이 되네요…고생하셨어요. 저는 남자라 그나마 먹는걸 먹고 하는데 여자분들은 정말 대단하십니다. 기초대사량이 낮아서 먹는게 더 한정적이실텐데…꼭 건강 챙기시고 쭉 더 빼셔서 목표하는 바를 이루시길 응원합니다!

나중에 쭉 다 빼셔도 운동 꾸준히 하시고 바디프로필도 찍어보시고 해보세요! 좋은 경험, 추억이 될거에요!",0,2023-11-14T03:30:16Z
@chichiroll4032,미녀는괴로워 실사판이야.. 진짜 미녀다 미녀!!,0,2023-11-14T02:48:21Z
@잡다한역사-p2b,긁어가는 복권이네용,0,2023-11-14T02:28:55Z
@peterhan4173,저하고 체중이 같네요. 제소원이 저랑 체중이 같은 여자친구 만나는거 ❤,0,2023-11-14T02:15:50Z
@sero8233,멋지고 이쁘세요,0,2023-11-14T01:44:55Z
@Davidmoonfrenchhorn,진정한 승리자 입니다…,0,2023-11-14T01:44:32Z
@안락사를받아들여,40kg면 애가 하나 나온거나 다름없네 의지가 대단하네요,0,2023-11-14T00:59:34Z
@blahblahblahkk4632,"복권은 맞는거 같으니까
이왕이면 웨이트 위주로
살안처지게 빼는 속도는 조금은 줄이더라도
근력키워주면서 식단 더 타이트하게
하면서 복권당첨 되세요
2년에서 3년정도 기간 잡으시고
20키로에서 30키로 더빼시는거
추천드려요
글래머러스 하시니까
진짜 잘만하면 인기 많을꺼에요
ㅍㅇㅌ",0,2023-11-14T00:56:09Z
@Mariax2x2,몸에서 초등학교 4학년짜리 애를 하나 빼냈네ㅋㅋㅋㅋㅋ,0,2023-11-14T00:39:09Z
@machine11118,40키로빼니까 사람이 달라보이네 지금도 예쁜데 살 더 빼면 훨씬 예쁘겟네,0,2023-11-14T00:33:28Z
@캐슬빠름,"생각보다 많은 사람들이 모르는건데
적당한 과체중이 살빼는건 많이 힘들지만
초고도비만이 살 빼는건 개쉽습니다.
저도 115키로였던 시절이 있었는데 그냥 자고 일어나면 2키로가 빠져있어요
지금은 35키로 감량했고요",0,2023-11-14T00:18:37Z
@oldmangaryy5997,예쁘시다 진짜 이상형 남친분 부럽!,0,2023-11-13T23:49:51Z
@보부상-j4b,인간승리다...,0,2023-11-13T22:56:08Z
@Dragonspear1216,요즘 물러터진 사상을 주입당해 인생을 낭비하는 바보들이 많습니다. 인생은 누리고 즐기는 것이 아니라 견디고 개척하는 거에요! 정말정말 응원합니다 진심으로!!! 목표에 달성했을 때 정말 많은걸 얻으실거에요! 한 20kg 더 빼면 되나요? 암튼 파이팅!! 벌써 2/3왔네요 ㅎㅎ 저도 3키로만 더 빼면 목표달성이랍니다! 근데 근육은 안크더라...,4,2023-11-13T21:20:02Z
@user-qawsedrftgyh,역시 다이어트가 최고의 성형이긴하네..ㅎㅎㅎ,0,2023-11-13T21:08:22Z
@lotto2492,역시 최고의 자기 사랑은 다이어트인것 같아요,0,2023-11-13T20:52:33Z
@gusxkr1,엌 나랑 똑같은 그립톡이다 ㅋㅋㅋㅋㅋ 짱구가 귀엽긴 해~,0,2023-11-13T19:48:13Z
@DUKJABONGJA,"제여친도 다이어트중인데 얼마나 힘들었을까요?대단하세요
살빼시면 진심 존예되실 얼굴이세요!!화이팅!!",0,2023-11-13T19:41:39Z
@튀김우동-y4h,대단하심,0,2023-11-13T19:20:06Z
@치즈맛라면,가슴안빠진게 레전드네,0,2023-11-13T17:51:26Z
@곽정호-d2m,리스펙...❤,0,2023-11-13T17:30:12Z
@이영주-g3g,"와우 굿🎉
전 입대하고 40뺐는데
어떻게 본인의지로 빼셨나요 😮😮",0,2023-11-13T17:29:47Z
@DlekgPakstp,이뻐요!!,0,2023-11-13T17:29:19Z
@뚠뚠이스,저도 방법좀 알려주세요 ㅠㅠ저는 165 95키로라 허리가 맨날 뭉쳐서 병원 맨날 가가지구 ㅠㅠ 살때문이랑 고생해서 그렇다는데 어떡하면 살빠질까요오 ㅠ,0,2023-11-13T17:11:17Z
@SimMinDeok213,"선생님들 아직도 다이어트 하고 있어요 😂

영상이 76kg에서 끝나서
다들 지금 만족한다고 느끼신 거 같습니당
다이어트 의지 다질 겸 올린 영상입니다..!
아직도 비만 맞고 절대 만족하지 않아요!!!

얼른 더 감량해서 오겠습니다..!",4831,2023-11-13T16:45:29Z
@daehun6974,고생하셨습니다 40키로 더빼시죠,0,2023-11-13T16:38:40Z
@UHOO_4015,몇키로까지가 목표인지는 모르겠고~ 키가 몇인지는 모르겠으나 키가 작든 크든 50kg중후반~ 60kg초중반 사이가 여자들에겐 뚱뚱하지 않은 통통? 내지는 건강하다? 느낌을 주더라구요! 화이팅입니다!!!,1,2023-11-13T15:58:58Z
@ddd-zi8cd,건강 수명 20년 연장 축하드립니다,0,2023-11-13T15:31:00Z
@leepowerlove,"아~!!!
쫌만더!!
복권이 긁어지려하는데
왜 멈춰!!",0,2023-11-13T15:20:39Z
@유작가브이로그,쉽지않았을텐데. 박수를보냄니다 .굿굿!,0,2023-11-13T15:17:52Z
@simonlee4302,너무 멋있습니다.,0,2023-11-13T15:05:53Z
@eldenkim7720,인간승리다 ㅠㅠ🎉,0,2023-11-13T15:02:17Z
@user-sg1qr2xf9b,"40감량은 ㄹㅇ 대단하시네..
이제 배에 복근만드셔서 바프까지
도전!",0,2023-11-13T14:55:03Z
@광현김-j5h,25키로 더빼,0,2023-11-13T14:46:23Z
@조병욱-e2r,살빼도 그닥,0,2023-11-13T14:39:06Z
@뺩뺩-q1e,30키로만 더 감량하면 되겠네요,0,2023-11-13T14:37:03Z
@doldom7,ㅎㅇㅌ,0,2023-11-13T14:27:59Z
@_dir_y,"고생했어요 하루하루 노력해온 당신이 가장 예쁘네요 
덕분에 행복하게 잠들듯합니다 하루하루 행복한 나날 가득하시길..!❤",0,2023-11-13T14:15:05Z
@지리리-f7w,진짜 멋있고 아름다워요 40kg 빼신 거면 진짜 대단하세요 저도 23kg 다이어트할 때 힘들었는데 뭐든 잘하실 거 같아요,0,2023-11-13T13:44:06Z
@으얽-m7d,킁카킁카,1,2023-11-13T13:43:26Z
@TV-er5jl,좀만더 힘냅시다 하이팅/,0,2023-11-13T13:35:49Z
@핸들qwer,화이팅 더 노력합시다,0,2023-11-13T13:35:29Z
@GreenMushroom.,20키로만 더  빼심 될듯😅,0,2023-11-13T13:26:06Z
@모비노기고인물,누나가 갑상선 때문에 뚠뚠해졌는데 허리도 아프고 뭘로 빼야 할까요 ㅜㅜ,0,2023-11-13T13:18:43Z
@두비두바-k3r,"저도 10kg정도 빼고 싶은데, 2년째 제자리ㅎㅎ;;",0,2023-11-13T12:41:56Z
@ooa1735,60가즈아! 인생 바뀔수 있다 ㅏㅏㅏ,0,2023-11-13T12:24:22Z
@hmmrh92.,개이쁘노 🎉🎉🎉,0,2023-11-13T12:11:18Z
@굴단지,나 지금 10키로도 못빼서 전전긍긍 중인데 진짜 대단하세요😢,0,2023-11-13T11:57:42Z
@not_sure91,아 이쁘다 전후 둘다,0,2023-11-13T11:40:50Z
@user-ik3is1um7u,이뿌다..,0,2023-11-13T11:14:17Z
@도레미-kkk,저리빼고20을 더빼야되다니,1,2023-11-13T10:47:38Z
@Bong_bong-tube,대박 !,0,2023-11-13T10:32:54Z
@가즈아-v3p,리스펙트👍,0,2023-11-13T10:29:40Z
@요플레플레인,ㄹㅇ 사람이변하네,0,2023-11-13T10:15:28Z
@김영훈-z6h3v,116kg때가..더 이쁘세요!!,0,2023-11-13T09:50:44Z
@배추도사-k5l,노력 많이햇다 사이즈가 ㄷㄷ..,0,2023-11-13T09:45:22Z
@비밀의꿈,비포에프터 효과가 진짜 좋네... 76이라는데 엄청 날씬해보이네...,0,2023-11-13T09:44:03Z
@응등이가으쯘다고,헐 이별정도는하거나 새로운 사랑생기지않는이상 저런 독함은 생기기쉽지않던데,0,2023-11-13T09:26:29Z
@박희수-t9q,와 ㅋㅋ 대단하시다,0,2023-11-13T09:25:26Z
@클리톨리스애무장인,살때문인줄알았는데 밀크통이 상당히준수하네,4,2023-11-13T08:24:09Z
@카이리어빙1004,DDok got da,0,2023-11-13T08:16:29Z
@J-D-L-O,대단하시내요 화이팅 입니다!!!,1,2023-11-13T08:06:40Z
@풍이와타이거,"멋져요~
당신의 노력에 박수 보냅니다^^",0,2023-11-13T07:47:39Z
@puz1q87,고생했어요 화이팅입니다,0,2023-11-13T06:45:15Z
@lxx-l0l,76키로도 멧돼지수준인데 더빼라 46까지,3,2023-11-13T06:13:10Z
@엔구니,"살있을때도 상당히 귀여운걸보시면
완전 당첨 복권이셨네",0,2023-11-13T06:10:43Z
@황용-i2j,대단하당,1,2023-11-13T05:50:44Z
@지미히발,46까지빼라,1,2023-11-13T05:33:45Z
@simdj4606,화이팅입니다 제 목표도 70대에요,0,2023-11-13T05:23:28Z
@날다람등산보이,솔직히 뺀것도 대단하지만 유지하는게훨씬힘듬,0,2023-11-13T05:20:54Z
@감촤라,진짜 대박,0,2023-11-13T05:19:16Z
@user-ie9ik4qu3g,아니 뭔 키가 얼만데 76키로가 비율이 이리좋음? 축복받았네,0,2023-11-13T04:53:15Z
@estj3393,와 지린다 ㄷㄷ 다이어트 되니까 원래 이쁜 얼굴이 그대로 나오네요.. 고생하셨습니다,0,2023-11-13T03:31:28Z
@아듀-x7v,나도 15키로만 빼보고싶다 ㅠ,0,2023-11-13T02:25:12Z
@Domannager,슴가는 그대로네 웅장하다,1,2023-11-13T02:22:47Z
@junoyoo3192,진짜 너무 이쁘다,0,2023-11-13T01:56:13Z
@ksing8482,리스펙합니다 더 정진해서 건강하게 사세요 화이팅😊,0,2023-11-13T01:49:28Z
@bossbig6512,와~~ 화이팅,0,2023-11-13T01:15:07Z
@goodkka2,변신도 변신이지만 건강을 지키는것이 최고입니다!! 앞으로도 힘내세요~,0,2023-11-13T01:01:01Z
@korin-E,와 귀엽노,0,2023-11-13T00:52:37Z
@somsno7958,이라믄 성공했다 성공했어,0,2023-11-13T00:17:19Z
@욘두-x9f,고생하셨습니다,0,2023-11-13T00:12:32Z
@김성한-v1i,의지에 찬사를 드립니다😂,0,2023-11-12T23:39:44Z
@hyun78999,보고 감탄했습니다🎉,0,2023-11-12T23:14:35Z
@블루블랭,와.... 인간승리다 ㄹㅇ,0,2023-11-12T22:51:35Z
@동타그,"금방  돌아온다~~  
몸은  기억하고있다..",0,2023-11-12T22:37:07Z
@체스-i3p,ㅇ와...이게 진짜 복권아니냐.....,0,2023-11-12T21:48:07Z
@크앙-b8t,대단하다..대박,0,2023-11-12T21:33:32Z
@이도하-i7u,못생긴건 어쩔수 없다지만 돼지는 자기관리 못한거임 어쨋든 대단해~😊,1,2023-11-12T20:12:21Z
@흑두루미없주,운동습관들이면 살빼기 되게쉬운데,0,2023-11-12T19:52:45Z
@mistscotch1729,존경합니다.,2,2023-11-12T19:40:14Z
@user-chisio8437,고생하셧네요..배웁니다,0,2023-11-12T19:24:57Z
@김모세-w1v,살쪘을때도 귀여웠는데ㅠㅅㅠ😢,1,2023-11-12T19:10:01Z
@detective4700,진주이셨군요 더 밝게 아름답게 빛나실겁니다,0,2023-11-12T18:42:49Z
@모냥이-k7z,와대박 멋지고 이뻐요!,0,2023-11-12T18:12:21Z
@sjy5397,나는 살빼니까 가슴만 빠지던데 ㅠㅠㅠ 운동법 배워야겠어요…,0,2023-11-12T17:06:01Z
@bin-111,긁지 않은 복권,0,2023-11-12T16:55:05Z
@sdowoeidjfjd,많이 먹어서 후회한 다음에 다이어트 하지말고 적당히 먹고 후회나 하지말자,0,2023-11-12T16:46:13Z
@종원백-w4r,의지가 대단하시네요! 저희누나도 다이어트했으면 좋겠네용,0,2023-11-12T16:34:57Z
@혼또데스까,와 공룡이다,0,2023-11-12T16:31:50Z
@tv1609,"진짜 고생 많으셨어요!!!!
(박수박수)😊",0,2023-11-12T16:26:54Z
@googlesong8840,리스팩합니다. 찌우기 빼기는 진짜... 힘듭니다,0,2023-11-12T16:19:46Z
@yeaimp,멋지다😊,0,2023-11-12T16:19:40Z
@seok9704,"포기하지말고 더 자극받아서 빼셔요!!
저도 95에서 73까지 빼고 지금 유지중입니다
다이어트는 흐름!!",0,2023-11-12T16:11:24Z
@Ytgj66,존나 멋있다,0,2023-11-12T16:10:38Z
@복숭아-z9i,와 .. 진짜 너무너무 고생하셨어요 .. 저도 이 영상 보면서 관리 열심히 해보겠습니다 ! 근데 궁금한게 혹시 살처짐같은건 없으셨나요 ..?,1,2023-11-12T15:44:22Z
@심오해,76kg 되니까 내 이상형 되버림,0,2023-11-12T15:16:23Z
@onigiri5687,공교롭게 수현이가 노래중이네,0,2023-11-12T15:16:01Z
@llele_187,대단한 사람이다 무게감량이 쉬운게 아닐텐데,0,2023-11-12T15:12:48Z
@무지개-d5d,20키로 더 빼세요,0,2023-11-12T15:11:44Z
@Harrie_ttt,"이정도 능력이면 뭘해도 할사람
어머니 며느리 찾은거같아요",0,2023-11-12T15:07:08Z
@BaeMatYT,"진짜 최고의성형이네요 다이어트 유지어트 성공하세요
전 매일 아침 점심만 먹고 간헐적단식 2년넘게 하고있어요",0,2023-11-12T14:59:13Z
@만년밀덕,날씬해서 이쁜게 아니라 아는 맛 하나 이겨내고 다이어트 한다는 자체가 도전하는 것이 아름답습니다 👏👏👏👏👏,0,2023-11-12T14:45:39Z
@아메라떼-q3r,흠.. 다른 사람같은데... 암튼 축하~~,0,2023-11-12T14:26:22Z
@미규-x1s,대단하십니다 감량 전 체중이 어떠한들 4키로 빼는 것도 힘든 일인데 고생하셨습니다,0,2023-11-12T14:16:31Z
@syluv127,"원래 두상 자체가 엄청 작으시네요
그리고 미드가 사랑스러우셔요 ㅎㅎ",0,2023-11-12T14:08:14Z
@Devilpiece0844,진짜 다이어트가 최고의 성형이라고 하는 이유를 알겠다 진짜 예쁘네요^^,0,2023-11-12T13:58:28Z
@bwseo404,그래 그래,0,2023-11-12T13:57:07Z
@깨달음지리의,너무 멋있어요 !! 정말 리스펙 하네요,0,2023-11-12T13:55:44Z
@hangyulchoi1563,멋지십니다!,0,2023-11-12T13:55:38Z
@jwjwhjdkln,와 진짜 인간승리다,0,2023-11-12T13:54:24Z
@음주노가다,76도 ㅈ돼지인데,0,2023-11-12T13:46:46Z
@soft-zero-y3931,와 화이팅 화이팅!!!!!!!!!!!!!!,0,2023-11-12T13:41:20Z
@헬로우마이프렌드,더 뺍시다! 이쁘시네요,0,2023-11-12T13:40:01Z
@comoncomonmasanstreet,아예 다른 사람이 되네 ㄷㄷ,0,2023-11-12T13:39:11Z
@Cherryboy58,어! 영모!,0,2023-11-12T13:27:56Z
@Jin_Takayama,멋지당,0,2023-11-12T13:27:34Z
@make_the_shinecar,살뺴고 나니까 걍 딴사람 됐는데?....대박이네요 다이어트 하시느라 고생하셨습니다.,0,2023-11-12T13:26:40Z
@여디디야-b7n,덕분에 용기 얻고 갑니다! 나도 할 수있! 냐?!,0,2023-11-12T13:25:36Z
@Hazard-H-,전 이제 15kg 뺐는데 ㅠㅠ 대단하십니다!,0,2023-11-12T13:24:51Z
@user-ci9kt3to334,처음부터 안쪘으면..,0,2023-11-12T13:23:19Z
@ilike_shark,안녕하세요~ 올리버 쌤입니다!,0,2023-11-12T13:20:23Z
@pppp-0000-y8y,얼굴은 변함이 없네요 ㅎㅎ,0,2023-11-12T12:55:10Z
@오리엔탈들깨가루,와.. 감탄만,0,2023-11-12T12:41:58Z
@도우미1,누구보다 대단하고 누구보다 멋집니다.,0,2023-11-12T12:33:06Z
@최성준-o9j,뚱뚱한 사람을 차별하지 말라는 말을 하고싶을땐 이렇게 증명하면 아무도 반박 못함.,0,2023-11-12T12:14:38Z
@뭐-x9z,아름답다 마저 힘내자 파이팅입니다.,0,2023-11-12T12:02:18Z
@구요미-h4q,대단하고 너무 이뻐요❤,0,2023-11-12T11:59:30Z
@phw819,꾸준히 운동하는거 정말 힘든데 정말 멋있습니다!,0,2023-11-12T11:49:01Z
@능-금,와...,0,2023-11-12T11:47:40Z
@jeongkh68,원래 얼굴은 작고 예쁜형이라 살이 급속히 빠져도 부조화스럽지 않고 넘 넘 예뻐요 ❤❤❤ 화이팅🎉 🎉 🎉 🎉 🎉,0,2023-11-12T11:36:41Z
@User-uy3hi,와 멋지십니다 최고에요❤,0,2023-11-12T11:01:07Z
@Zeodano,다 머르겠고 진짜 정말 이쁘심,0,2023-11-12T10:49:41Z
@dj_gold_7,30키로 더빼면 진짜이쁘겠네요,0,2023-11-12T10:37:59Z
@cjs2n03,와 진짜 감탄이 나오네 대단하십니다,0,2023-11-12T10:34:13Z
@Stpe1-pg1sk,화이팅입니다.,0,2023-11-12T10:26:31Z
@수딱-m8k,25kg만 더 달려보자,0,2023-11-12T10:15:23Z
@Ojussi,리스펙트,0,2023-11-12T09:49:07Z
@jinyp5272,진짜 멋있다 이쁘기까지,0,2023-11-12T09:45:50Z
@빠지직-g1z,대단..!,0,2023-11-12T09:05:29Z
@jl8937,고생하셨어요. 이 기세로 최소한 20키로는 더 빼시길!,0,2023-11-12T09:04:22Z
@머쩌라고-p1z,왜 다이어트 영상들 보면 가슴은 나만 없는 느낌이냐 ㅅㅂ... 우울해진다,1,2023-11-12T08:57:06Z
@현우박-i1b,화이팅 ~~!!! 더이뻐지길❤     최고의성형은  다이어트다  자신감   뿜뿜하세요,0,2023-11-12T08:31:06Z
@mannendake1004,살이쪗을때도 넘나 기엽자나 ㅠㅠ,0,2023-11-12T08:26:01Z
@jayyoung3201,오ㅓ 띠바 딱 한군데만 살이 안빠지네😊,0,2023-11-12T08:14:02Z
@eornvk,"진짜 잘하신겁니다
외모 뿐만 아니라 건강을 위해서도 몸무게 줄이는게 좋아요
나중에 허리 무릎 다 안좋아지고 하지정맥류 걸릴수도 있어요ㅠ",0,2023-11-12T07:59:19Z
@Mingmin17,안긁어봐도 복권인게 보이네여 모태미녀😊,0,2023-11-12T07:56:50Z
@Delightedasap,와... 다이어트 40키로.. 대단하십니다,0,2023-11-12T07:56:47Z
@Faced_to_self,40키로 감량 정말 대단하십니다,0,2023-11-12T07:48:49Z
@twinkle1109,피지컬 엄청나시네.. 인기많으시겠다. 앞으로도 건강해 다이어트하시길 바랍니다😊,0,2023-11-12T07:39:09Z
@bbaa8934,56되면 존예되겟노,0,2023-11-12T07:37:31Z
@loveski82,노력하는 모습이 너무 예뻐요~ 화이팅!!!,1,2023-11-12T07:33:26Z
@넵-v2n,와..가슴빼고 살만 쏙 빠지셨네...,0,2023-11-12T07:22:25Z
@fystygf,10키로는 더..,0,2023-11-12T07:15:53Z
@hdh0527,여자는 무조건 앞자리가 4여야 한다는 여자 만나지도 못한 찐따들 어휴…,1,2023-11-12T07:07:36Z
@lifetrue1390,난 3키로 빼는것도 귀찮아서 맨날 후회만 하는데...,0,2023-11-12T06:51:59Z
@kkwercs,진짜 노력파 멋집니다,0,2023-11-12T06:44:21Z
@z-ro6ku,뚱녀 극혐이네,1,2023-11-12T06:17:22Z
@鶫誠士郎-g2j,건실한 청년,0,2023-11-12T05:44:07Z
@dokyo_official,더빼라,1,2023-11-12T05:30:28Z
@Sasin-_-,화이팅,0,2023-11-12T05:17:23Z
@tobiasy88,나도 뚱뚱한 사람 이런 생각이 든다. 뚱뚱해도 얼굴이 볼만하면 살 뺐을 떄는 훨씬 예뻐진다는 걸...,0,2023-11-12T05:04:15Z
@말보루하이브리드1미,"더 해보자!!
응원 합니다~~",0,2023-11-12T04:45:39Z
@onedayoranother310,Respect,0,2023-11-12T04:39:56Z
@방아쇠,"남자인데 다이어트 하는 모습만으로도 한층 더 예쁘고 매력적으로 보입니다.
어떤방향이든 자기관리의 끝은없다 생각합니다 인생은 긁어가는 복권의 연속이죠",0,2023-11-12T04:35:29Z
@Prospector-q9p,"이게 긁지 않은 복권이라 하는거임 ㅇㅇ
피나는 노력에 존경을 표합니다.",0,2023-11-12T04:20:20Z
@phantom7545,"이런말 하면 상처 받으실지 모르겠지만 제일 눈에 띄는게 턱.. ㅠㅠ 아무튼 너무 고생 많으셨고, 저는 다이어트를 즐기는데 세자리수 넘어간 것을 복구 시키시느라 너무 수고 많으셨습니다! 체중에 너무 연연하지 마시구 (스트레스도 은근히 영향을 줘서..) 앞으로 더 건강하시길..!",0,2023-11-12T04:07:18Z
@tv-dj5mu,개이쁘네,0,2023-11-12T03:52:45Z
@띠용-o4o,앞으로 15키로 더빼면 모델이겟다,0,2023-11-12T03:51:58Z
@가즈아-d9w,미선짱인가먼가그거냐,0,2023-11-12T03:46:48Z
@전생검신레전드웹소설,빨통 커요 ❤,1,2023-11-12T03:41:48Z
@참조은_이유,20kg도 많이 뺐다고 하는데 40kg는 보통 의지 가지곤 안될듯 대단하시다,0,2023-11-12T03:30:09Z
@오당아,대단하다,0,2023-11-12T03:03:46Z
@memories9943,개멋있다... 반함,0,2023-11-12T03:02:16Z
@박우진-y5b,멋져용~~^^,0,2023-11-12T03:00:07Z
@jhoonw90,어머 어떻게 한거지....ㄷㄷㄷㄷㄷ,0,2023-11-12T02:52:38Z
@술술수수수술,운동이 말이 쉽지.. 시작하는게 엄청난 의지가 필요하고 그걸 유지해야 이렇게 성공할수있능것.. 대단,0,2023-11-12T02:07:38Z
@복세편살-l1j,"미모를 떠나 건강을 위해서라도 비만에서
벗어나야합니다.",475,2023-11-12T01:45:34Z
@aaaaaaaaaaaaaa_aaaaaaaaaaaaaai,노력하는 사람이 이세상에서 가장 아름답죠,0,2023-11-12T01:09:13Z
@ytinrete2,50까지 ㄱㄱ,0,2023-11-12T00:30:42Z
@Hangeull,"가슴 살이 남아 있는게 신기하네
원래 컸던건가..",0,2023-11-11T23:56:52Z
@불나방이-r6e,누나 개이뿌다,0,2023-11-11T23:46:04Z
@user-jr7hp2py3i,와 진짜 예뻐지셨다... 거의 사람이 아예바뀌심!!,0,2023-11-11T23:34:33Z
@Hi-.-,개사기총이네,0,2023-11-11T23:26:33Z
@Hi-.-,보기좋네,0,2023-11-11T23:23:17Z
@김경태-w4o,존경드리고갑니다,0,2023-11-11T23:21:20Z
@msmsms1112,고생 많으셨습니다~,0,2023-11-11T22:58:05Z
@Ryu-dx2gl,116까지 찐게 개에바지 먼..,1,2023-11-11T22:20:26Z
@김신율-d7k,레전드네 화이팅하십쇼,0,2023-11-11T21:08:52Z
@정보비공개-z4f,"건강을 위해서라도 체중관리는 중요하지요..
미모는 덤이구요",0,2023-11-11T20:59:08Z
@짜이룬,"멋지네요..! 50대 진입하는거 꼭 보고싶네요
근데 살쳐짐은 없나요? 워낙 비만이셨어서..",0,2023-11-11T20:55:09Z
@꽃말-y6l,조금만 더 화이팅! 가슴은 자연산이신지... 부럽~,0,2023-11-11T20:28:47Z
@chungjumaru,10키로만 더 빼면 진짜 이쁘실거 같아요,0,2023-11-11T19:57:50Z
@zinno0,40키로대까지 화이팅!,0,2023-11-11T18:47:28Z
@댓글로만구독자100만,ㅈㄴ 멋지네,0,2023-11-11T18:42:05Z
@sexybottle6174,풀스쾃 200은 치시죠?,1,2023-11-11T17:59:49Z
@김다희-k9f,아얼굴도예쁜인데 볼륨도있었어… 언니살그만빼라진짜 ㅠㅠㅠㅠㅠㅠ,0,2023-11-11T17:34:05Z
@달자달봉-l6x,아.. 헬스장 가기 귀찮아서 누워있던 오늘 반성합니다 ㅠ,0,2023-11-11T17:24:13Z
@독고영재-f2v,대단해요 이건 안해본사람은 절대 알수없는 자기자신과의싸움 승리하신거 축하드리고 이제 여신으로 가즈아,0,2023-11-11T17:15:20Z
@XellOsGame,"대단하십니다.
노력과 꾸준함은 배신하지 않는다는걸",0,2023-11-11T17:09:33Z
@ktaek98,대단해요👍🏻,0,2023-11-11T17:03:20Z
@아바아바-b9f,힘내봅시다. 세상에 안되는 일이 어디 있겠어요.,0,2023-11-11T16:53:02Z
@wmfalsdn1,수고했어요~,0,2023-11-11T16:12:19Z
@iamgroot5178,멋지다 🎉🎉 축하드려용,0,2023-11-11T16:04:22Z
@고라파덕-v1w,"오 쉽지않았을텐데
노력하는 모습 보기좋네요
화이팅하세요",0,2023-11-11T15:42:56Z
@당나군,더빼야할듯,0,2023-11-11T15:36:58Z
@손오공-d6h,지려따리,0,2023-11-11T15:31:31Z
@kkruppingbbong,"화이팅이용
저는 남잔데 고딩 때 85에서
21살에 62까지 뺐다가 군대가서 많이먹고
116 찍고 다시 다이어트 중..
지금 113 ㅋㅋ 아 갈길이 멀네요",0,2023-11-11T15:06:36Z
@뮤직-z8f,오 최예나 닮음,0,2023-11-11T15:02:42Z
@byron_ss2722,미쳣다~🎉🎉🎉,0,2023-11-11T14:53:02Z
@성훈김-g3c,졸라 멋있게 사네,0,2023-11-11T14:50:32Z
@basseilac,아니 116kg도 귀여움이 조금 있잖아,0,2023-11-11T14:47:32Z
@Poppys-x4p,안녀하세요 올..,0,2023-11-11T14:46:06Z
@JackieAhn2000,많은고생 후에 진짜 매력 넘치게되셨군요,0,2023-11-11T14:13:35Z
@더하기1,자!20키로 더!,0,2023-11-11T13:50:57Z
@ralphandrew8574,"고생하셨습니다.
인간승리의 표본이네요",0,2023-11-11T13:49:44Z
@shakayun5800,예뻐지는건 둘째 문제고 진짜 건강해지는게 중요함. 한번 뿐인 세상 건강하고 재밌게 오래 살아봅시다 우리 ^-^,0,2023-11-11T13:48:32Z
@90-75까지,와 존나 멋있따!!!!!,0,2023-11-11T13:16:57Z
@맞춤법지킴이-d4e,뭘해도 될 사람..,0,2023-11-11T12:52:05Z
@잔혹사-i4y,내스타일,0,2023-11-11T12:45:57Z
@ofbwpq,진짜 대단하다,0,2023-11-11T12:38:08Z
@개텀,행복하게 사십셔,1,2023-11-11T12:26:22Z
@gdgdtd23,"유전자 ㅈ된다
살저리빼도 모유통 큰거보소",1,2023-11-11T12:21:57Z
@해롱이-h2b,이쁜얼굴과 몸매를 묻어놓은건 알겠는데 의지가 대단합니다 주어진 상황에 따라 결심하더라도 실행하는 의지의 크기가 다른데 최고!!,0,2023-11-11T12:10:48Z
@나-q6r9i,와 진짜 대단하신거 같아요😮😮,0,2023-11-11T12:09:15Z
@음치핑-Notsmiling,감량하는데 오래걸리는데 그 힘든시간동안 노력을 하셨다는게 엄청난 결과와 보상이오네요ㅎ,0,2023-11-11T12:08:48Z
@BUKDDACK_GOBLIN,"안녕하세요~ 올리버쌤입니다
와...살탱이 보쏘~",2,2023-11-11T12:07:11Z
@산타루,벌써 이쁘다 ㄷ ㄷ,0,2023-11-11T12:06:46Z
@Hoy_hangyeol,진짜 대단한 사람이라고 써야한다 악플러들아,0,2023-11-11T12:06:13Z
@서연우-e9s,"살있었을땐 귀여우신데 살빼셨을땐 예쁘시네요
꾸준함 존경합니다!",0,2023-11-11T11:59:50Z
@으악-d2k,멋짐.,0,2023-11-11T11:43:47Z
@호잇호잇7,이게 긁지않은 로또인가?😊,0,2023-11-11T11:14:25Z
@HaibaraAi3779,"본모습도 본래 예쁘셨는데 감량 후 모습을 보니 더 아름답네요ㅎㅎ 유지하기가 어려울 수 모르지만 40kg을 감량 후 아름답고 날씬하고 예쁜 자신의 모습을 처음 봤을 때 그 좋은 기분을 생각하면 어렵지 않을 거예요!ㅎㅎㅎ 

가끔 가다보면 악플같은 것들도 볼 수 있겠지만 그럴 때 마다 좌절하지 마시고 님깨서 지금까지 해 왔던 마음가짐으로 앞으로 계속 정진하시면 지금보다 더 예쁘고 날씬하고 귀여워진 님의 모습을 만날 수 있을 거예요!!ㅎㅎ 응원하겠습니다!!ㅎㅎ",0,2023-11-11T11:09:44Z
@lmstillhungry2758,멋져요 ㅎㅎ,0,2023-11-11T11:09:25Z
@이남평-g8r,진짜 이건 인간승리다..,0,2023-11-11T10:50:48Z
@박희영-w8d,몸무게가 몇이고 몇킬로그램 뺐고가 중요한게 아닌...이걸 시작했다는 맘이 더 중요하지 싶어요..고통없이는 아무것도 이룰수 없어요. 화이팅!,0,2023-11-11T10:49:18Z
@yewon-e7g,저는 겨우겨우 10키로 뺐는데 진짜… 너무 대단하세요 너무 이쁘십니댜🤍,0,2023-11-11T10:43:21Z
@cheese.4343,진짜 수고하셨어요♡,0,2023-11-11T10:34:56Z
@leftghetti,더빼,1,2023-11-11T10:26:49Z
@흐뭇-q2h,구독하구가요!,0,2023-11-11T10:11:35Z
@싱글e,"정말 고생하셨습니다
자신을 이기하는게 보통일이아닌데 얼마힘드셨을까..
건강을위해 자신을위해 꾸준히 운동하시고 행복하시길 기원하겠습니다~",0,2023-11-11T10:02:19Z
@WOO54-x3M50,너무 멋집니다~👏👏,0,2023-11-11T10:02:09Z
@Uhhhokwhat,난 ㅅ ㅂ 뭐하냐…. 반성해라…..,0,2023-11-11T10:01:28Z
@user-fr6gy7yr7s,화이팅 계속 꾸준히 하시면 좋겠어요 보기좋네요,0,2023-11-11T09:55:48Z
@Cargold_,멋지십니다!,0,2023-11-11T09:53:32Z
@유튜브꿀잼-s3v,멋있다,0,2023-11-11T09:46:02Z
@얄미운나비,와 가슴은 하나도 안빠지신게 더대단..,0,2023-11-11T09:45:34Z
@마츠모토준-j2h,"진짜예쁘시네 사람은 다이어트가 최고의성형인듯합니다.
자기관리굿 구독하거가여",0,2023-11-11T09:44:18Z
@이세상누군가-f8l,승현아!!!!!,0,2023-11-11T09:20:37Z
@미누12939,덕분에 더 힘내서 저도 꼭 다이엇 성공하겠습니다,0,2023-11-11T09:02:56Z
@HDVR-인죽비,평생입니다!!!~~~~관리는~~~~🎉,0,2023-11-11T08:52:49Z
@diving_rider,대단하십니다. 화이팅 인생 승리네요,0,2023-11-11T08:24:29Z
@택커,안된다는 사람들이 이분보고 배웠으면 좋겠네 수고하셨어요!!,0,2023-11-11T08:14:53Z
@삐딱이-j5z,더빼,0,2023-11-11T08:14:47Z
@aim-store,와 근데 진짜 한 10키로만 더빼시면 미모 승천하실듯???,0,2023-11-11T08:06:07Z
@yuan_17382,너무 이쁘세요❤,0,2023-11-11T07:59:25Z
@toyang2,더빼자,0,2023-11-11T07:54:22Z
@드림이,와 진짜 대단하시다..,0,2023-11-11T07:35:01Z
@푸롱-d2f,살빼면 글래머 되던데 그래서 난 살빼면 이쁠거 같으면 다 사겼는데 결국은 내가 살 빼라고해서 거의다 미녀됐어지 ㅎㅎ역시 관리해야해,0,2023-11-11T07:30:31Z
@user-mj3nv8dc9r,지리누,0,2023-11-11T07:16:24Z
@pengwing_,대단스,0,2023-11-11T06:57:08Z
@Jaey__p,"본인의 만족도가 상당하신것 같아요.
표정부터 점점 자신감 넘치고 생기가 도는거같아요 ㅎㅎㅎ",0,2023-11-11T06:40:30Z
@자케-m4l,이게 인간승리지!! 화이팅!!,0,2023-11-11T06:17:42Z
@jununy_92,18키로 뺴고 다시 8키로 쪘는데 대단하시네요,0,2023-11-11T06:15:38Z
@oDkstory,리스펙이다진짜,0,2023-11-11T06:13:15Z
@user-do1kw4vt5h,떡감좋겠다,2,2023-11-11T06:11:16Z
@앨앨-y5h,"다이어트 진짜
 대단하시다.",0,2023-11-11T06:06:49Z
@김태원-c3g,40키로 감량이면 인간승리지,0,2023-11-11T05:47:01Z
@lIllLlllILlLIIIIIuIllLI,더빼라,0,2023-11-11T05:36:21Z
@asdfg4246,누나멋져요,0,2023-11-11T05:28:21Z
@kimjwajin5211,계속 쉬지마세요,0,2023-11-11T05:26:36Z
@GARNISH_ICE,와 좀만 더 힘내세요!,0,2023-11-11T05:21:05Z
@lokkeu00,뭐고 어케했노,0,2023-11-11T05:18:54Z
@하늘꽃내음,이렇게 다이어트 성공하시는분들보면 진짜 대단하다고 생각함,0,2023-11-11T05:08:58Z
@gog144,리스펙!!!! 15키로만 더 빼고 맛있는거 맘껏 먹으면서 몸 유지 합시다!! 화이팅이다에요!!,0,2023-11-11T05:04:35Z
@노는계정-r5n,👊👊멋지네요,0,2023-11-11T05:04:19Z
@bowow-dogg,와 .. 헬스할 때 근육 조금만 키우는데도 으억으억하면서 겨우겨우 하는데 .. 저렇게 빼려면 후덜덜하네요 얼마나걸리셨나요?,0,2023-11-11T04:59:42Z
@hell6906,닝겐승리,0,2023-11-11T04:52:47Z
@Lost-f5g7m,뭐고 복권 그 자체 🎉,0,2023-11-11T04:35:50Z
@Musiq777,60kg가즈아!!!!,0,2023-11-11T04:26:07Z
@폭행고릴라,"진짜 멋지네요 !!

아 오늘 운동쉴까했는데
해야겠네요!",0,2023-11-11T04:19:22Z
@정피티,멋지세요 진짜 🎉,0,2023-11-11T03:57:01Z
@SKT_FAKER,근데 뭘 어떻게 먹으면 120까지 감? 뺀것보다 그게 제일 신기함,0,2023-11-11T03:44:33Z
@신승우-n3z,파이팅입니당,0,2023-11-11T03:37:19Z
@쿠로잉,116부터 예쁜데 ...,0,2023-11-11T03:34:55Z
@jingyu_park,살 빼니깐 훨씬 예뻐요!!,0,2023-11-11T03:24:45Z
@레드와칸,축하드립니다 🎉,0,2023-11-11T03:22:02Z
@user-iz5po3ps9x,40kg 감량..대단하세요,0,2023-11-11T03:08:46Z
@causeeffect6362,고생많으셨겠다 😊 자극받구 가용!!,0,2023-11-11T02:55:06Z
@자크-u5f,멋지세요!!,0,2023-11-11T02:35:52Z
@1322-b7j,저도 급격하게 35키로가 졌다가 지금 25키로 감량했는데 튼살이 많이생겨서 ㅠ 튼살은 없으신가요,0,2023-11-11T02:34:17Z
@luminary3,진짜 예쁘시다 미친... 다이아몬드 였어,0,2023-11-11T02:33:09Z
@감자도리-q6h,난 이런여자가 좋더라!,0,2023-11-11T02:15:49Z
@곽철용-z1e,진지하게 30키로 정도는 더 빼셔야할거같아요,0,2023-11-11T02:10:33Z
@ubeenlee5800,와 진짜 이건 할 말이...대단하다는 말 밖에는..,0,2023-11-11T02:05:26Z
@junname.1600,뭐야 왜 바스트는 그대로야,0,2023-11-11T01:31:22Z
@뫆뫆,"왘ㅋㅋㅋㅋ 개쩐닼ㅋㅋㅋㅋㅋ
40키로면 거의 초딩 하나 낳으셨군요ㅋㅋㅋㅋㅋ",0,2023-11-11T01:27:43Z
@C_Bulls,이뿌시당,0,2023-11-11T01:23:06Z
@너랑께-k8q,대단하시네요 진짜👍,0,2023-11-11T01:21:36Z
@crobat_,진짜 대단하시네,0,2023-11-11T01:20:42Z
@ZJFDR,피부 늘어짐 없이 천천히 빼시길 화이팅,0,2023-11-11T01:09:06Z
@크큭봉인해제,우와... 예쁘다...,0,2023-11-11T01:07:27Z
@맨블랙,원래. 뚱뚜한여성 들이 본판이 이뿐데 살빼면 더 이뿌던데  노력에 박수 칩니다😊😊,0,2023-11-11T01:03:37Z
@BilleVANS-m5d,이제 조금만 더 노력하시면 되겠네요 10키로 빼는거도 힘들었는데 대단하시네요 꼭 목표치에 도달하시길.. 홧팅입니다,0,2023-11-11T00:45:36Z
@LiberalDemocracy-u4n,진짜 고생 많으셨습니다. I am 리스펙 이에요,0,2023-11-11T00:45:27Z
@AFan_do,제 누나는 운동하면 가슴살도 빠진다했는데 이분은 그냥 원래 크신건가,0,2023-11-11T00:02:28Z
@흥-h3p,뭘하든 할거같은 자신감이생겻을듯 화이팅 나도10시에 운동가야지 ㅋ.ㅋ,0,2023-11-10T23:48:05Z
@ssukung,"타고난 멜론인거같다
아마 몇십키로 더 빼도 저 크기일듯",0,2023-11-10T23:23:14Z
@장용철-p4m,이쁨 쁨쁨❤,0,2023-11-10T23:15:51Z
@상현전-b1l,사랑해요,0,2023-11-10T23:11:58Z
@붕어빵-o1s,다이어트부작용있나요,0,2023-11-10T23:08:11Z
@for_everyoungI0,40받고 40더 ㄱㅈㅇ!!!!,0,2023-11-10T22:43:10Z
@_lookatmyfit,긁어보니 1등이었다....,0,2023-11-10T22:28:42Z
@비교불가,배리나,0,2023-11-10T22:28:31Z
@Inani0313,찾았다 내 여자친구,0,2023-11-10T22:19:56Z
@user-uiefnkkink8822,신기하네 왜 가슴만 그대로지,1,2023-11-10T21:34:11Z
@이성재-v9j,대체 어케했누 ㄷㄷ,0,2023-11-10T21:29:22Z
@진밤범,요요,0,2023-11-10T21:18:22Z
@ozzorogo3,살빼면 물론 외적으로도 예뻐지지만 표정이나 자세 이런거에서 자신감이 붙어있어서 너무 보기좋음ㅋㅋㅋ,0,2023-11-10T20:37:46Z
@상훈이-p9s,돼지-> 각도로가린돼지,0,2023-11-10T20:15:46Z
@Sangyuleee,내스타일아니얏발,0,2023-11-10T20:00:50Z
@Fenrir3690,긁지 않은 복권이셨네 고생하셨네요,0,2023-11-10T19:18:53Z
@jhyun4574,대단하시네,0,2023-11-10T18:58:10Z
@GGDS2,40kg ㄷㄷㄷ.. 대단하십니다,0,2023-11-10T18:34:24Z
@bluerose-o4s,"40키로 감량이라..... 엄청 힘드셨겠네요
정말 하루종일 짜증과 지침속에서 셀수없는 시간을 보내야하는데",0,2023-11-10T18:29:40Z
@lotto2492,1초 츄,0,2023-11-10T18:24:49Z
@user-BZYOO,살이 한군데만 안빠졋네요 기분나쁘시다면 죄송합니다..,0,2023-11-10T17:55:21Z
@김규동-r6l,"복권이겠네여 남자90키로에서 68키로까지 6개월걸렸습니다
얼마나 힘들었을지 보이네여 힘내서 유지하세여!!",0,2023-11-10T17:36:19Z
@R4F1DF1RE,"만약 지옥길을 걷고 있다면, 계속해서 전진하라.",0,2023-11-10T17:33:54Z
@크크-b7q,대박🎉,0,2023-11-10T16:56:17Z
@삼도수군통제사-i7d,안경 ㅅㅂ,0,2023-11-10T16:25:01Z
@형아까그남자누구에요,진짜 존경스럽네요,0,2023-11-10T16:14:11Z
@gyusa9827,노력한다는건 멋있다..,2,2023-11-10T15:59:09Z
@wheniyoung1552,30만 더뺍시다,0,2023-11-10T15:57:57Z
@메리-p1y,대단합니다!!!🎉🎉🎉,0,2023-11-10T15:57:09Z
@만들어가요,대박입니다,0,2023-11-10T15:54:16Z
@투리뉘튀,"117에서 90까지오는데도
진짜 힘들었는데 존경존경!!!",0,2023-11-10T15:43:53Z
@Sbarasit,116은 대체 어떻게해야 찍는걸까,0,2023-11-10T15:33:35Z
@하드론-d8v,당신의 인내와 노력에 경의를 표합니다.,0,2023-11-10T15:20:02Z
@Suncreambalayo,고생 많으셨어요 너무 멋져요,3,2023-11-10T14:52:56Z
@HeYo-e6t,전형적인 긁지않은 복권~ 복권 당첨!!! 고생하셨어요~,1,2023-11-10T14:51:19Z
@동고비-l1o,역시  최고의 성형수술은 다이어트네.  인물 살아나네. 🎉,0,2023-11-10T14:38:24Z
@byungyouncho4465,리스펙..,0,2023-11-10T14:33:40Z
@김이박-u2y,잼민이색기들 헛소리하는거 걍 신경끄세요 ㅋㅋ 저색기들 걍 온라인에선 이여자 저여자 다 따먹을수있다고 착각하는 븅진들임 현실에선 눈도못마주치는 버러지색기들 ㅋㅋ,0,2023-11-10T14:24:14Z
@MK1012,멋지당🎉,0,2023-11-10T14:18:20Z
@별을담은배,리스펙,0,2023-11-10T14:15:45Z
@bohnens2,고생 많았어요 앞으로는 꽃길만 걷길 바라요,0,2023-11-10T14:04:57Z
@divoproduction7352,"고생많으셨습니다..
뼈를 깎은 고통이었을텐데…",0,2023-11-10T13:48:47Z
@day_carpe_diem,어떤 모습이든 아름다워요 항상 건강하세요,0,2023-11-10T13:45:29Z
@김윤호-k1f,여기서 10-20만 더하면 천상계다 ㄹㅇ,0,2023-11-10T13:32:23Z
@yaaahooo,살빠지면서 숨겨져있던 이쁜 얼굴도 빛을 보았네요😊😊,0,2023-11-10T13:17:33Z
@user-PoaJangMaCha,워메....... 인간 승리.,0,2023-11-10T13:15:25Z
@정승호-d7v,👍👍,0,2023-11-10T13:12:54Z
@하쿠나마타타-g7i,정말 아름답다.. 고생 많으셨네요 ㅠㅠ,0,2023-11-10T13:10:26Z
@JJ-hi8kx,이쁘시네요  얼마나 힘드셨을지 ...앞으로도 화이팅입니닷!무리는노노❤❤,0,2023-11-10T12:46:22Z
@go0hei,리스펙 합니다..,0,2023-11-10T12:44:05Z
@shiniljang2488,이쁘다 ㅎㅎ,0,2023-11-10T12:43:58Z
@FreeKOREA-w2u,여기서 만약 20 더빼면 진짜 천상계 일듯,0,2023-11-10T12:42:24Z
@채니-z3g,역시 중요한건 가슴이지,5,2023-11-10T12:36:44Z
@젠젠-74k,저것만으로도 너무 이쁘신데요...??,0,2023-11-10T12:36:14Z
@쿠키-f2i5d,와 존예다❤❤🎉🎉,0,2023-11-10T12:34:33Z
@Dafam-p8f,그 모습을 보여준것도 훌륭한거 입니다!,0,2023-11-10T12:28:50Z
@xcivkr,대단하네요 화이팅,0,2023-11-10T12:27:13Z
@김종혁-t8l,예쁘십니다! 누님!,0,2023-11-10T12:25:59Z
@kINGKIMD,짝짝짝 고생많으셨을텐데 이뻐 지신거 축하드려요,0,2023-11-10T12:19:10Z
@kai313jang,와!!! 대단해요!!! 40키로 감량이라니!!!,0,2023-11-10T12:13:53Z
@123여노짱,❤,0,2023-11-10T12:05:51Z
@user_qwezxciop,긁지않은 복권은 이럴때 쓰는말이네 좀만 더 긁으면 로또겠음 아자아자 다이어트 모두 화이팅,0,2023-11-10T12:05:34Z
@치킨은역시맘스터치,본판이 예뻐서 살쪄도 안밉네,0,2023-11-10T12:03:10Z
@니체는말했다,본인을 사랑하면 할 수록 더 좋은 일 많이 생길거에요 늘 행복하세요~,0,2023-11-10T11:59:04Z
@FFC0C8,살을 빼니깐 피부도 저 좋아진 것 같아요! 어떻게 40키로나 뺐지... 대단하네여..,0,2023-11-10T11:54:59Z
@jineu1467,다시  찌면 140가능  요요 조심,0,2023-11-10T11:42:50Z
@ddddd-l9y,한 50kg대 진입하면 엄청 예쁠얼굴상이네,0,2023-11-10T11:23:51Z
@user-hunnybomb,결혼하고 싶다,0,2023-11-10T11:21:59Z
@이러지마셈,야식만 안먹어도 살안찜,0,2023-11-10T11:19:08Z
@laoul,저랑 비슷한 체중 감량 하셨네요. 얼마나 힘든지 알고습니다. 지리네요,0,2023-11-10T11:08:18Z
@이기문-j2o,15키로 더 빼라,0,2023-11-10T10:57:37Z
@심심하면봐봐-i1z,운동이든 공부든 자기관리를 하는 사람은 참 멋지다고 생각합니다. 포기없이 건강하세요,0,2023-11-10T10:57:33Z
@속업옵저버,살빼니까 이뿌시당 😊,0,2023-11-10T10:53:59Z
@MH-vf1sh,노력 열정 긍정적인 마인드 하나라도 없으면 힘든 게 다이어트죠. 정말 고생 많으셨습니다 !,0,2023-11-10T10:53:46Z
@HH-oz9pf,쫌더빼세요,0,2023-11-10T10:53:28Z
@WoungJinR,살찌셨을때 미녀는괴로워 김아중 뚱뚱한분장한거랑 닮았네요 신기,0,2023-11-10T10:38:35Z
@gooddaycommander7908,116이면 자존감씹창난 상태로 헬스장가는거 자체가 힘드실탠데 진짜 대단하시네,0,2023-11-10T10:32:12Z
@김희주-o9e,건강을 위해서도 다이어트가 필요,0,2023-11-10T10:31:55Z
@털바퀴사냥꾼,116두번째에서 봉준이가 보이네,1,2023-11-10T10:17:30Z
@butterflysprinter,긁지 않은 복권?! 굿굿~,0,2023-11-10T10:14:43Z
@jh_0207,확바낏네😊,0,2023-11-10T10:10:52Z
@양희언,"제발 조금만 더 빼! 육덕스타일도 상관없음, 나중에는 자신이 긁지 않는 복권이라는 것을 알게되겠지.",0,2023-11-10T10:09:29Z
@김주환-d6x,화이팅~~,0,2023-11-10T10:06:28Z
@woobobn,대단하다,0,2023-11-10T10:05:46Z
@묵이묵이용묵이,안녕하세요 올리버 .,0,2023-11-10T10:01:15Z
@Grizzly-l5f,"안녕하세요 올리버쌤입니다
와..",0,2023-11-10T10:00:50Z
@그냥하고싶은말을내뱉,"이제 남자들이 엄청 뎀비겠는데...
클럽 한번 가...",0,2023-11-10T09:57:06Z
@anotherlevel5782,빼도 똑같네 본판은,1,2023-11-10T09:55:04Z
@jimmy1556,안긁은 복권 ㅎㄷ 화이팅,0,2023-11-10T09:37:49Z
@puhya,왜이렇게 헐뜯지못해서 안달난사람들이 많냐... 열심히했다 칭찬해줄만하잖아... 그렇게말하면 본인이 뭐 냉철한 사람처럼 보일줄아나...,0,2023-11-10T09:33:44Z
@user-hongjihoon,살빠지니까 겁나 하악하앗 하네,0,2023-11-10T09:32:13Z
@Jacob-ji3ib,저는 목표가 10KG 감량인데 ... 조언해주실 방법이 있을까요..?ㅠ ㅠ,0,2023-11-10T09:23:54Z
@이릭-v7o,음..,0,2023-11-10T09:22:23Z
@형은다알수있어,존예...,0,2023-11-10T09:21:51Z
@팩트폭행남-w9i,노력 진짜많이했다 성공했네요!,0,2023-11-10T09:21:00Z
@sapiens-on9kc,비만은 질병입니다. 화이팅 하세요~~~,0,2023-11-10T09:16:16Z
@큰형-n5f,응원합니다 지금도충분히아름답습니다.,0,2023-11-10T09:15:27Z
@임홍-o1l,멋있고 이뻐요 😊,0,2023-11-10T09:14:28Z
@정광우-x7w,남자가 40키로빼는거랑 여자랑은 천지차이! 진짜 개고생한게 보입니다,0,2023-11-10T09:13:37Z
@낙법도법이다,멋져요! 화이팅!,0,2023-11-10T09:11:40Z
@Clown.7231,76 완전 내 스타일...,0,2023-11-10T09:04:16Z
@허태극-l5u,인간승리,0,2023-11-10T08:57:53Z
@tanda1234534,40킬로 뺀 비법 좀 알려주세용,0,2023-11-10T08:57:13Z
@user-LYH6087,혹하지마라 10명에 8명은 실패해서 다시 돌아온다 특히 애낳고 100퍼다,0,2023-11-10T08:54:03Z
@cdcd33cdcd7,좋네요 ^^,0,2023-11-10T08:53:49Z
@paulownia0607,근데 살찐 상태서도 이목구비가 딱 예쁠 상임 살빼면 진짜 예뻐질 듯.. 저는 말라서 고민인데 ㅠㅠ 응원합니다,0,2023-11-10T08:52:15Z
@whiteSeoYool,"고생하셨네...
얼마나 노력 하셨을까",0,2023-11-10T08:50:57Z
@simple_0e,화이팅 하세요 ㅎㅎ,0,2023-11-10T08:43:20Z
@kouiti002,인생성공이다....내기준에선...와..,0,2023-11-10T08:42:41Z
@워티홈,더 빼라,0,2023-11-10T08:30:20Z
@코코-l4j7v,역시 아름다워지려면 살을 빼야해,0,2023-11-10T08:29:38Z
@르네상스-w5y,잘했어요.♡♡,0,2023-11-10T08:19:10Z
@HHHH-iw5wz,살빼니까 몸매가 ㄷㄷ 지리네,0,2023-11-10T08:11:09Z
@あldっks_8,어떤걸 하면서 뺏는지 혹시 알려주실수있나요..저도 다이어트하려해서요ㅠㅠㅠ팁좀주세요ㅠㅠ,0,2023-11-10T07:57:55Z
@jiyun1116,외모도 외모지만 노력하는 모습이 아름답습니다,0,2023-11-10T07:54:50Z
@황금만두-s2y,노력이 너무 멋있습니다,0,2023-11-10T07:50:32Z
@leagueof3078,마지막 진짜 예뿌시네여,0,2023-11-10T07:49:47Z
@savikiolanski,"여기서 더 빼면 이제 맥심 모델 되시겠네요.

투표하겠슴돠.",0,2023-11-10T07:43:25Z
@kbs9216,진짜 대단하시다 존경합니다,0,2023-11-10T07:29:00Z
@미소래-r3z,"멀해도되겠네~~쫌만더힘냅시다!!
응원해유^^",0,2023-11-10T07:26:55Z
@jjuni-y8m,오 대단! 저는 1kg도 빼기 힘든데😂,0,2023-11-10T07:21:20Z
@yerinyeeun,와 박수,0,2023-11-10T07:16:27Z
@Seojunwoo0_,미녀는 괴로워가 생각나네요,0,2023-11-10T07:11:12Z
@koreanlife1008,짝짝짝 인물 나네요!!,0,2023-11-10T07:01:55Z
@Nou23780,"60키로까지 뺐다가 96요요와서 다시 10키로 감량했네요 ㅠ
힘내세요!",0,2023-11-10T07:01:33Z
@베지터-e7w,새로 태어나신걸 축하합니다,0,2023-11-10T06:59:11Z
@감사-m1h,최고최고!!!,0,2023-11-10T06:57:56Z
@모콩마,목표 체중이 몇인데요?,0,2023-11-10T06:53:10Z
@parkk95,얼굴이 아까워서라도 다이어트하셔야겠네요 평균체중되시면 정말 이쁘실듯,0,2023-11-10T06:45:48Z
@kongyangyang1972,사람이 완전 달라지네요....!!!!,0,2023-11-10T06:39:01Z
@inhak0201,엄청 미인이시네...,0,2023-11-10T06:35:37Z
@aldisnfisisj,급 이뻐짐 첫번째 다이어트 사진보고 놀람..,0,2023-11-10T06:27:11Z
@MsKIMSUNGCHAN,와 첨보는 분이시지만 영상보니 얼마나 힘드셨을까 노력에 격려와 박수를 드려요 ~! ^^,1,2023-11-10T06:26:49Z
@강지화-x7d,👏 👏 👏 👏 👏 👏 👏 👏 👏 👏 👏,0,2023-11-10T06:23:58Z
@댕댕-s8g,"인간승리 !! 
그동안 정말 고생많으셨겠네요 이제 꽃길만 걸으시길~^^",0,2023-11-10T06:19:51Z
@ZEROONE0729,미모도 얻고 건강도 얻고 ㄷㄷㄷ🎉,0,2023-11-10T06:15:10Z
@깔깔-b9w,대단하다,0,2023-11-10T06:14:48Z
@hjj670,멋있다!! 목표까지 정진해서 꼭 달성하시길!!,0,2023-11-10T05:57:52Z
@요노래-k8k,젖 열라크다,0,2023-11-10T05:57:47Z
@0fe1994,진짜 존경스러워요.. 얼마나 힘들었을까.. 나도 아둥바둥 힘들어죽겠는디..,0,2023-11-10T05:55:41Z
@user-qw5ty1pi88,와 대단하심.. 3개월에 0.1그람도 빼기힘든데..,0,2023-11-10T05:54:29Z
@coco-l5d,2번째 사진 귀요워,0,2023-11-10T05:53:49Z
@baccano9181,빼니까 그 키큰여자틱톡커닮음,0,2023-11-10T05:39:25Z
@2NaVa,진짜 멋져여😂,0,2023-11-10T05:23:17Z
@ddffffdd2376,"긁지 않은 복권을 열심히 긁자...
꽝은 아니지만 5 천원이 나온 영상",0,2023-11-10T05:18:36Z
@manduckedit,와 대박이네,0,2023-11-10T05:11:15Z
@루원루원,한번더 도전!,0,2023-11-10T05:07:00Z
@갈라치는문재인과찢어,안녕하세요~ 올리버쌤입니다!,0,2023-11-10T05:05:09Z
@웅재-c7y,의지와 노력이 대단하시네요 50키로대까지 빠지면 엄청예뻐질듯,0,2023-11-10T05:01:14Z
@danielulsan2509,홧팅! 꼭 다이어트 성공하셨음 좋겠당,0,2023-11-10T04:56:27Z
@yard_chzz,와... 노력 진짜 대단하시다. 이쁘고 멋져요,0,2023-11-10T04:54:22Z
@레고블럭-h6j,개쩐다 다이어트 쉽지않을텐데,0,2023-11-10T04:53:54Z
@포돌이아빠-n1n,더뻬라,0,2023-11-10T04:52:46Z
@broum3815,피지컬미쳤다,0,2023-11-10T04:51:19Z
@Paradise_.,허...인간 승리,0,2023-11-10T04:47:33Z
@yeonsu5959,화이팅이요,0,2023-11-10T04:41:36Z
@아이고-f6f,"건강과 아름다움을 위해
항상 노력하는 당신
잘하고 계십니다
응원하겠습니다 😊",0,2023-11-10T04:37:25Z
@이도-v6b,116시절엔 홍두깨 고은애랑 닮으셨었네유 ㄷㄷ,0,2023-11-10T04:37:09Z
@user-jp8tc4qk5s,역시 최고의 성형은 다이어트,0,2023-11-10T04:35:07Z
@강하니-m4u,더빠라,0,2023-11-10T04:33:36Z
@이도-v6b,"와 그래도 사람되셨네요!
한 10~15키로만 더 빼시면 확 더 이뻐지실듯",0,2023-11-10T04:32:01Z
@jihwankim7665,한 20000배는 건강해보입니다.,0,2023-11-10T04:16:06Z
@꿀꿀뮤둥이,너무 멋져요,0,2023-11-10T04:08:43Z
@벅벅-c8l,와 진짜 대단하시네요 저는 10키로 빼는 것도 진짜 쌩 고생했는데.. 목표 체중은 어떻게 되시나요??,0,2023-11-10T04:00:25Z
@gguong,미챴다 대단하다 진짜,0,2023-11-10T03:50:12Z
@wjsalscjf18naver,지금이 젤 이쁘신,0,2023-11-10T03:47:15Z
@너굴맨-g2q,40키로더빼라,0,2023-11-10T03:47:10Z
@다복이-z7v,인간승리,1,2023-11-10T03:42:10Z
@완전상남자,대단하십니다~ 끝까지 유지하시길..,0,2023-11-10T03:31:09Z
@튜닉이,진짜 멋있네,0,2023-11-10T03:22:54Z
@땅콩-v3q,와 .. 너무 멋져요,0,2023-11-10T03:20:21Z
@고추털-w4j,멋있노 젖탱이는 또 잘 보존됐네 노력으로 얻은 행복 충분히 누려라 ㅋㅋ,0,2023-11-10T03:15:29Z
@qkrtnsgh1,"엄청 힘드셨을텐데 대단합니다. 

건강을 위해 잘하셨습니다.",0,2023-11-10T03:08:43Z
@RedCrossRion,지렸다🎉🎉,0,2023-11-10T03:01:52Z
@Jeong-Yujeong,날아라 슈퍼보드 저팔계 닮음,1,2023-11-10T02:51:09Z
@DINNERMAN,너무 멋집니다!!!!,0,2023-11-10T02:49:38Z
@Ian_S_Lee_86,복권당첨 !!! 이쁘시네요 !!,0,2023-11-10T02:49:31Z
@lgdtd1003,튼살 ㅋ,0,2023-11-10T02:17:30Z
@noah489,수고했어요~ 건강이 제일 입니다~~,0,2023-11-10T02:16:33Z
@Longlonggggg59,정말 힘드셨을텐데 대단하십니다! 좋아요 누르고 갑니다!!,0,2023-11-10T02:10:07Z
@치킨은양념반후라이드,더빼라 어휴,0,2023-11-10T02:04:07Z
@user-pl3lu2bx1f,미드라이너,1,2023-11-10T01:31:32Z
@chancebuckley4472,고생하셨습니다,0,2023-11-10T01:27:31Z
@ZzxsSxX,사랑합니다❤,0,2023-11-10T01:26:43Z
@user-ssakdono,"방심하지말고 더 빼 임마. 50키로대까진 가고나서 유튭 올리자.
괜히 76키러 찍고 뿌듯하다고
대용량누네띠네 시켜먹지말고",0,2023-11-10T01:16:04Z
@1996-Jm,정말 대단하세요!! 앞으로도 파이팅!!,0,2023-11-10T01:15:19Z
@jinkim3877,다이아몬드 시네요!,0,2023-11-10T01:04:52Z
@궈여지,그냥 미쳤다😮,0,2023-11-10T00:57:30Z
@Pj8882-n6h,50대만들어주세요,0,2023-11-10T00:56:06Z
@뚜벅뚜벅걸어가,살보다 화장이 더 중요한거 같아요,0,2023-11-10T00:53:04Z
@미국형이다,노래 주인공 수현이나좀 뺏음좋겠네,0,2023-11-10T00:49:02Z
@LSChuL,이쁘다@.@,0,2023-11-10T00:44:39Z
@ssss12944,진짜 존나 멋있다,0,2023-11-10T00:23:13Z
@분당호랑이-r7f,"저 정도면 살을 빼도 살이 다 늘어나서 다 축 늘어져있음,,, 애초에 찌지 않는 게 중요함",0,2023-11-09T23:58:18Z
@JP-td6mt,저도 다이어트중인데 참 멋있습니다!! 화이팅!!,0,2023-11-09T23:28:52Z
@Bazirak_kalguksu,진짜 인간승리다.. 40키로라니..,0,2023-11-09T23:27:51Z
@hw_01_20,전남친 오열,0,2023-11-09T23:14:58Z
@whistle1597,남자로서 느끼는건 정말 멋있다입니다,0,2023-11-09T22:39:40Z
@ghijkabcdef6887,"최고의 성형은 다이어트

49k까지 ㄱㄱ",0,2023-11-09T21:43:38Z
@레모나티,오 저도 116에서 70까지 뺐는데ㅎㅎ 고생하셨어요,0,2023-11-09T21:34:57Z
@칼라무쉬,와 지린다.... 40키로를 어떻게 와...,0,2023-11-09T21:02:11Z
@모성준-v6h,젓탱이 몇컵이냐?,0,2023-11-09T20:51:07Z
@curimi1,"인간 승리
너무 예뻐졌네요",0,2023-11-09T20:00:21Z
@lee-k2n7k,멋져요,0,2023-11-09T19:13:11Z
@day_7065,의지가 대단하네..,0,2023-11-09T19:07:33Z
@kimyisak8721,사람들이 뭐라고 하든 목표를가지고 달성하기위해 노력하시는 모습이 아름답습니다!,0,2023-11-09T18:59:04Z
@언젠가는또,와…. 너무 예쁘시다….,0,2023-11-09T18:57:11Z
@ododo7434,와 40kg 감량이면 엄청 노력하셨겠어요ㄷㄷ👏 심지어 마지막 사진 보니 건강하게 감량하신게 보이네요! 멋있어요!!👍👍,0,2023-11-09T18:42:26Z
@htkqnx,존나 멋있네 멀해도 성공하겠다,1,2023-11-09T18:17:07Z
@고구마맛티,40키로만 더 빼자,0,2023-11-09T18:12:19Z
@user-ggjkkv,"76이란 숫자를 봤는데
설렐수가 있구나...
진짜 오랜만에 심쿵했네",0,2023-11-09T17:50:52Z
@jleo8239,76킬로에서 심쿵,0,2023-11-09T17:46:08Z
@user-ey8rk6dq3w,너무예쁘당❤,0,2023-11-09T17:43:49Z
@xmashandler,와...고생하셨습니다 저도 동네형과 같이 빼자고 매일매일 헬스장 가자고 조르고 있네요 ㅋㅋㅋㅋㅋ 진짜 대단하십니다...,0,2023-11-09T17:35:51Z
@이윤성-o5z,고생하셨어요 응원합니다 👏,0,2023-11-09T17:35:33Z
@메디-x5l,가슴 살이아니라 찐같은데 부럽,0,2023-11-09T17:32:53Z
@사필귀정이여,좀만더빼면 완벽한 미모가 드러날듯,0,2023-11-09T17:21:33Z
@user-ue1ce4vf5n,대단하십니다! 응원해요! 건강한 다이어트!! 👏,0,2023-11-09T17:17:00Z
@하여-t8m,고생하셨습니다.,0,2023-11-09T17:10:08Z
@박희준-v1o,츄닮았노,1,2023-11-09T16:37:06Z
@KIMJONGWAN-u1i,이런 분은 진짜 박수쳐드려야됨,4,2023-11-09T16:26:47Z
@kanda1865,노력이 찬란해 눈부신 그대! 리스펙🙌 박고 갑니다 파이팅!!!!!!!!!! 동기부여 팍팍 됩니다!!!!!@! 감사합니다,0,2023-11-09T16:24:07Z
@johniscold5964,겁나이뿌다,0,2023-11-09T16:13:47Z
@yhj2673,진짜 멋있으십니다,0,2023-11-09T15:58:56Z
@기미중-h1v,기여우시네요,0,2023-11-09T15:53:49Z
@lauraoh479,"그동안의 노력과 의지, 인내심 모두 대단하세요ㅜㅜ축하드립니다",0,2023-11-09T15:47:18Z
@HakRye,건강 꼭 유의하시고 유지어터 든 추가 다이어터 든 무엇이든 응원해요 🙏🙏,0,2023-11-09T15:36:18Z
@_Weeds_,리스펙,0,2023-11-09T15:33:53Z
@Reeed_hyeok,살은 빠졌는데 바스트가 더 커보이는건 뭐지…,0,2023-11-09T15:28:43Z
@eunhagongju,ㅜㅜ,0,2023-11-09T15:24:34Z
@10C-f6t,잘뺐다 ㄷㄷ..,0,2023-11-09T15:14:41Z
@baebae834,다이어트 성공하신 분들은 ㄹㅇ 뭘 해도 성공할 사람들 진짜 의지가 대단하신 분들이지,0,2023-11-09T15:06:48Z
@워린지,다 빼고 나오삼 어차피 댓글 안좋을거뻔함,0,2023-11-09T15:04:48Z
@Flip_u,"수고하셧으요!!🎉🎉
살 빼느라 힘 많이 들었을 것 같네요",0,2023-11-09T15:03:57Z
@조인숙-w8f,더빼요,0,2023-11-09T14:55:23Z
@김힘찬-i7z,저도 예전에 25kg빼봤는데 40kg감량이시라니 존경합니다! 대단하세요!,0,2023-11-09T14:53:00Z
@악귀-e32,"와 이런말하면 실례이지만
원래 여자분들 다이어트하면 
가슴살도 다같이빠지는데 
축복받은 유전자시네 ㄷㄷㄷㄷㄷ",0,2023-11-09T14:48:12Z
@서감자-s2m,아주 멋집니다 더 열심히 해서 20키로만 더 빼고 운동 해서 나머지 56키로는 근육으로 온몸을 지배합시다 멋진 사람으로 거듭나길 물론 이미 멋진 사람 이네요,0,2023-11-09T14:41:50Z
@어허둥둥-u6s,응원합니다 🎉🎉🎉,0,2023-11-09T14:36:31Z
@김세윤-v5w,가늠도 되지않을 성실함과 노력이 보이네요,0,2023-11-09T14:33:12Z
@himegirlcore,와 어떻게한거지…,0,2023-11-09T14:28:36Z
@내이불먹을래,-40 ㅎㄷㄷ 대단해요 ㅋㅋㅋ 무리하시지 마시고 건강도 챙겨가면서 다이어트 화이팅!!,0,2023-11-09T14:25:13Z
@송지섭-t3w,멋진 영상입니다. 전 후 두 모습 다 아름답고 예뻐요! 좋은 영향력에 동기부여 받고 갑니다! 고맙습니다😊,0,2023-11-09T14:18:59Z
@hpjuno,"친구가 다이어트가 피같은 노력을 해도 포기하고 싶던때는 40후반~50키로 초반대가 되기 전까진 주변의 멸시나 만화같은 주변 반응은 없고 드라마틱한 효과가 나타나지 않은 본인의 모습을 인지할때 라더라구요 본인은 매일 자신의 노력으로 달라지는 맞지않은 본인 옷을보고 그렇게 신기하고 스스로를 칭찬하고 행복해 하는대도요. 대단하십니다 제 주변30년넘게 노력,의지 끝판왕인 제가 심하게 의지하고 믿는 친구와 같은 분이세요",0,2023-11-09T14:16:44Z
@성지마리조아,수술로 안뺀 티가 난다 계속 열심히 하시면 될듯,0,2023-11-09T14:15:43Z
@흔-c6l-q7l,어딜가서도 자랑해도 됨 ㄹㅇ ㅋㅋ나도 16키로 뺐을때 뛰쳐나가서 자랑하고 싶었는데 ㅋㅋㅋㅋ,0,2023-11-09T14:10:55Z
@Sim-om3os,1등복권이었네요.,0,2023-11-09T14:05:18Z
@daeho112,운동으로만 뺀줄 아는게 개 웃기네 ㅋㅋ,0,2023-11-09T14:04:15Z
@zwz-w4b,와 40kg감량 미쳤네요ㄷㄷ,0,2023-11-09T14:00:30Z
@kcm은강창모,존경!,0,2023-11-09T13:59:13Z
@강남빽구두,일부러 미모를 살로 가리고 사셨네. 지금부터라도 예쁜미모 보여주셔서 감사해용~ 리스풱~,0,2023-11-09T13:54:01Z
@내채녈_I9많음_VJP132,와 살빼시니까 외모랑 몸매가 원탑입니다,0,2023-11-09T13:44:03Z
@1742ti,와 스펀지밥에 나오는 게살버거 피클도둑놈 돼지물고기를 닮았었네요….,0,2023-11-09T13:41:01Z
@yffg-258,살쪄도 미녀끼가 있었지만 빼니깐 개이쁘시네요!😮,0,2023-11-09T13:37:49Z
@현정민-w8w,"으악~~~~ 뚱뚱해 못생겼어
다른 운동하는사람들은 예쁜데",0,2023-11-09T13:32:54Z
@apple053185,"지방 1Kg은 두부4모의 크기 정도입니다
당신의 몸에서 약 160모의 두부가 빠진거나 다름 없어요. 축하합니다.",1,2023-11-09T13:23:19Z
@bean6461,얼마나걸리셧나요? 저도 115에서 95까지 5개월찬데 정체기라 힘드네요 ㅋㅋㅋㅋㅋㅋㅋㅋ,0,2023-11-09T13:19:15Z
@방습제,와 진짜 리스펙,0,2023-11-09T13:16:38Z
@user-yz5kb3nk4o,가슴 ㅈㄴ크노 ㅋㅋ,1,2023-11-09T13:16:28Z
@lovemio2300,잘했네 잘했어!!!,0,2023-11-09T13:15:13Z
@ck-il9bl,가자 65kg 불가능은 없다!! 파이팅!!!,0,2023-11-09T13:10:06Z
@이우근-q4e,조금만 더빼자 아자아자 화이팅!!❤,0,2023-11-09T13:02:57Z
@Sinsa-u2b1h,빼도 76 ㅋ,0,2023-11-09T13:01:49Z
@user-ho1118,와 진짜 대단하세요 진짜로 고생많으셨용!! 진짜 승리자입니다!!🎉,0,2023-11-09T13:01:42Z
@영웅전문수집가1급,저도 초고도 비만이에요 진짜 멋지세요 화이팅 입니다 !!,0,2023-11-09T13:01:35Z
@영웅전문수집가1급,진짜 다 뺴고 살 처짐 수술만 하면 진짜 자연미녀인데도 인플러언서급이네 미쳤다 진심 존예급임,0,2023-11-09T13:01:00Z
@lucastone8738,의지가 굉장하시네요..! 무슨일을 하든 성공하실듯!,0,2023-11-09T13:00:51Z
@영웅전문수집가1급,와 진짜 많이 예뻐졌다 확실히,0,2023-11-09T12:59:53Z
@망구오빠,저런 의지라면 뭘 하더라도 성공할거임👍,0,2023-11-09T12:56:53Z
@오-i8s,"105키로에서 74키로까지 빼고, 지금은 헬스도 하고 학교도 다니고 하다보니 찌고..그럼 또 다시 운동하고, 공부하느라 시간은 시간대로 또 까이고..피곤한 와중에 드라마틱한 다이어트 영상이 떳네요. 

예전 이악물고 빼서 사람되겠다고 했을때가 생각납니다. 지금의 몸무게는 다른 누군가의 도움도 있었겠지만 본인의 노력으로 만들었음이 분명하다는걸 알고, 뭘 할때도 그 사실을 기억하시면 뭐든 잘 해내실 수 있을겁니다. 저도 다시한번 마음을 다잡고 갑니다.",0,2023-11-09T12:56:25Z
@자작곡싸개,의지력이 대단하시네요... 56kg까지 응원하겠습니다!,1,2023-11-09T12:50:31Z
@할수있다-r7u,와~ 완전 다름 사람 같아요~  응원할게요,0,2023-11-09T12:48:56Z
@krclever22,화이팅 정말 다이어트 잘하셨어요 긁지 않은 복권이었네 😊 현상유지도 잘 합시다,0,2023-11-09T12:24:57Z
@YamaDonda,복권 반만 긁어도 이정도이신데 다 긁으면 대박이겠네요,0,2023-11-09T12:18:46Z
@bum-ble_bee,인간승리 ㄷㄷ,0,2023-11-09T12:09:40Z
@이용재-z4s,리스펙합니다 멋지셔요,0,2023-11-09T12:03:49Z
@김재현-i6f1r,빠지는부위를 선택해서뺐나? 왜 미드는 안빠지고그대로지,0,2023-11-09T11:54:08Z
@user-qf3jm3ol5p,진짜 고생하신만큼 보답을 받으신듯함,0,2023-11-09T11:51:20Z
@dudwkdfbgoat,저는 말라서 살이 찌고싶은데 살빼는거가 진짜 어려운거같음... 40kg면 애 한명이 빠졌네 정말 대단하십니다.......,0,2023-11-09T11:42:06Z
@FukinChina,아직 20키로 남았다,0,2023-11-09T11:31:43Z
@야화-t2j,저렇게 찐게 더 신기함,0,2023-11-09T11:29:37Z
@drgu1934,건강해보여서 개이쁜데,0,2023-11-09T11:28:19Z
@sigorjobjong888,찐것도 대단한데 뺀것도 정망 대단하다,0,2023-11-09T11:23:43Z
@rlaehdrhs,화이팅,0,2023-11-09T11:20:21Z
@ReviewHeaven_,진짜 이뿌다…,0,2023-11-09T11:19:20Z
@user-jm1bk1jm6l,진짜 인간승리다❤,2,2023-11-09T11:17:26Z
@vanhuman,비포가 더 이뻐요~ 😢,0,2023-11-09T11:15:25Z
@일지애-q7d5y,살빼니깐 얼굴이 예쁘네요^^,0,2023-11-09T10:59:21Z
@김민성-m2v,좀더빼자,0,2023-11-09T10:52:15Z
@Marilyn_Manson,"페미들은 이런거 보고 반성해야함
20키로만 더 빼면 그냥 ㅆㅅㅌㅊ 가능",0,2023-11-09T10:50:22Z
@zzzzzz-h9g7l,"다이어트 성공하셔서 축하드려요
40키로 감량도 중요하지만 유지도 엄청 어려워요~
저도 25키로 빼고
5년 유지하다 한순간 방심하니 찌는건 금방이더라고요 
지금은 다시 다이어트해서 유지하고 있지만
비만 있었던 사람들은 항상 조심해야한답니다.
평생 다이어트한다 생각하시고 관리하시면 정말 예쁘실꺼 같아요^^
예뻐지신거 정말 축하드려요😊",0,2023-11-09T10:37:26Z
@hiphopa1mass,이야 왠만한 성인 한사람 정도 뺀거내 저정도 로 할려면 어떤 운동을 해야 하는거야 이젠 성형만 하면 진짜 인간 승리다,0,2023-11-09T10:33:09Z
@잘치는형,우와 원래 귀염상에 이쁘셨었네요,0,2023-11-09T10:23:10Z
@hiveriscool10,피나는 노력 지렸다,0,2023-11-09T10:11:30Z
@아융융-c5i,운동 열심히 하셨네,0,2023-11-09T10:07:04Z
@얼룩말-f1e,"저정도 까지는 잘빠집니다.
저기서부터가 문제에요
진짜 안빠집니다",0,2023-11-09T09:49:12Z
@koreakoreakorea,"116에서 76보다
76에서 66이 더 힘듬
그래도 과체중",0,2023-11-09T09:48:41Z
@Chacha-e4o,이야 복권이시네,0,2023-11-09T09:26:54Z
@니코미르,고생 하셨어요 다이어트로 건강도 챙기고 미모도 챙기고 일석이조! 앞으로도 화이팅 하세요!!,0,2023-11-09T09:26:19Z
@beastzim,이건 ㅇㅈ이지,0,2023-11-09T09:11:42Z
@EsK-ck1rd,대단하십니다.,0,2023-11-09T08:57:56Z
@Hyhyvvss,대단하다,0,2023-11-09T08:51:19Z
@jackandcongnamu,페엡 에반ㄷ,0,2023-11-09T08:42:24Z
@JrueRandallHoliday,앞으로 20kg는 더 빼야겠다,0,2023-11-09T08:21:50Z
@island2514,긁지않은 복권이시네요~저도 다욧과 요요를 반복했던 3회차 다이어터 입니다 ㅎ 몸이 가벼워지니 생활이 즐겁고 맛있게 먹었을땐 열심히 운동합니다~다이어트는 결국 습관의 교정이더라구요~건강하게 다이어트 하시는모습 아름답고 멋지십니다👏👏👍👍,2,2023-11-09T08:01:50Z
@오우예-s6h,앞으로의 미래도 응원합니다,0,2023-11-09T07:49:24Z
@도트브,더빼,0,2023-11-09T07:39:24Z
@JS8770,노력은 항상 아름답지! ❤,0,2023-11-09T07:22:26Z
@알수없음-h6c,대박.... 엄청난 노력을 하셨을텐데 대단하십니다,0,2023-11-09T07:12:59Z
@김진영-m7h7i,멋져요~앞으로 홧팅!!😊,0,2023-11-09T07:10:50Z
@johnbollinger83,65kg밑으로는 내려가면 안될거같아요,0,2023-11-09T07:08:11Z
@No-bv1fc,진짜 인간승리! 대단하세요!!,0,2023-11-09T07:02:01Z
@데이비드-d6i,40을 뺐으면 서울대도 가실듯!!! 👍 👍 👍 👍 👍 👍 👍 👍 👍 👍 👍 👍,0,2023-11-09T06:55:05Z
@sSs-ob9rr,나도 20kg 쪘는데 전에 17kg쪘을떄는 ㅈ됬다 뺴야겠따는 느낌이 강하게들어서 다뻈었는데 지금은 그냥 무덤덤하다 왜그런지는 모르겠다..,0,2023-11-09T06:43:25Z
@대끼리-k7k,덕분에 오늘 쉴까라는 물음에 가자로 바뀌었습니다,0,2023-11-09T06:43:03Z
@피로연,남자친구 있으세요?,0,2023-11-09T06:41:56Z
@Anta-s7r,으메 이쁜그 축하 합니다.,0,2023-11-09T06:12:59Z
@나이스샷-r4p,살을빼도 돼지네 ㅡㅡ,0,2023-11-09T05:53:21Z
@스피드M1A1,"살쪄있때도 살짝예쁨
이런걸 숨은 보석임",0,2023-11-09T05:53:17Z
@zzangba000,노력할 마음을 가지고 포기하지 않고 실천했다는것 자체가 대단한것 같습니다 대단하세요 앞으로도 정진!,0,2023-11-09T05:49:58Z
@김군-x3d,와 진짜 엄청난 노력이시네요 ㄷㄷㄷㄷ 10kg 빼는것도 힘든데 40 ㄷㄷㄷ,0,2023-11-09T05:46:53Z
@오다기리죠-c1s,미드 좆된다,0,2023-11-09T05:27:45Z
@happy0915puppy,저렇게 찌는거 신기. 뺀것도 신기,0,2023-11-09T05:24:29Z
@오진우-y1v,76이면... 키 185정도 하시나,0,2023-11-09T05:12:20Z
@withsh0301,노력에 박수를 보냅니다...!!,0,2023-11-09T05:08:39Z
@홍길수-HGS,대단하십니다,0,2023-11-09T05:05:02Z
@woopro9195,슈퍼헤비급에서 웰터급으로😮😊,0,2023-11-09T05:03:16Z
@hwankim4575,멋지네,0,2023-11-09T05:02:22Z
@리아치아,40키로를 뺄수있는 엄청난 정신...ㅎㄷㄷ,0,2023-11-09T04:57:07Z
@powerwave-u7x,눈에서 생기가 도니 너무 좋네요.,0,2023-11-09T04:46:05Z
@hwangsong8,와 76인데도 엄청이뻐지네요,0,2023-11-09T04:42:26Z
@호롤호롤-c5b,ㅈㄴ부럽다...살빠져도 가슴은 이미 완성형이넵....ㅅㅂ 내 젖 눈감아,0,2023-11-09T04:24:43Z
@Reuell002,와 무슨 쥰나 이쁘시내요,0,2023-11-09T04:23:58Z
@멍뭉미-d3h,대단하십니다🎉,0,2023-11-09T04:03:04Z
@제발-r5v,얼마나 걸리셨나요..저도 살빼려고 네달째 운동중인데 78에서 73까지 빠지고 지금 여기서 안빠져서...,0,2023-11-09T04:02:08Z
@박영규-w2o,멋지십니다😊,0,2023-11-09T03:51:43Z
@돔돔댐,혹시 어떻게 빼셨는지 여쭤보아도 될ㅋ가요 ㅠㅠㅠ 저도 고도비만이라 살빼야하는데 힘드네요..,0,2023-11-09T03:49:58Z
@30_man,"복권2등 당첨!!
여기서 더 긁으면(감량하면)
연금복권1등!!!!",0,2023-11-09T03:49:38Z
@마이브로-v1q,오타쿠에서 미녀가됨 😊,0,2023-11-09T03:46:20Z
@가을의흥부박,와 ~~,0,2023-11-09T03:37:52Z
@kopoohrep7775,40받고 20더 고고,0,2023-11-09T03:36:16Z
@수어-x7d,???: 이정도면 복권 당첨 아니신가요🎉,0,2023-11-09T03:34:37Z
@홈런왕_31,피나는 노력이 보이네요 앞으로도 화이팅하세요~😊,0,2023-11-09T03:34:24Z
@kidult282,믓찌다,0,2023-11-09T03:24:23Z
@임효빈-l1p,수고하셨습니다,0,2023-11-09T02:54:32Z
@EphphathaLee,멋찌다 !!!!ㅎㅎㅎㅎ,0,2023-11-09T02:48:13Z
@아이마시쨔,나도빼야하는데 큰일이다..나랑똑같네..,0,2023-11-09T02:40:30Z
@몰랑-j6c,20키로더빼셈 돼지랸아,0,2023-11-09T02:38:17Z
@재명이-f4d,얼굴표정이 확좋아지네 행복하셔요,0,2023-11-09T02:24:06Z
@황성목-u6u,20만더빼면되겟다,0,2023-11-09T02:19:02Z
@mumu-nn1tf,리스펙...,0,2023-11-09T02:17:01Z
@beautielle.official,"뭘해도 해낼 수 있는 분이네...
대단합니다!!!
계속해서 건강해집시당",0,2023-11-09T02:14:31Z
@MsSehoon,76키로가 딱 보기 좋은데요,0,2023-11-09T01:51:22Z
@쭈니-u3b,20만 더빼자...고고,0,2023-11-09T01:14:27Z
@멜롱bj,50키로대 되면 예뻐지겠네,0,2023-11-09T01:06:59Z
@seeji2,와...진짜 대단..그와중에 이쁨 ㄷㄷ,0,2023-11-09T00:48:52Z
@이범주-i5b,와 이형 진짜 멋지네.. 늘 지금 같은 하루보내세요~,0,2023-11-09T00:48:39Z
@타이거탱크-kim,20kg 떠빼면 완전 미인되기것씀,0,2023-11-09T00:38:40Z
@김두한-n1q8k,숟가락 들고 있는분 맞음?,0,2023-11-09T00:37:44Z
@Khhhda,복권이네,0,2023-11-08T23:43:06Z
@sma1512,116키로에서 끝나는줄ㅋㅋ,0,2023-11-08T23:36:20Z
@한글대왕-i3r,살 많이 쳐졌겠는데,0,2023-11-08T22:55:55Z
@한베국제결혼전문업체,건강을위해 응원합니다 😊,0,2023-11-08T22:47:30Z
@wongikwak6367,와 대단하십니다!!!😊😊화이팅입니다! 꾸준히 건강하게 지내시길,0,2023-11-08T22:26:53Z
@one1epic,와! 멋지십니다 응원합니다 파이팅!😊,1,2023-11-08T22:22:37Z
@gksksla7,원래이쁜얼굴임 살빼도 안되는얼굴있음  우리누나,0,2023-11-08T22:17:28Z
@dlrjtlfghksi,"와 76kg 첫사진 허리 쏙 들어가는게 지리긴 하네
이거 보면서 과자 쩝쩝거리는 나는..",0,2023-11-08T21:42:46Z
@훈스-d7z,저도 120kg인데 대단하시네요.. 어떻게 빼셨나요,0,2023-11-08T21:37:41Z
@미스터츄-korea-chu,"외모도 변하는지 알고 끝까지 봤는데요
외면보다 내면의 감량이 장난 아니네요
크게 반성하고 갑니다.",0,2023-11-08T21:21:40Z
@송현석-r1y,10키로만 빼도 이쁠듯,1,2023-11-08T21:19:03Z
@Imdownhy,얼마나 걸리신거예요..?ㅠㅠ,0,2023-11-08T21:07:29Z
@백미르-r7z,운동을 해야된다고 매일 생각하지만 귀차니즘으로 인해 행동으로 옮길수가 없어서 제자리 걸음인데 정말 대단하십니다 멋져요,0,2023-11-08T21:05:00Z
@검쓰-e7b,조금만더 고생하면 될거같음 ㅎㅇㅌ,0,2023-11-08T20:45:12Z
@hhappysonamu,대단하세요. 어떻게 뺐는지 궁금해요🎉,0,2023-11-08T20:40:54Z
@Face178,근데 76kg ㅋㅋㅋㅋ,1,2023-11-08T20:11:01Z
@lh1435,운동도 힘들지만 먹고싶은걸 참고 안먹고 식단하고 이게 너무 힘들었을텐데 고생많았어요,0,2023-11-08T18:47:57Z
@jeanroqueraltique9821,진짜 안된다는 개소리 댓글은 없길 바란다.,0,2023-11-08T18:16:30Z
@속리산단테,49키로 까지 빼요..그래야 여자입니다.,2,2023-11-08T18:14:47Z
@김_숙_희,가슴은 그대로네..,0,2023-11-08T18:13:41Z
@APEACHMK.1,진짜 다이어트하시고 예뻐지셨네요ㄷㄷ,0,2023-11-08T17:55:36Z
@ringringbae,의지가 엄청나네요..극단적으로는 빼지마세요 2년 3년  길게 봐야 건강하고 탄력도 유지합니다,0,2023-11-08T17:49:50Z
@Dokgo96,건강을 찾은 모습 훌륭합니다 🎉🎉🎉,0,2023-11-08T17:40:44Z
@NaMuJukGaRak,저도 2년걸렸어요. 찌는것 보다 빼는게 힘들다는것을 절실히 배운 귀한 시간이였어요. 포기 마시고 끝까지 하세요. 지금 부터가 더 빼기 힘든 시기임을 인지하고 지금껏 해온것처럼 쭈욱 가는거에요!  참고로 전 점심 먹고 잠시 쉴때도 걸었고 퇴근후에도 1시간 30분 비가오나 눈이오나 더우나 쉬원하나 걸었어요. 하면 된드아!!,0,2023-11-08T17:30:37Z
@koreakaraokemusicm,운동 루틴이 궁금합니다 !!,0,2023-11-08T17:21:27Z
@유규종-q4j,와…. 얼마나 노력했을까 이걸 1분도 안되는 쇼츠에 담으시고… 멋있다🤩,0,2023-11-08T17:19:28Z
@피부관리-n6r,왜 뚱뚱한 사람들은 가슴이 안빠지지,0,2023-11-08T17:09:54Z
@아야-j2s,더빼라,2,2023-11-08T17:02:54Z
@ReZeroBIG,ㅊㅊㅊㅊ,0,2023-11-08T16:58:26Z
@zzzzzxcvb,뭘로빼심? 전 나이먹으니 뱃살이 는거같아서 10키로 정도 빼고싶은데 피티받아야하나요?,0,2023-11-08T16:54:32Z
@라우라-i3g,더빼면 진짜 더 이뻐지실듯 ㄷㄷ,0,2023-11-08T16:50:52Z
@하루과학,멋있어요!,0,2023-11-08T16:38:57Z
@woojin0202,화이팅입니다!!,0,2023-11-08T16:36:53Z
@abcdefgg586,나이 더먹기전에 빨리빼시길 나이먹고빼면 의미없음,0,2023-11-08T16:28:39Z
@wsy5779,와 지렸다 인간승리다 무엇보다 존나이쁘심진짜,0,2023-11-08T16:18:54Z
@Norwegian_forest_cat,몸도 몸이지만 인상이 많이 바뀌셨네~,0,2023-11-08T16:16:27Z
@twojeom,60가자  화이팅,0,2023-11-08T16:04:33Z
@음인,입술도 살이 찌는구나..몰라ㅛ네 앞으로 -20만 빼면 될 듯,1,2023-11-08T15:59:30Z
@박유근-u7t,행님 리스펙,0,2023-11-08T15:50:40Z
@Espresso_ssda,저정도면 이제 운동에 재미붙고 버릇돼서 더 발전할듯?,0,2023-11-08T15:43:15Z
@akhdkdalkjfa,고생많앗어요,0,2023-11-08T15:42:25Z
@Justmusic-h8m,긁지 않아도 보이는 당첨복권,0,2023-11-08T15:34:40Z
@Easy요,이쁘네,0,2023-11-08T15:27:46Z
@김태헌-e5i,초고도면 운동강도를 높일 수가 없어서 다이어트 개빡셈 일단 뛰는 거조차도 안되잖아,0,2023-11-08T15:25:35Z
@STAYC_OMG,화이팅,0,2023-11-08T15:20:15Z
@au-zm6oh,116kg까지 왜 찌우지…?,0,2023-11-08T15:13:48Z
@푸틴-q6k,고생했어요~~♡,0,2023-11-08T15:12:32Z
@용진김-e4z,더 빼세요. 이쯤 오셨으면 더 가능하시죠? 남자들은 날씬한 여자 좋아합니다.,0,2023-11-08T15:11:18Z
@POOP-p2g,저 정도 노력이면 뭘 해도 될 것 같은…,0,2023-11-08T15:08:42Z
@메이플스토리과자,어떠한 계기가 생기셔서 시작하셨겠지만 그 또한 꺾이지않고 꾸준히 해오신게 대단하십니다.,1,2023-11-08T14:57:14Z
@kiyatborgigit,20만 더 하면 될듯,0,2023-11-08T14:54:34Z
@dooy777,와 검은옷입었을때 몸매 너무 좋은데??? 근데 어릴때부터 살쪘었나요? 아님 다른이유로 찐건가요?,0,2023-11-08T14:48:31Z
@알려고하지마-v5l,건강잘챙기면서하세요~멋집니다!,0,2023-11-08T14:46:00Z
@뇽군-c8l,와...청주분인거같은데 대단하셔요! !,0,2023-11-08T14:42:25Z
@KINGOFSEAL,인간승리하셨네..,1,2023-11-08T14:37:22Z
@nobro142,그래도 고도비만이네 ㅋㅋ 감량해도 고도비만,1,2023-11-08T14:36:12Z
@리리리-g8r,할수있는 의지가 부럽다..ㅠ 너무대단하세요,0,2023-11-08T14:34:49Z
@ETKRose2060,오메 얼굴이 귀엽고 이쁘노,0,2023-11-08T14:33:21Z
@무야호-x6h,고생하셨습니다 앞으로 좋은 일 가득❤,0,2023-11-08T14:28:13Z
@byungsinsaekki,여기서 진짜 조금만 더 노력하셔서 50키로대까지 빼시면 지리실듯,0,2023-11-08T14:27:07Z
@doldol-moon,"와 살 빠지는 와중에도 바스트들은 굳건히 자리 지키고있네
축복받으셨어요 🎉🎉🎉",0,2023-11-08T14:21:53Z
@jakeroberts90s,우와보소😊,0,2023-11-08T14:16:49Z
@JMKim-pp3gv,넘 멋지다,0,2023-11-08T14:15:08Z
@나느,감량후 3번째 사진 박지작가님 닮은것 같아여!,0,2023-11-08T14:06:07Z
@나느,재키와이를 이은 천의얼굴을 가진여자,0,2023-11-08T14:04:54Z
@dxc.uky_5,수고하셨어요🎉지금 저는 한달에 1kg도 못빼는 데…😢얼마나 힘드셨을까하는 생각이 드네용~앞으로 행복하고 건강하게 사세요~❤❤,0,2023-11-08T13:58:31Z
@hedonist3841,진짜 힘들게 노력하셨을 모습에 동기부여가 됐네요 인생은 이분처럼!멋지게 성공하자,1,2023-11-08T13:51:56Z
@1851tpwls,이뻐요❤❤,0,2023-11-08T13:43:54Z
@kowjsux,결론 : 돼지던 아니던 못생기면 그냥 포기하자,0,2023-11-08T13:41:51Z
@이승호-o7w,존경스럽네요.,0,2023-11-08T13:34:29Z
@dyeiejdjeujvdyh9592,아니 살만 뺐는데 성형한 수준이네 ㅋㅋㅋㅋㅋㅋㅋ 이리 예쁜데 살 안뺐음 평생 후회할일이었네 ㅋㅋㅋ 거기다 바스트까지... 이제 남자들때문에 인생 귀찮아질일만 남은듯 ㅋㅋㅋㅋㅋ,1,2023-11-08T13:33:39Z
@안녕수야7,말이돠냐 이쁘😮,0,2023-11-08T13:31:07Z
@쟈이위엔,어캐뺐어요ㅠ,0,2023-11-08T13:28:07Z
@뿡뿡이-z8e,좀 더 빼면 진짜 이쁘실듯,0,2023-11-08T13:24:19Z
@goldenweorld,육덕ㄷ,0,2023-11-08T13:14:35Z
@스윕,너무 사랑스러워요,0,2023-11-08T13:14:25Z
@라도는지역명아닌질환,복권이네,0,2023-11-08T13:11:55Z
@도톰도톰열매,👍,0,2023-11-08T13:07:50Z
@vvip-g1c,와 살찌고 다시 빼니까 가슴 크기는 유지고 ㅋㅋㅋ 이거 ㅈㄴ힘들겟지만 가슴없는애들 함 해바라.. 죽도록노력해서 가슴얻으면 개이득일거같음,1,2023-11-08T13:03:58Z
@엔젤-s3w,와 나도 15키로정도 빼고싶어 죽어라 노력하는데 현실은 1키로도 안빠지는데 이분은 ㄷㄷㄷ,0,2023-11-08T13:03:01Z
@dean6403,와 이건 사람이 멋있어보이네,0,2023-11-08T13:02:44Z
@뿡-r6w,"살빼기전에 살빼면 이쁘겠다는 얘기 많이 들으셨겠다
안 긁은 복권 느낌 많이 나네",0,2023-11-08T12:56:32Z
@우유-k3m,다이어트 성공하신분들 진짜 리스펙… 먹는거 참고 꾸준히 운동하는게 진짜 너무힘듦,0,2023-11-08T12:54:17Z
@점잖은아저씨,뭘먹어야 100kg이 넘을수 있나요?,0,2023-11-08T12:51:13Z
@homeman1004,와....,0,2023-11-08T12:48:26Z
@해피문-s6g,3키로 빼기도 힘든데~ 40키로라니,0,2023-11-08T12:46:20Z
@Whitefun_86,통통해도 이쁘네요 그동안 고생하셨음 행복하세요 ㅎ,0,2023-11-08T12:43:03Z
@INFP-d4c,저도 요즘 다이어트중인데 지쳐서 잠깐 쉬고 있는데 영상보고 다시 힘내서 성공 해야겠어요!! 정말 먹으면서 살찌는건 쉬운일이지만 빼는건 보통 다짐으로는 불가능하는걸 요즘 느끼는데ㅠㅠ정말 너무 멋지셔요!! 저도 꼭 성공해서 자존감도 오르고 이뻐지고 싶네용ㅠㅠ진짜 너무 이쁘고 건강해보이셔서 넘 좋아요❤ 항상 뭘 해도 성공하실거 같아요!!! 항상 응원할게요!! 요즘 넘 춥던데 따뜻하게 입고 운동하세용!,0,2023-11-08T12:41:50Z
@곽수훈-x4y,파이팅,0,2023-11-08T12:41:42Z
@three-question-mark,허 나는 못하는걸 해내는 당신의 정신력은 대체...,0,2023-11-08T12:38:15Z
@jasonkim3636,와 정말 대단하십니다. 의지력 장난아니시네요 구독하고 변화되는 모습 보고싶어요 화이팅,0,2023-11-08T12:28:12Z
@킹처어려,25키로 더빼세요 지금도 돼지세요,1,2023-11-08T12:24:26Z
@다이슨청소기-c9w,"너무 멋있고 너무 이쁩니다!
진짜 죽을만큼 힘드셨을텐데 최고십니다!",0,2023-11-08T12:21:35Z
@21170521,응원합니다~,0,2023-11-08T12:16:05Z
@김광일진로샘,"40kg 빼는 건 말도 안 되는 거지.... 아직 정상체중은 아닐지언정 진짜 보통 의지로 되는 게 아니란 걸 알기 때문에 너무 대단하다는 생각밖에 안 들어요...!!

노력의 가치를 모르는 악플들은 신경쓰지 말고 앞으로도 꾸준히 나아가시길 응원합니다~~",0,2023-11-08T12:09:31Z
@ILOVEFOOTBALL656,진짜 엄청 고생많았죠ㅠ 정말 수고많았어요,0,2023-11-08T12:09:01Z
@운동중-u4y,정말 고생많으셨어요 😊,0,2023-11-08T12:07:24Z
@shmshm1345,25kg만 더 가자!!,0,2023-11-08T12:06:53Z
@CoffeeBenz,으..저도 130에서 80까지 뺏다가 2년만에 다시 찜 ㅠ... 다시 빼야겠어요😅,0,2023-11-08T12:05:44Z
@Nyaaaaiyt,대단하다 대단해,0,2023-11-08T12:05:06Z
@giseoplee7763,응원합니다!!  당신의 노력의 의미에 대해..,0,2023-11-08T11:59:40Z
@늪남자,대박이다,0,2023-11-08T11:57:24Z
@K__k_0o0_98,ㅁㅊ 인간승리,0,2023-11-08T11:55:02Z
@mikelee5284,"와~ 대단하다 
응원합니다",0,2023-11-08T11:51:20Z
@9090김진우,수고 많으셧습니다,0,2023-11-08T11:51:14Z
@KKK-p3g8m,20키로 더빼라 좋은말할때,0,2023-11-08T11:48:02Z
@에어팟쥐,저렇게 되면 가슴도 축소수술하나요..? 지방은 지방이니까 축 쳐지게되나요?,0,2023-11-08T11:44:34Z
@azzangba,이런 말씀 실례가 될수도잇을수 있지만.. 얼마나 걸리셧나요..?,0,2023-11-08T11:39:58Z
@단밤-p3o,아직멀었다 46키로될때까지빼라😊😊,0,2023-11-08T11:32:35Z
@user-mallangs,당신의 노력과 이쁨에 👍🏻,0,2023-11-08T11:30:51Z
@Kh0821,와.. 76kg되는순간 얼굴이 바뀌어서 되게 놀램.. 축하합니다,0,2023-11-08T11:17:14Z
@Waterdeer638,대단하십니다,0,2023-11-08T11:15:47Z
@user-tk9lw6fr5y,미친 8키러빼기더 힘든데,0,2023-11-08T11:10:32Z
@kookim1354,츄가… 보이네..,0,2023-11-08T10:55:39Z
@YT-el5mc,와우 대단하십니다,0,2023-11-08T10:55:14Z
@nanten_1022,40kg.. 와 리스펙,0,2023-11-08T10:41:26Z
@엄준식-h4f,와 올리버쌤보소?,0,2023-11-08T10:40:30Z
@Ganzinam,앞으로의 멋진 삶 응원하겠습니다,0,2023-11-08T10:40:09Z
@nealmohan911,와...... 대단해요!!! 짱짱!!,0,2023-11-08T10:38:13Z
@jss7995,"내 친구 보여주고 싶다.
잘생긴 놈이 살을 안빼...",0,2023-11-08T10:24:17Z
@망태할아버지-d1k,리스팩!,0,2023-11-08T10:22:28Z
@XXXCARAMELOiloveyou,76키로여도 그 무게가 다 어디로 간거냐에 따라 다르지 저분은 빠질때만 쪽 빠지시고 살좀 있어야 이쁜부분엔 다 골고루 들어가계시자너..,0,2023-11-08T10:21:41Z
@wxsxw,저 몸무게에도 사진찍고 놀러디니고 한가보면 자존감 진짜 높은가보다,0,2023-11-08T10:17:16Z
@나뚠뚠,살빼니까 훨씬이쁘네요!!! 더 빼면 더 이쁠거같아요!! 건강하게 다이어트하세요!!!,0,2023-11-08T10:13:22Z
@fatherjady1627,살빠지면서 이목구비가 점점 커지는게 넘나 신기하다ㅎㅎㅎ,0,2023-11-08T10:13:12Z
@fatherjady1627,와 진짜 살맛 나시겠네… 이정도 성공했으면 길거리에서 붕어빵을 팔아도 대박날 정신력인듯 응원합니다!!,0,2023-11-08T10:12:11Z
@duckbote,멋져요 정말루 ㅜㅜ,0,2023-11-08T10:02:17Z
@thoschea9127,고생하셨습니다,0,2023-11-08T09:52:13Z
@북조선어머니스텝,우왕 살뺀 후에는 남자들이 딱 좋아하는 육덕상이시네요,0,2023-11-08T09:38:29Z
@무뉴-k3y,"진짜 다이어트는 자연의 성형이져 멋집니다. 
저도 체지방 7퍼까지 만든적있는데…. 확실히 내가 보는 나의 시선, 사람들의 보는 시선이 확 달라져요.. 그때는 환상의 세계를 걷고 뛰는 기분이였는데….",0,2023-11-08T09:37:24Z
@판우-p4s,복권 1등 당첨이네요,0,2023-11-08T09:35:50Z
@0헨지,오우...,0,2023-11-08T09:31:03Z
@화리-t6p,졸라멋있다,0,2023-11-08T09:27:45Z
@용윤서-d7c,26은 더 빼야...겠군요,1,2023-11-08T09:24:23Z
@파트아라,대박..,0,2023-11-08T09:19:44Z
@나문화화,더 빼고 온나 ㅋㅋ,1,2023-11-08T09:19:28Z
@가율비-w9t,멋지다;;,0,2023-11-08T09:19:15Z
@름구-i1n,20kg만 더 빼시면 더 건강하실 것 같네요,0,2023-11-08T09:11:11Z
@SJDad-c9p,"악플 전혀 신경쓰지마시고 노력하는 님이 더 아름답다고 느끼다고 생각하는 분들이 더 많아요! 
😊",0,2023-11-08T09:10:14Z
@한그루-j5r,레전드..,0,2023-11-08T08:54:12Z
@김윤석-v6r,역시 최고의 성형은 다이어트. 대다나다. 너무 이뻐지심,0,2023-11-08T08:52:43Z
@디우두두,이제 50키로대 되면 폭격기되겠노,0,2023-11-08T08:50:48Z
@최수민-j3r,"다이어트는 정말 쉽지 않은 고통의 연속입니다.
긁지 않은 복권이 드디어 긁혔네요.
조금만 더 긁어보세요 인생이 달라질 수 있어요. 이쁘시네요 ㅎㅎㅎ",0,2023-11-08T08:46:29Z
@J.M_OH,쭉쭉 목표체중 까지 응원 합니다~~,28,2023-11-08T08:38:51Z
@kingchun3,아름다우세요,0,2023-11-08T08:30:08Z
@raycityalt,고생하셨습니다,0,2023-11-08T08:27:28Z
@snr4295,제 지인도 50kg 뺀사람있는데  이게 정말대단하신거라고 생각합니다  그간 얼마나고생하셨을지  ㅜㅜ  이정도면 뭘해도 잘하실듯,0,2023-11-08T08:19:18Z
@빼꼼-f6t,"몸매 너무 예쁘다,, 진정한 들어갈곳만 들어가고 나올곳만 나온 몸매네,,ㅠㅠ",0,2023-11-08T08:19:00Z
@zinzzanohhun,"게으르면 평생 게으르다 
하지만 보란듯이 성공했다 
응원합니다 앞으로도",0,2023-11-08T08:14:15Z
@jbpark5316,좀만 더 긁으면 복권당첨일듯 의지가 대단합니다,0,2023-11-08T08:07:05Z
@daewookim8011,사랑할 수 밖에 없는 영상이군요❤❤,0,2023-11-08T08:04:10Z
@swkimmore,와 진짜 대단해요 정말 수고하셨어요!! 의지가 장난아니네요,256,2023-11-08T08:03:13Z
@성대한-n3s,죻나 멋있어요,0,2023-11-08T07:55:19Z
@hwaiyu733,헐 중요한 건 살리셨네... 축하드립니다,0,2023-11-08T07:39:16Z
@x.dno7,"초3인데 40키로 감량 .. 저희 엄마두 1년동안 걷기만 하면서  11키로 감량 성공햇늗데 40키로라니 ,, 믿기지 않아요 ! 예쁘셔서 2차로 놀라써요 ,, 좋은 하루만 가득하시길 바라요 !",0,2023-11-08T07:31:05Z
@user-gorgeous,멋져요!,0,2023-11-08T07:28:37Z
@라칸-w6e,"정말보기좋다.처음사진보고 깝놀....
솔직히 너무 찐사람들싫어함으로서..
근데마지막사진 감동....(__)",0,2023-11-08T07:25:33Z
@기명수-n3b,에효 나도 살빼야하는데 언제빼나,0,2023-11-08T07:25:31Z
@추억남기기-r6c,"진짜 노력이 대단하시네요.. ㄷㄷ
운동앞으로 더 열심히 하시길 바래요",0,2023-11-08T07:22:24Z
@KEC-KEC,근데 진짜 살이 많아도 예쁜사람은 딱 보임,0,2023-11-08T06:53:43Z
@이야아아아호,"고생하셨습니다
한번더 맘다잡고 열심히하셔서 원하는 몸무게 겟 하세요",0,2023-11-08T06:44:49Z
@ufc5135,축하드려요 누나 ~~ 🎉,0,2023-11-08T06:44:14Z
@흣짜흣짜-v7j,감량 더해라,0,2023-11-08T06:40:48Z
@hapu143,아주 멋진 결과를 보여주시네요 정말 대단해요😊 포기 하지 않고 목표를 달성 하는 모습이 그 누구보다 아름다워요,0,2023-11-08T06:38:42Z
@오징어짬뽕-t4p,"미나상은 이분 좀 보고 배워라
이리 열심히 노력하면 되는 데🤔",1,2023-11-08T06:38:29Z
@brightgrow52,고생했어요  -20 더 가즈아,0,2023-11-08T06:35:56Z
@첫사랑-x4l,🎉,0,2023-11-08T06:31:31Z
@정지민-k7e,사랑해요.. 저랑 결홍해주세여,0,2023-11-08T06:21:15Z
@thirtyman30,대단하다 정말로. 땀을 흘리는 당신은 아릅답다.,0,2023-11-08T06:20:31Z
@박준석-v6z,더빼보죠,0,2023-11-08T06:13:03Z
@주씨-w5w,미선? 그사람 얼굴이좀보이네,0,2023-11-08T06:08:36Z
@unfisk1097,오 슴가안빠짐 성공,0,2023-11-08T05:59:25Z
@Snsndbdhehesnsnsns,만족말고 10~15정도만 더 노력하시면 진짜 예쁠듯,0,2023-11-08T05:45:56Z
@헢-p1z,최고의 성형은 다이어트죠 이제 아름다울 일만 남았네요 행복하세요,0,2023-11-08T05:45:23Z
@seolmae2150,와.. 의지력 진짜 대단 😮 저는 그새 못 참고 피자 시켰는데 😅,0,2023-11-08T05:43:54Z
@제비족-y1w,얼굴 슴가 합격,0,2023-11-08T05:39:30Z
@뚜-u6c,"빼고도 남은 무게가 76kg라는게 중요한게 아니고, 뺀 무게가 40kg이나 된다는게 조온나 대단한거임. 얼마나 노력하셨는지 가늠도 안되네요. 리스펙트합니다 👍👍",1639,2023-11-08T05:34:40Z
@100jja,"많은 분들이 자극을 받았으면 좋겠습니다
매우 멋져요~~",0,2023-11-08T05:25:58Z
@샬롬브릿지,"응원합니다
리스펙🎉",0,2023-11-08T05:15:25Z
@클로이,예뻐요 누나,0,2023-11-08T05:10:45Z
@핸들-c7c,벌크업 야무지게 했노ㅋㅋㅋ😊,1,2023-11-08T04:50:20Z
@shh5729,보기좋아요 다이어트 더 갑시다¡¡¡¡¡,0,2023-11-08T04:44:04Z
@연계소문볼테마데,맛있겠네요🥵🥵,1,2023-11-08T04:03:52Z
@user-tx1lp5cx6z,"저는 억까맨인데요 
체지방덕지덕지는 죄악이라고 생각합니다 
( 누구나 사랑받을 권리는 있지만 아무도 사랑을 주려고 안하는게 현실 특히 대한민국에선 ) 
뭐 추했던 순간 있을수있다고 생각합니다. 
근데 그걸 이렇게 멋지게 극복하셨다니 
ㄹㅇ 멋지시네요 

나진짜 뭐 꾸역꾸역 억까하는사람인데 이건 ㅇㅈ",0,2023-11-08T04:03:07Z
@TheMcHwang,노력에 박수를 대단합니다,0,2023-11-08T03:59:22Z
@Bangbangbangg,와 진짜 대단하다...,0,2023-11-08T03:56:57Z
@최다니엘-p5t,저 몸뚱이로 사진은 많이도 찍어놨네,1,2023-11-08T03:46:09Z
@letsgooska,가슴모야,0,2023-11-08T03:34:35Z
@dp6086,인간승리다,0,2023-11-08T03:34:07Z
@나무에걸린풍선,멋있어용,0,2023-11-08T03:25:59Z
@김민준-o3m,감량 생각보다 쉬워요. 저도 30키로 넘게뺐는데 일정 구간까진 쭉쭉 빠짐. 말라지는게 진짜 어렵고 그걸 유지하는건 더어려움..,1,2023-11-08T03:10:53Z
@jihyeonlim06,오츠카레사마데스…,0,2023-11-08T02:49:14Z
@도댕바라기,이뻐요 누나 수고하셨어요 빼느라 엄청 힘드셨겠네,0,2023-11-08T02:34:11Z
@shcjcisjwhfbcjs,얼리버쌤입니다,0,2023-11-08T02:33:05Z
@kchkak,존경스럽습니다. 저두 살려고 하는중임.,0,2023-11-08T02:20:19Z
@ysc8357,멋지십니다… 존경스럽습니다,0,2023-11-08T02:06:57Z
@Lucky11029,늪지대 수닝님 닮으셨네,0,2023-11-08T01:59:54Z
@발전777,최후에 웃는자가 진장한 승자다 학교계단에서 봄,0,2023-11-08T01:34:05Z
@lgt0207,대단하시네요 고생하셨습니다,0,2023-11-08T01:15:55Z
@유튜브꼴통,50 45키로만들어서몸관리해라,0,2023-11-07T23:43:17Z
@착한사람-m9v,오 멋있다 남들시선도 시선이지만 본인의 건강과 게을러짐이 고쳐지게 되기때문에 스스로가 가장 개운함을 많이느끼게될듯,0,2023-11-07T23:40:07Z
@use888,"대….대단하신게 거기 빼고 다 빠지셨네요
말 그대로 글래머👍👍",0,2023-11-07T23:14:46Z
@사마의-b4g,화이팅,0,2023-11-07T23:00:58Z
@sobak-ing,바스트만 그대로..7번째 사진은 ㅗㅜㅑ,0,2023-11-07T22:44:37Z
@wpvm_1013_,40키로 감량 축하드립니다~,0,2023-11-07T22:40:51Z
@주인공-b2c,"인간 승리 다.👍
부디 요요 없이 롱런 하시길...",0,2023-11-07T21:50:51Z
@cooger77,"와 입술도 살찌는건 처음보네 했는데 
걍 썰면두접시구나",1,2023-11-07T21:21:15Z
@oddscape1,와우..,0,2023-11-07T21:09:28Z
@도무지-h4e,안빼도될고같은데,1,2023-11-07T20:52:32Z
@Jknjk283,슴가 사이즈만 남아버린 지방,0,2023-11-07T20:13:57Z
@HNAHUJIN,살 빠지면 가슴도 사라지는 줄 알았는데 다 그런건 아닌가 보네요.,0,2023-11-07T19:56:48Z
@엉머,"역시 최고의 성형은 다이어트...
건강 뿐만 아니라  정말 힘들었을텐데 노력으로 정말 숨겨진 다이아몬드 발견한 것 처럼 진정한 아름다움을 얻으셨내요 !",0,2023-11-07T19:11:55Z
@돈이좋은사람77,와 살빠져도 글래머시네요 대단하시네요,0,2023-11-07T18:13:12Z
@재식-x5o,저도 지금 찔때로 쩌버려서 의지도바닥인데 우연찮게 보게되서 용기내볼께유😊,0,2023-11-07T18:08:52Z
@GrandmotherWipingDentures,감량후 첫번째사진 츄느낌나요,0,2023-11-07T17:56:28Z
@Rian-np4gv,응원합니다,0,2023-11-07T17:42:59Z
@sym960123,30더 가면 완전 레전드네요 꾸준함이 생명입니다,0,2023-11-07T17:03:12Z
@xodnjs36,ㄹㅇ 진짜 고생했네.. 눈에 다 보인다,0,2023-11-07T16:50:29Z
@네넹-A,혹시  다요트  전에  허리 아푸셧나요?만약  아푸셧다면  다여트후  허리아픔이  사라졌나요?,0,2023-11-07T16:49:22Z
@tedi99___,다이어트 힘들죠 ㅠ 하지만 건강을 위해서라도 힘냅시다...!,0,2023-11-07T16:29:14Z
@mutantboy2652,빠진거 보다는 여자가 116킬로까지 찌는게 더 신기.,0,2023-11-07T16:15:57Z
@스후스,화이팅😊,0,2023-11-07T15:52:41Z
@minjunkim_0420,와 난 10kg빼는것도 힘들어하는데 ㄷㄷㄷㄷㄷㄷㄷ,0,2023-11-07T15:47:39Z
@StaringJoker,와 하루에 ㄸ 몇번싸요?,0,2023-11-07T15:42:29Z
@sykim8672,안경..압수....!,0,2023-11-07T15:27:06Z
@RoyBaloo,안경끼니 웃기넼ㅋㅋㅋ 살빼고 안경샷으로 해도 될듯,0,2023-11-07T15:20:07Z
@현생-g5u,이모에서 누나가 되버리네 ㄷㄷ,0,2023-11-07T15:04:22Z
@오레오-b2b,와.. 초등학생 한명이 빠진 격이네요 대단하세요,0,2023-11-07T15:02:51Z
@chezchocolate6235,진짜 대단하시다...,0,2023-11-07T14:46:30Z
@Daften115,대단하네요 완전 복권 당첨이시네,0,2023-11-07T14:43:24Z
@wkdrhsl,"진짜 한고비 넘기셧네요!!

두번째는  옆구리랑 허벅지쪽인데...이때 한번 더 고비올텐데 꼭 성공하세요!!!! 화이팅!!!

참고로.....저도 107키로에서 40키로 3개월만에 감량 성공해봐서 그 성취감 맛을 잘 압니닷!!!

입고싶은 보기만해도 가슴벌렁벌렁한 겨울코트 벽에 걸어놓고 미친듯이 운동했습니다!!!!
아 건강유념해서 하루 3끼 꼭 챙겨드십셔!!
채식도 좋지만  고기류도 잊지말고 한번씩 먹어주면 요요없이 잘 유지되더군요!!!",0,2023-11-07T14:43:17Z
@alba-iw2lb,열심히 노력하셨네요 지금에 만족허지 말고 조금만 더 노력해서 원하시는 몸무게 이루시길 바래요,0,2023-11-07T14:32:58Z
@lllllllllllllllll863,"와 … 리스펙 하십니다 
무리하지 마시고 롱런 하시죠 👍",0,2023-11-07T14:32:05Z
@therose3355,"고생하셨어요.
우선 저는 팔다리 등 체형이 타고난 편(설현.김연아와 비슷)이고 혹시 차차 자신의 외모로 자신감이 생기면서 혹시모를 일들이 발생할까 글 적어봅니다. 오지랖임을 알면서도 혹시나 염려되어 말하는데 체형이 예쁘다 소리 듣거나 눈에 띄면, 혹은 조금만 파이거나 노출이 있으면 아저씨들 타겟되기 쉽습니다..(저는 후자가 절대절대 아닙니다.)

어릴 때부터 노출 없이도 따라오고 도촬있고 손목까지 붙잡혔습니다. 이동지역은 서울이지만 중고등학생 때 단 한 번 줄인 적 없는 교복 차림으로 계단도 늘 조심히 다녔지만 도촬로 진정서까지 작성했던 이후로 롱치마 바지를 선호하게 됐지지만 여전하더라고요.. 크게 보아 성폭력을 몰랐던 여자는 있어도 당하지 않은 여자 없다고 자신있게 말할 수 있습니다. (남녀분쟁 만들 생각 전혀 없지만 날이 선 사회 속 남자분들이 예민하게 보실 수 있을 것 같기도 하네요. 하지만 남자분들은 정상적인 분이라면 비정상 궤도의 남자를 겪을 일도 크게 없겠고 모를테니까 날 서게 보시진 않으셨으면 좋겠습니다.)

염려로 글 남겼고요, 수고 많으셨어요. 멋집니다.",0,2023-11-07T14:28:56Z
@sosochi2,너무 멋있어요👍🏼,0,2023-11-07T14:26:44Z
@vvvvvvvvvivvv,얼마나 힘들었을까...ㅠ,0,2023-11-07T13:58:41Z
@ASH_ISLAND_,대단하시다,0,2023-11-07T13:42:07Z
@UNlQUE,얼굴은 안바뀌노,1,2023-11-07T13:20:55Z
@user-qi9rp5qe8s,20kg 더빼면 엄청 이쁘실듯..,1,2023-11-07T13:15:43Z
@sonnabakakna,건강안상하게 조심히 하세요😊,0,2023-11-07T13:12:14Z
@킴두환,ㅊㅋㅊㅋ 조금만더 힘냅시다,0,2023-11-07T13:08:21Z
@Daejeon_Drifter_AB,와 대단하심,0,2023-11-07T12:51:47Z
@yoko9242,대단하네요,0,2023-11-07T12:21:32Z
@hallstatt-s2m,15kg 더빼면 미인상,0,2023-11-07T12:16:05Z
@david_kim_95,"정말 고생 많으셨습니다.
저도 한달 반 만에 11kg을 감량하며 운동했던 기억이 있지만, 얼마만큼의 인내와 눈물의 시간들을 지나셨을지 짐작도 되지 않네요.

목표하신 바 꼭 이루시길 응원할게요.
만일 이루지 못하신다 해도 충분히 그대로 멋집니다.",140,2023-11-07T12:11:54Z
@Sammmm3,매일매일 자극 받으러 오겠습니다 감사합니다,0,2023-11-07T11:50:47Z
@개똥아-q1p,"화이팅입니다
진짜 이뻐지셧네요😢😂",0,2023-11-07T11:45:38Z
@ms7128,지금도 미친수준의감량이지만 20키로만더빼면 진짜 미인소리듣겠는데?,6,2023-11-07T11:43:41Z
@frank98758,와 40키로 감량...해본사람들만 안다는 극한의 고통...멋집니다 ㄷㄷ,0,2023-11-07T11:35:46Z
@나무늘보999,"몸매나 얼굴 진짜 타고나셨다..
너무 예쁘세요ㅠㅠ",0,2023-11-07T11:33:08Z
@보게트,116 ㅋㅋㅋㅋ,0,2023-11-07T11:13:41Z
@YunjaeKim-y2s,화이팅😊,0,2023-11-07T11:00:17Z
@진정한짱-x6w,이야~~~ 올리버쌤 보소.. 🤤,2,2023-11-07T10:59:38Z
@Nation6669-g6x,chubby 에서 curvy 이게 진짜 쉬운게 아니다,0,2023-11-07T10:51:41Z
@황황황-j1i,50키로만 더 빼자,0,2023-11-07T10:50:16Z
@706commando,"미모터지는거봐.. .  😳
의욕 충만 ~ 김사합니다 ~!! 🏃‍♀️💪",12,2023-11-07T10:49:03Z
@제이크-u9n,역시 다이어트가 최고의 성형이구나,0,2023-11-07T10:46:14Z
@너야나-r5c,얼굴 알아보면 바로번호 딴다,0,2023-11-07T10:36:57Z
@권장군-w6e,대단하시다.👍👍,0,2023-11-07T10:28:49Z
@regeditious,고지가 코앞임!!,0,2023-11-07T10:06:00Z
@lenitive,싹 빠지면 츄 느낌 날 거 같아요,0,2023-11-07T09:58:35Z
@애니팡-h5x,왜 가슴은 116때 그대로인거죠 존나 축복받으셨네,0,2023-11-07T09:53:30Z
@googott,최고네,0,2023-11-07T09:43:19Z
@장군-j8r,ㅇㅈ,0,2023-11-07T09:20:03Z
@정말몬일이야,더 빼세요 관상보니 이쁜 관상입니당,0,2023-11-07T09:03:31Z
@노력뱅이,인생 업적으로 하셔두 됩니다 이런 노력이면 뭐든 가능 합니다 파이팅,0,2023-11-07T08:45:22Z
@잘모르겠는데,어떻게 빼셨어요..? 제발 알려주세요,0,2023-11-07T08:37:52Z
@인생역전한방이다-p3z,복권이었네요,0,2023-11-07T08:32:03Z
@janespark7811,굿 존나 멋있습니다! 건강하게 다요트 하십쇼!,0,2023-11-07T08:28:24Z
@냥미대생이다,이건 ’존경‘이라는 단어로 한번에 정리,0,2023-11-07T08:27:49Z
@그저그런사람-c2f,뚱뚱한 사람은 안긁은 복권이 맞다....,0,2023-11-07T08:22:04Z
@OUO234-w3x,존경합니다,0,2023-11-07T07:49:46Z
@메롱나-c3j,대단하다...,0,2023-11-07T07:47:30Z
@옹뇽뇽-p4z,👍퐈이어,0,2023-11-07T07:43:27Z
@user-orororooron121,허리 라인 뭐임.. 개쩐다,0,2023-11-07T07:23:51Z
@띠후-x6l,와 ㅍ유내 지린당,0,2023-11-07T07:07:06Z
@히히-y1c,"대단하세요!!
앞으로 좋은일만 생길거에요^^
근데 혹시 키는몇이신가요?",0,2023-11-07T06:51:07Z
@user-Co7Ca7Co7la,반했습니다,0,2023-11-07T06:22:49Z
@lintatv,대단하다는 말 외엔 표현이안됨,0,2023-11-07T06:16:47Z
@쿠기-c3o,조..조금만 더...,1,2023-11-07T05:42:28Z
@두둥-f4w,와 대단해요🎉,0,2023-11-07T05:31:21Z
@석석-w9v,정말 큰 결심하셨네요 공주님이 되셨넹,0,2023-11-07T05:08:45Z
@funk_dafied,"진짜 노력하신게 보이네요...ㅇㅁㅇ....
저도 힘내야겠습니다...!!",0,2023-11-07T04:49:14Z
@jtktj6853,"헬스  14개월차 입장에서 사회생활하면서  꾸준히  운동하는게 얼마나 힘든지 알아요
응원합니다
목표까지 화이팅!",16,2023-11-07T04:36:21Z
@이성민-s7o,더 빼세요,1,2023-11-07T04:27:14Z
@Bestive,자긴 노력도 안해보고 남의 노력을 폄하하는 것들은 무시하세요! 40kg감량 정말 고생하셨고 축하드려요. 함께 건강하게 살아요 우리,0,2023-11-07T04:12:24Z
@p.0619,ㅎㄷㄷ.....사람이 할수있는거였어?....40kg....와....대단하세요 ㅇㅇ!!!,0,2023-11-07T03:56:29Z
@마쎄롱스,살튼거 보고 우울해서 다시 찜..,0,2023-11-07T03:38:52Z
@sasasa569,와...이게 진짜 노력이란거구나..,0,2023-11-07T02:40:07Z
@radio7471,안녕하세요 올리버 쌤입니다,0,2023-11-07T02:26:39Z
@한민선-g8m,76인데 배까고다니는거임???..,0,2023-11-07T01:02:12Z
@쵸코천사-j1s,살을 뺀 것이 이쁜 것이 아니라 힘든 과정을 끈임없이 반복하시면서 몸을 가꾸신 그 마음이 정말 이쁘십니다. 욕심이 생기네요. 50 kg 대로 조금만 더 빼신다면 아마 더 이뻐지실거라 생각됩니다. 이미 한번 성공 하셨으니 한번더 도전해 보시면 어떨까요? 당신은 사랑받기 위해 태어난 사람입니다. 화이팅 입니다 ~~~ ❤,0,2023-11-07T00:58:20Z
@KYUNG_MIN94,멋지십니다. 말 안해도 충분히 노력하시는 모습 보기 좋구요! 등산도 꾸준히 가시는거 같은데!! 무릎 하고 발목 조심하세용!!,0,2023-11-07T00:49:12Z
@이수형-z1y,더빼고 오시오,0,2023-11-07T00:48:56Z
@이리-z3z,사람이 달라졌넹,0,2023-11-07T00:40:40Z
@Hergenzang,추후 다이어트 방법도 올려주세용 ㅠㅠ,0,2023-11-07T00:37:47Z
@nonoju2348,키는 몇이에요?,0,2023-11-07T00:20:24Z
@알파벳ClassA,요요 안오게 유지 잘하시길,0,2023-11-07T00:09:33Z
@nnam11,존나 믓지다,0,2023-11-07T00:09:27Z
@kocabeautytv8046,노래 부르신분도 어찌해야하는지 알려주세요,0,2023-11-06T23:41:24Z
@와울플랫,진짜 이건 노력의 승리다 멋져요!,3,2023-11-06T23:01:11Z
@w4z4v,어?,0,2023-11-06T22:34:27Z
@solame79,우오,0,2023-11-06T22:26:06Z
@고양이-g9t,지방흡입 했냐?,1,2023-11-06T22:22:50Z
@NineHeaven,와 사람 한명이 빠져버렸네 ㅋㅋ 남은 목표 몸무게 까지 고고~,0,2023-11-06T22:15:55Z
@너구리맛나,인생이 달라지겠음~,0,2023-11-06T21:51:57Z
@ng._guitar4,저도 6개월이 걸려 10kg을 감량했는데….대단 하십니다..!!,0,2023-11-06T21:15:01Z
@바람처럼구름처럼,"너무 잘했어요 복권이네요!
티비에서 스스로를 사랑하는 방법 중에
다이어트 이야기하더라구요
저도 그거보고 25키로 뺏었는데
파이팅 ~",0,2023-11-06T21:03:24Z
@헨리-y9s,와우~ 어메이징~,0,2023-11-06T20:52:23Z
@bigstar3147,25더빼자,0,2023-11-06T20:48:40Z
@Jinmu-w2o,츄 닮았다!!,0,2023-11-06T20:29:26Z
@행복하자s,원없이 먹기만 했었네요ㅎㅎ 다시는 과거로 돌아가지 말아요~😊😊,0,2023-11-06T19:53:49Z
@Iloveps55,아직 20더 남았네요.저도 40키로 뺐는데 대단하십니다. 힘내세요❤,0,2023-11-06T19:33:52Z
@Challse-Park,존경합니다😮👍,0,2023-11-06T19:26:50Z
@블랑-q3q,복권이네,0,2023-11-06T19:23:37Z
@lfkfdkd,대단하네요ㄷ,0,2023-11-06T19:19:59Z
@노네임-f4x,흠....,0,2023-11-06T19:16:50Z
@페라리온,난 왜 살안뺀것도 귀엽지?,0,2023-11-06T18:35:24Z
@류뚱-q4d,다이어트는 최고의 성형이다.,0,2023-11-06T18:35:04Z
@호남향우회-b4k,20키로는 더빼야 사람될듯,0,2023-11-06T18:26:02Z
@드루와-w9n,파이팅입니다!! 노력하는모습이 존경스럽네여,0,2023-11-06T18:25:16Z
@gurksk,"응원합니다
저는 남자 키 180 몸무게 73에
체지방 11퍼센트에
골격근 39입니다

살찌면 못생겨질거 생각하니까 절때 관리를 안할수가 없어요
71 ~ 74 왔다리 갔다리 합니다.
운동은 주 2회만 해요
월 헬스 2시간 + 축구 2시간
목 헬스 1시간 30분

다이어트가 습관화가 되어서
이게 일상이며 스트레스는 전혀 없어요
어쩌다 얼굴 살 붙으면 기분 x같아서 금방 빼고 다시 행복해져요

다이어트는 생각만 잘하면 쉬워요
어렵게 생각하면 어려워요

내가 재미있어하는 종류의 운동을 하면서
탄수화물이 없는 내가 좋아하는 음식을 먹으면 완전 간단해요

그러면서 저도 중간중간 먹을거 다 먹어요
어차피 기초대사량이 좋아서 가끔 먹는다고 안쪄요


저는 왠만하면 계란, 돼지목살, 야채, 김치
만 먹는 것 같아요

여러분 흰쌀밥은 독입니다.
절때 드시지마세요
우리몸에 필요한 적절한 탄수화물을 섭취하시려면 잡곡,현미를 드세요

우리나라사람들 마인드가 개 똥인게
밥안먹고 어떻게 사냐 라고 하는데
그럼 밥이 주식이 아닌 나라는 어떻게 사나요?


다이어트는 다이어트 할 생각 하면 스트레스 받으면서 할 수 밖에 없어요
그냥 탄수화물, 밀가루만 안드셔도 반은 성공합니다.

그리고 야채 많이 먹으면 살찐다고요?
사람이 야채를 많이 먹어봐야 1키로도 안먹어요
코끼리가 채식이지만 하루에 100키로 넘게 먹으니까 살이 찌는거예요

채식 많이 드세요 배 터지게 드세요 괜찮아요",0,2023-11-06T18:10:21Z
@Mc-uf1fl,복권은 아니지만 아프지 않게 살자 ㅠㅠ,0,2023-11-06T18:05:46Z
@junmin1207,이정도 의지라면 뭘 해도 진짜 다 성공할거에요,0,2023-11-06T17:42:32Z
@AnilgubTa,"진짜 대단하시네요 ㄷㄷㄷㄷ 그동안 고생하셨고, 앞으로도 하실 고생을 응원합니다 ㅠㅠ",0,2023-11-06T17:29:54Z
@100호-o3j,살빠지니까 미모가,0,2023-11-06T17:23:47Z
@죠크박-h1s,존경합니다 정말! 유지어터가 되어보아요+,0,2023-11-06T17:16:46Z
@zodjrbfdd,76키론데 왜 예쁨?,0,2023-11-06T16:56:41Z
@얌얌트리-i6d,고도비만에서 고도란 글자가 없어졌네요 앞으로 비만 이란 글자도 없어지길 응원 합니다.,0,2023-11-06T16:54:02Z
@여하나썰고-f3t,20키로만더빼세요,0,2023-11-06T16:50:08Z
@감자-q9l2e,와……………….;;;;,0,2023-11-06T16:50:05Z
@앞으로한걸음,역시 최고의 성형은 다이어트다.,0,2023-11-06T16:49:19Z
@memenkim,"고생하셨네요.  예뻐요
유지도 중요하겠죠 ?
저도 건강관리로 살빼면서
마음을 다르게 먹고있습니다.
그 계절에 나오는 탄수화물 단백질을 정해서먹습니다.
감자, 고구마, 옥수수, 양배추, 콩나물, 바나나, 사과, 토마토, 두부, 닭가슴살, 계란 이 저의 주식이라고 마음먹었어요
자극적인 음식들은 그냥 내 인생에 이제 끝이다 하고 살고있습니다.",0,2023-11-06T16:39:40Z
@yasbabe,더 빼,0,2023-11-06T16:36:13Z
@미스터홍-u9s,우와.. 수박,0,2023-11-06T16:31:42Z
@user-be2ru9su3e,여성시대 이런데서 보고 배워야되는데ㅋㅋ대단하심,0,2023-11-06T16:30:26Z
@그냥주지,최고의 성형 = 다이어트,0,2023-11-06T16:28:51Z
@taeyang94,결혼하고싶어요,0,2023-11-06T16:17:45Z
@TY-rq2qv,와 가슴 안빠지는거 축복이다ㄷㄷ,0,2023-11-06T16:10:26Z
@Zustkarin,정말 노력하셨네요. 응원하겠습니다🎉🎉,0,2023-11-06T16:09:39Z
@Hahihi-nana,와 복권각이시네요 인간승리 하셨어요,0,2023-11-06T16:09:23Z
@기운-t2x,잘했다,0,2023-11-06T16:08:39Z
@정동석-l7q,사람됬네요,0,2023-11-06T16:05:08Z
@라잌-r7b,뚱녀에서 육덕으로 바꼈노,0,2023-11-06T16:01:47Z
@드럼통타이거-m2c,숫가락 들고 있는 저때 입술 벌에 쏘였나요?? 40kg 감량 쉽지 않았을 텐데 의지가 대단하시네요. 힘들게 감량한 만큼 유지 잘 하시길... 10년 전에 32kg 뺐다가 지금 다시 돼지가 되었네요...,0,2023-11-06T15:59:22Z
@lunar-mare-0100,인간승리 🎉🎉,0,2023-11-06T15:41:05Z
@skdjwidk999,와...장난 아니다 더 빼시면 너무 인기 많아지시겠네..ㄷㄷㄷ,0,2023-11-06T15:26:56Z
@gogo-let-s-go,진짜 이런게 인생성공이지,0,2023-11-06T15:22:42Z
@mcolm1721,오 ㅋㅋㅋㅋ엄청나네 대단한데 40을 빼다니,0,2023-11-06T15:18:29Z
@user-hyeongjin,no regret 은 안했나요?,0,2023-11-06T15:15:24Z
@용용-p1h,선곡 센스 좋네,0,2023-11-06T15:14:35Z
@sikie2112,와........,0,2023-11-06T15:11:12Z
@sexyminjun,40kg 빼신거 대단하시네요🎉 대단하긴하지만 70도 돼지과에 속하는 데에다가 좀 더 빼야 예쁘실거같으니 자뻑에 빠지지 마시고 더 빼시길,0,2023-11-06T15:05:03Z
@곰장어냠냠,파이팅입니다,0,2023-11-06T14:49:36Z
@Holymolygwa,저도 군대 전역후 40키로 찌고 반쯤 포기하며 살고 있는데 영상보고 용기를 얻습니다 감사합니다,0,2023-11-06T14:48:47Z
@jamespark9914,와 최고,0,2023-11-06T14:47:10Z
@썬연료-j6f,글래머시네요,1,2023-11-06T14:43:54Z
@이구범-p3h,다이어트 많이 힘들었을거에요 당신을 응원합니다 화이팅!!!,0,2023-11-06T14:41:20Z
@user-KIM0,와 진짜 멋있으세요,0,2023-11-06T14:37:28Z
@letmefly_7839,"4키로도 지금 못 빼서 이러는데 존경스럽습니다,,,",0,2023-11-06T14:30:54Z
@제리-q5g,의지가 멋져요 ! 원하시는 목표까지 달립시다~🎉🎉,1,2023-11-06T14:30:29Z
@조동,ㅅㅂ 막짤 ㅈㄴ이쁘네,0,2023-11-06T14:24:52Z
@안녕-e6o5p,👍🏼👍🏼👏🏼👏🏼👏🏼👏🏼👏🏼,0,2023-11-06T14:19:03Z
@팝독,언니 모야...  빠질곳만 빠진것같아,0,2023-11-06T14:18:27Z
@이민우-l7g,와 씹.. 존나 대단하시네요..어케했지 진짜,0,2023-11-06T14:16:57Z
@리스토리,멋있어요!,0,2023-11-06T14:07:13Z
@phj548,"자신과의 싸움에서 이겨낸 모습 멋져요 
전 모습은 귀엽고 현재 모습은 건강미 넘쳐요!

이쁜 것도 좋지만 건강을 우선적으로, 내 몸 건강을 위해 운동하는 당신이 되었으면 좋겠습니다😊
응원해요!",0,2023-11-06T14:01:51Z
@naju5364,살빼니까 행복하시죠? 아주 잘하셨어요~,0,2023-11-06T14:01:06Z
@Missgotothehome,정말 대단하십니다ㅜㅜ 멋지십니다,0,2023-11-06T13:53:44Z
@븨바,리스펙,0,2023-11-06T13:52:35Z
@1547-b6s,뚱뚱하든 뭐든 인생에서 노력하는 사람을 욕하는 사람은 없다 그자체로도 대단한것👍🏻,0,2023-11-06T13:45:21Z
@크리스피크루아상,외형 보다도 건강을 생각해서 너무 잘빼신것 같아요!! 얼마나 노력하셨을지..😢 좋은 결과를 만든 모습이 너무 아름다우십니다!!😊,0,2023-11-06T13:44:20Z
@Hwangcool,화이팅,0,2023-11-06T13:42:00Z
@hyunjincho2129,진짜 멋있습니다 이쁘시구요 고생하셨습니다 bb,0,2023-11-06T13:26:50Z
@강동원-r4u,로또 3등정도까지는 된듯,0,2023-11-06T13:21:19Z
@룰루랄라-f2v,딱 20만 더빼보세요 건강하게 인생이.달라질거에여,1,2023-11-06T13:12:52Z
@saka1747,와........ 대단하네요 그냥 감탄하고 갑니다...,0,2023-11-06T13:07:03Z
@Danny_Gandalf,우와 대단하십니다 ㄷㄷ 지금도 이쁘시지만 체중 더 줄이시면 상상도 못하겠네요😊,0,2023-11-06T12:47:30Z
@tirase2324,와 건강해보여요..  귀엽네요,0,2023-11-06T12:43:51Z
@theghost3455,멋져요~,0,2023-11-06T12:42:46Z
@ikoko4014,와 고생 하셨습니다🎉,0,2023-11-06T12:37:10Z
@korea3399,"그래도 뚱땡이야
그리고 이쁜척하지마 개못생겻구만",3,2023-11-06T12:32:21Z
@Terry_De_Black,자 30 더 빼고 레젼드 ㄱ ㄱ ❤,0,2023-11-06T12:31:55Z
@몽9,인간승리다 진짜 멋집니다,0,2023-11-06T12:31:33Z
@eatboy,응원해요,0,2023-11-06T12:27:06Z
@jalya.-_-,아니.. 살아있네,0,2023-11-06T12:24:28Z
@극세사다리,진짜 최고의 성형은 다욧!,0,2023-11-06T12:22:33Z
@JOHNMANGLOOPY,존예ㄷㄷㄷ 다이어트 화이팅입니당👍,0,2023-11-06T12:21:08Z
@_yeseo.04,와 내가 지금 40kg을 빼면4kg인더 저두 살 빼고싶어요 ㅠㅠ 살뺄수있는 비법이 머ㅓㄴ가요? ㅠㅠ,0,2023-11-06T12:17:01Z
@옹구-w9r,ㅎㅇㅌ,0,2023-11-06T12:14:13Z
@Jjjjjjay893,진짜 대단하시네요 😊😊😊ㅎ,0,2023-11-06T12:13:50Z
@biiyoung2,고생했겄네,0,2023-11-06T12:08:42Z
@clubsky2,화이팅❤❤❤❤,0,2023-11-06T12:03:39Z
@체교사,최고의 성형은 다이어트!! 굿쟙!,1,2023-11-06T11:59:30Z
@kang0lman,눈나…,0,2023-11-06T11:57:37Z
@user-cy3dh1yn1t,진짜 대단하십니다......,0,2023-11-06T11:57:04Z
@congmouse,저도 지금 진짜 너무 쪘는데.. 자극 받고 갑니다!! 나중에 저도 꼭 빼서 유튭 갑니다.....!!,0,2023-11-06T11:56:39Z
@what2do-z1w,살 트신건 어떻게 해결하셨어요..?ㅠㅠ,0,2023-11-06T11:49:11Z
@장미경-b7m,응원합니다  화이팅!!,0,2023-11-06T11:46:54Z
@최지훈-j4t,좀만더....,0,2023-11-06T11:43:57Z
@myuongmyaong3663,거기서 30키로만 더.. 화이팅,0,2023-11-06T11:39:23Z
@Bbbnmbm,어메... 속옷 어디꺼 입으시는지 궁금하네요ㅠ,0,2023-11-06T11:33:56Z
@바다진주91,아 씹.. 나도 살빼야하는데이래놓고 하루노력하는척 하고 때려침..,0,2023-11-06T11:33:33Z
@siizuka,즁말 대단하시네요 멋지십니다,0,2023-11-06T11:30:18Z
@gong90,많이.이뻐지셨네!,0,2023-11-06T11:30:14Z
@동하-q5k,섹시해짐,0,2023-11-06T11:26:48Z
@사랑곰-e7e,"원래도 이쁘시네요 살 안 빼도 되는데요
수고하셨습니다",0,2023-11-06T11:23:58Z
@yeonho__07,누나 통통하니 귀여우네요 ㅎㅎ,0,2023-11-06T11:14:15Z
@DemonSultan_Azathoth,40kg감량했는데 바스트는 지켜씅ㅁ ㄹㅇ 승자다..,136,2023-11-06T11:12:56Z
@ekemslov3,진짜 다이어트가 최고의 성형이라더니,0,2023-11-06T11:11:01Z
@Ok-q4m,와 실패한복권을 긁을려는 용기..대단,4,2023-11-06T10:59:52Z
@ittiitti-n2y,나는 살빼도 별로야 하면서 안 빼면 거기서 부턴 사람 취급 안하지 그냥 돼지새끼고 적정한 몸무게를 가지고서부터 어떻게 이뻐질까 멋있어질까를 고민해라 제발..,0,2023-11-06T10:58:47Z
@りこたん-r2t,대박,0,2023-11-06T10:57:32Z
@TV-vs5lu,역시..운동이 좋은겨,0,2023-11-06T10:53:10Z
@팩폭용,올~~~~~~~~~~!!!!!!!!!!!!!! 끝이 보이네요!!! 많이 더 화이팅!!!!!!!!!!!!!!!! 화이팅!!!!!!!!!!!!!!!!!!!!!,0,2023-11-06T10:51:01Z
@honeymwwn,대단하세요....😢❤ 왠지 스스로 반성하게 되네요..ㅎㅎ,0,2023-11-06T10:50:15Z
@date-2,통통하실때도 화장이쁘게 잘하셨네요,0,2023-11-06T10:25:57Z
@Luxiohei,와 살발하네요,0,2023-11-06T10:22:59Z
@이승준-s8p,엏케 뺏을까 대단하다,0,2023-11-06T10:22:33Z
@괜찮아사랑이야-q3t,수고하셨습니다 i am 리스펙이에요,0,2023-11-06T10:16:10Z
@크루룽-j1u,육덕 품미쳤다,1,2023-11-06T10:07:38Z
@鵝呵呵,"The amazing thing is that after losing weight, you still have the advantages you had when you were obese.😮❤",0,2023-11-06T10:04:15Z
@권정욱-u6r,대단하다,0,2023-11-06T10:01:34Z
@이종범-i9e,고생많으셨습니다. 앞으로 더 화이팅입니다,0,2023-11-06T10:00:08Z
@yongseungjoo6152,자극받고 갑니다!,0,2023-11-06T09:55:50Z
@이성현-d1n,아 나도 살빼야하는대....... 마음이.안먹어지는대...대단하세요,0,2023-11-06T09:50:42Z
@Mae_Burial,난 왜 116Kg때가 더 예뻐보이냐,0,2023-11-06T09:30:19Z
@Nothx_,"지금까지 친했던 맛있는 음식들과 멀어지고 
관심도 없고 재미없는 운동과 친해지기가
얼마나 어려운지 잘 알고있습니다 리스펙...",0,2023-11-06T09:28:50Z
@UKGRADE,와...필요없는 부분만 쏙쏙 빠지셨네...,0,2023-11-06T09:27:01Z
@yee1784,정신력 멋지십니다!!!!!!!,0,2023-11-06T09:25:15Z
@김경민이-l7r,오 노력하는모습 좋습니다❤,1,2023-11-06T09:18:40Z
@아리아사,95키로 - 67키로 감량 해봤습니다. 훨씬 힘들었을텐데 축하해요. 고생했어요. 😊,0,2023-11-06T09:09:31Z
@Sunday64-y9u,우와... 40kg감량... 진짜 개멋있다...,0,2023-11-06T09:08:19Z
@KamienieLapis,남자가좋아하는그런몸이되셧네요,0,2023-11-06T09:01:32Z
@예삐아빠-v5t,고생하셨어요,0,2023-11-06T09:00:28Z
@범수손-c3h,축하요🎉,0,2023-11-06T08:46:43Z
@토리-h1c,더 홧팅입니다 충분히 이뻐지실거 같애요,0,2023-11-06T08:40:05Z
@딜리트-c3t,진짜 마음먹기 엄청힘든데 40키로를 빼셨다니....대단하십니다 다른 유튜브나 숏츠보면 뚱뚱한사람 얇아보이게하는 옷 이러면서 옷으로 커버할려고하는데 너무 멋지십니다,0,2023-11-06T08:37:02Z
@전준호-m6v,"40키로 뺐는데
앞으로 20키로도 못빼겠어요
화이팅~",0,2023-11-06T08:36:23Z
@이창호-q6q,고생많으셨습니다,0,2023-11-06T08:27:41Z
@ssgneo2289,응 더해 .. 아직아니야,0,2023-11-06T08:18:50Z
@Aasdd221,니여친에서 내여친으로 ㄷㄷ,0,2023-11-06T08:17:24Z
@cat_man0429,언니 부럽다 나는 다이여트하니깐 가슴살도 같이 빠지는데 언니는 가슴살 안빠져서 부럽다..,0,2023-11-06T08:11:47Z
@I-I_H-LI,진짜 대단한거지만 여기서 만족하면 안되는거 아시죠? 더 열심히해서 여신 되봅시돠,0,2023-11-06T08:10:39Z
@정윤-k5q,"다이어트하는 사람으로써 진짜 존경스럽다..5키로 10키로 빼는것도 힘들어 죽겠는데 40이라니..앞으로 유지 잘 하시고 건강한 몸에 건강한 생각이 깃든다니
인생에서도 행복하시길",0,2023-11-06T08:09:24Z
@김기석-e3e,76까지만 유지하세요❤  어익후 남자인 저보다 높으시네,1,2023-11-06T08:08:36Z
@hongminlegend1136,대단쓰   ㄷㄷㄷ,0,2023-11-06T08:07:44Z
@meimi7093,ㄷㄷ 진짜 예쁘시넹,0,2023-11-06T08:07:23Z
@김채은-z9b,진짜 대단하십니다❤,0,2023-11-06T08:05:50Z
@happy-e1t9g,와..,0,2023-11-06T08:03:26Z
@panda판다,정말 멋있으십니다 그 마음 항상 잃지마시고 앞으로 좋은일만 있기를 바라겠습니다 화이팅!,0,2023-11-06T08:01:22Z
@kokoromoyas,복권은 아닌걸로,0,2023-11-06T07:57:50Z
@fayettela,와 복권이시네요,0,2023-11-06T07:53:27Z
@배상훈-p2u,20키로 더!!! 그러면 여신되십니다,1,2023-11-06T07:50:14Z
@강대성-x9g,당첨된 로또네,0,2023-11-06T07:49:24Z
@타이슨-s1l,저도 155kg까지 나갔다가 89까지 뺐는데 얼마나 고생하셨을지 너무나 이해됩니다 앞으로 좋은일만 가득할거에요ㅜㅜ,0,2023-11-06T07:41:32Z
@min-l4w,더 빼라,0,2023-11-06T07:37:28Z
@xhdgkq,앞으로도ㅎㅇㅌ,0,2023-11-06T07:37:25Z
@Dyskido,30키로 더빼셔야할듯,0,2023-11-06T07:27:49Z
@정콩,저도 120까지 쪘다가 드디어 두자리 돌입했는데 동기부여가 됩니다,0,2023-11-06T07:26:05Z
@비상공동경비구멍,빼기전에도 미모가 좋으셨네..,0,2023-11-06T07:24:37Z
@yomiseon9510,고생했는데 더빼라,0,2023-11-06T07:18:04Z
@skavjs9,더빼,0,2023-11-06T07:15:22Z
@김유찬-h9k,외모나 몸매는 하나도 상관없이 오직 건강만을 위해서라도 유지해주세요. 건또건입니다,0,2023-11-06T07:07:32Z
@neikri_4218,👏👏👏 저도 요즘 다이어트 중인데 힘 얻고 갑니다! 멋있으세요!,0,2023-11-06T07:03:06Z
@leebum842,남은 튼살은 인간승리했다는 자랑스러운 문신,1,2023-11-06T06:57:01Z
@mc_Roh663,사람ㅅㄲ 아니었네요 ㅋㅋㅋ 근데 지금도 ㅆ돼지같은데 필터로 최대한 가리려는거 역겹네요... 더 빼세요,0,2023-11-06T06:50:02Z
@tv-wh6ww,회원님 오늘은 허벅지 운동 하리께요,0,2023-11-06T06:49:59Z
@d-3-bii,정말 이뻐졌네요 멋져요❤,0,2023-11-06T06:49:43Z
@TV-ry2eo,"초고도비만이 살을 빼면 대다수가 가슴이랑 엉덩이는 이상적인체로 이쁘게 빠지네
역시 인류에게는 영양결핍보다 영양과잉이 더 중요하다",0,2023-11-06T06:47:38Z
@고현진-q5p,예쁘다 ❤  역시 최고의 다이어트는 운동,1,2023-11-06T06:46:36Z
@sparkling_,언니 너무 멋있다...멋있어요❤❤❤,0,2023-11-06T06:40:26Z
@할롱-m6p,와... 당신의 끈기에 박수를 보냅니다.!,0,2023-11-06T06:23:38Z
@Hinsaka,응원합니다 와 멋지심,0,2023-11-06T05:57:41Z
@blee8893,비만은 질병으로 분류되기때문에 스스로 극복하는게 굉장히 어려운데 많은 노력이 보이네요 정말 멋지십니다!,0,2023-11-06T05:57:33Z
@Nolove0991,우리는 모두 존귀하고 소중한 존재에요 응원 합니다 파이팅~!!!,0,2023-11-06T05:51:23Z
@구을이네,~이뻐질려고 다이어트를한다면 인생에 실패야 다이어트는 건강해질려고하는거야,0,2023-11-06T05:48:59Z
@dokgodie18,"고생하셨습니다.
당신은 노력에 존경을 표합니다",0,2023-11-06T05:46:47Z
@mylovekkonnim,긁지 않은 로또,0,2023-11-06T05:36:12Z
@xoxocoffe1224,와우😮 대단하셔,0,2023-11-06T05:13:01Z
@장귀성-q4r,"와 4키로도아니고 40키로;;;;어나더레벨...
고생많으셨습니다!!!!!",1,2023-11-06T05:01:48Z
@영상유포자,멋지다,0,2023-11-06T04:49:54Z
@Synthesis783,와 대박..남자분들의 워너비 몸매신데요...ㄷㄷㄷㄷ  살 빼시느라 힘드셨을텐데 진짜 고생하셨어요 의지 대박..본 받아야겠네요,0,2023-11-06T04:43:33Z
@이재훈-w2i9e,개멋있네...ㄷㄷ,0,2023-11-06T04:23:26Z
@꽝조사-g9p,멋있다! 건강하세요😊,0,2023-11-06T04:09:27Z
@ckdrbtm1,최고으다,0,2023-11-06T03:51:04Z
@Sirius-the_Dog_Star,"축복받은 유전자네요
빠질곳만 빠지는",0,2023-11-06T03:49:05Z
@서랍장-l4c,진짜 대단하시네 동기부여 얻고 갑니다😮😮😮,0,2023-11-06T03:41:01Z
@hyg5896,"대박이다..
공개하는것도 빼는것만큼 쉽지않았을텐데.
진짜 존경스럽고 멋있으세요
이만큼도 정말 잘하신거니 너무 무리하지않는 선에서 꾸준히 유지+감량 하시길 응원하겠습니다!",1,2023-11-06T03:40:41Z
@Zail-,진짜 육덕 미쳤다,0,2023-11-06T03:30:47Z
@리더-q1v,다이어트 효과... 엄청납니다 와우,0,2023-11-06T03:25:22Z
@loveJM-ou7yn,와 20만 더 빼면 진짜 여신 되겠는데요?,0,2023-11-06T03:22:46Z
@Temu출신방글핑,진짜... 다이어트가 최고의 성형맞다,0,2023-11-06T02:59:43Z
@Hc지상주의,"미드만 10키로 이상이다
개크네",0,2023-11-06T02:59:05Z
@고니-f1s,30키로 더 빼셔야될듯,0,2023-11-06T02:55:13Z
@ehtlfkr,와 40키로를 어떻게??..대박이다..,0,2023-11-06T02:42:46Z
@menoi1682,당첨같은데요..?!🎉🎉,0,2023-11-06T02:38:57Z
@peterseo4554,마.대단하노,0,2023-11-06T02:29:44Z
@mutantdesign9346,고생하셧네요 지금도 충분히 건강하고 아름다우세요 너무 무리하게 빼지 안으셨으면 좋겠습니다 여성분들이 생각하시는 것보다는 덜빼는게 더욱 좋아 보입니다,0,2023-11-06T02:12:27Z
@zimie-yo,졸귀탱이다♡1둥복권이였네요 ㅎㅎ,0,2023-11-06T02:08:56Z
@MidsummerTV,홧팅!!,0,2023-11-06T01:57:14Z
@시댕이-z1e,"와.....대단하네, 와.....",0,2023-11-06T01:56:11Z
@영화광-g8r,와 안긁은 복권이셨네,0,2023-11-06T01:55:57Z
@Super-300k,이제 쫌만더 커팅하면 ㅈㄴ이쁠듯,0,2023-11-06T01:47:11Z
@Jonber_Gum,엄청나시군요...😮 앞으로 좋은일만 있으시겠네요 ㅎㅎ ❤,0,2023-11-06T01:34:00Z
@user-gl6lt2ni2t,내 스타일♡,0,2023-11-06T01:28:31Z
@루이비똥-q7o,아직멀었음😊,0,2023-11-06T01:19:59Z
@구이산적,와.... 대단하다,0,2023-11-06T01:14:07Z
@RoeUi,응원합니다,0,2023-11-06T01:11:55Z
@shm6012,다이어트가 정말 좋은 성형수술이네..,0,2023-11-06T01:07:10Z
@박종현-g9j,의지가 부럽습니다 대단한 분입니다,0,2023-11-06T01:01:41Z
@dge4165,대단하십니다 기운받아갑니다,0,2023-11-06T00:54:49Z
@쌈자-c3g,160/143까지쪘다가 78됐슴다 농양과 갑상선치료때문에쪘다가 치료마치면서빠지고 다이어트하면서가속붙은거긴하지만 빠지니까 좋습니다! 다이어트인구들 같이힘내서 내년여름 다같이 비키니입어요!!,0,2023-11-06T00:49:14Z
@스머프-g5e,뭐야 개이쁘네..?,0,2023-11-06T00:36:42Z
@byung12,보석 잘 캐고 계시네요! 홧팅입니다!,0,2023-11-06T00:34:21Z
@chosenhell584,40키로만 더빼면 되겠네요~! 미인이실듯~!,1,2023-11-06T00:25:39Z
@Wolk_Ly,와 정말 대단하세요 👍👍👍,0,2023-11-06T00:21:08Z
@johnkopp-v8e,개멋있네,0,2023-11-06T00:09:21Z
@seapearl.18,진짜... 대박 멋지다 앞으로 행복하시길 :),0,2023-11-06T00:02:05Z
@조땡입니다-c1n,"로또였어 2등당첨 축하드려요
조금더 긁으면 로또1등 되실듯",1,2023-11-05T23:41:24Z
@성이름121,두상자체가 골격에 비해 엄청작으시네 더 빼시면 진짜 난리날듯,0,2023-11-05T23:31:52Z
@Pink_GGuRi,"다이어트는 누구나 하지만

진짜 끈기를 가지고 저렇게 많이 빼는건
누구나 할수없는건데 ~~~

_너무 멋지고 훌륭하네요^^진심으로 응원합니다!!_
👏👏👏👏👏👏👏👏",0,2023-11-05T23:13:33Z
@즐거운카카오,저도 45kg를 빼봤는데 인생이 달라집니다. 뚱뚱하다고 모라 하는 주변사람을 탓하지 말고  노력해서 빼보세요. 뚱뚱한 사람을 좋게 보는 사람은 없습니다.,7,2023-11-05T23:08:25Z
@세종시도발남,"응원합니다 사람 뚱뚱하던마르던 건강이우선 인거죠
화이팅입니다 운동. 열심히 하시고요건강에좋운 음식섭치 해주세요.   저도 이번년도 목표가 100키로인데",0,2023-11-05T22:51:21Z
@주니지니-h6f,와 진짜 의지 대박이시다,0,2023-11-05T22:35:54Z
@하쿠나마타타-x9r,진짜개더럽다,1,2023-11-05T22:31:50Z
@지구-l9x,"진짜 인간승리....👍 대단하세여!!
조금
더 욕심부리셔도 될거같아요",0,2023-11-05T22:08:25Z
@무이-m6h,수고하셨습니다. 하지만 만족하는 순간 성장은 멈추고 다시 퇴보합니다. 경각심을 잊지 말고 파이팅 하세요 :),0,2023-11-05T22:02:53Z
@욥입돵,와 멋지네요,0,2023-11-05T21:59:10Z
@Maniman789,초고도비만이면 걍 한끼만 안먹어도 빠지는거 아닌가...,0,2023-11-05T21:56:37Z
@Honeydick4U,저렇게 찌기도 힘들었을텐데 어휴…빼고도 70대 ㅜㅠ,0,2023-11-05T21:54:35Z
@아닐걸,진짜 한 마디만 하고 싶다...고생 많으셨어요ㅎ,0,2023-11-05T21:44:20Z
@ettSIMBOL,"나이들면 100프로 돌아가게 됩니다..
젊을때 관리하면서 많이 즐기세요..
단지 운동만 하는건 의미없어요..",0,2023-11-05T21:26:10Z
@하나님의자녀희정,"와~축하드려요
근데 어떻게 빼셨나요?저심각합니다",0,2023-11-05T21:23:52Z
@sldoe129,갑자기 사람이 반쪽이됐어!,0,2023-11-05T21:11:55Z
@happiniq,의지에 박수❤   저도 20키로감량 성공~,0,2023-11-05T20:13:52Z
@user-vv1ir6co8v,30 더 빼셔야할듯,1,2023-11-05T19:49:47Z
@김군나-i5j,엄청 신한 이에요,0,2023-11-05T19:48:07Z
@김군나-i5j,다이어트 할 건가요 너무 뚱뚱해요,0,2023-11-05T19:47:44Z
@김군나-i5j,❤,0,2023-11-05T19:47:19Z
@hanb.s7808,고생했다~~~~😊,0,2023-11-05T19:32:52Z
@picnic3521,와... 인간승리다,0,2023-11-05T19:31:42Z
@rellpell5402,"진짜 인간승리다...정신력자체가 
대단하다...앞으로가 더 기대된다ㅎㅎ",0,2023-11-05T19:22:42Z
@만둥-p7t,멋집니다 그러나 아직도 뚱뚱하긴하네요 힘내세요,2,2023-11-05T19:18:02Z
@알빠노-m7o,더 빼라,1,2023-11-05T19:12:47Z
@youngK123,눈나..♡,0,2023-11-05T19:07:30Z
@강럭키-p6i,20 킬로 더 쳐 빼라 돼지 맘모스같은것아.남자인 나보다 몸무가게 더 쳐나가네,0,2023-11-05T19:04:45Z
@칸타타-d6q,빼기 전에도 이미 졸라 귀엽잖아…,0,2023-11-05T18:27:55Z
@geonjaelee9516,진짜 너무너무너무 멋져요!!,0,2023-11-05T18:19:39Z
@송이쁨-g3s,제발저도 도와줘ㅇ요ㅠㅠ 전 몸무게더나가요ㅜㅜ😢,0,2023-11-05T18:13:38Z
@nogarisoju,다이어트는 최고의 성형,0,2023-11-05T18:05:29Z
@느긋한토끼-u1s,와 이건 복권당첨인데요?!,0,2023-11-05T18:00:28Z
@Garden_Lee32,살빼셧는데 가슴은 안빠지신게 축복이네염 훨 예쁘세여 쪼굼만 더 빼세여,0,2023-11-05T17:57:37Z
@냐옹냐옹멍멍-s2p,대단하십니다 👍👍👍👍👍,0,2023-11-05T17:39:39Z
@CMY_K,멋있네,0,2023-11-05T17:24:43Z
@광대-r5u,20키로만 더빼자,0,2023-11-05T17:23:05Z
@개굴개굴올챙이,와 인간승리다.....어떻게 빼셨어요??? 의지가 진짜 대단 ㅠㅠ,0,2023-11-05T17:21:12Z
@rewqqwer9783,"저걸 계속 유지하면 좋겠지만 

우리 몸은 한번 졌던 그 모멘텀을 계속 기억해서 저런사람들은 방심하면 그냥 훅찜

그래서 진짜 체질 잘타고 난사람이 복받은거

근데 이분은 이목구비는 타고나신듯",0,2023-11-05T17:10:26Z
@뚱이짱눈이,지금은 비만 이군요,0,2023-11-05T17:07:12Z
@ChrisKCho,역시 최고의 성형은 다이어트가 맞군요 진짜 사람이 달라 보여요!,0,2023-11-05T16:48:35Z
@덕소리5형제,대단하십니다~,0,2023-11-05T16:47:02Z
@Hee-s2k,긁진 않은 복권  당첨이었구나 😮,0,2023-11-05T16:23:34Z
@반짝반짝우기,"오홋
가슴 볼륨은 남겨 두셨네요
최고최고",0,2023-11-05T16:17:58Z
@alwaysoldout,그래 이거야! 노력하는당신! 정말 멋지고 존경스럽습니다!,0,2023-11-05T16:02:40Z
@머요-w3o,저도 18키로뺐을때 진짜 힘들었는데 40키로라니 진짜대단하세요 막 살빠지는모습보면 즐겁고 주위에서 알아주니까 더하고 그랬던거같아요 목표몸무게까지 화이팅하세요!,0,2023-11-05T16:00:57Z
@Ugcucu-v2l,언니 빼건 안 빼건 문제가 아니야 언니 개 이뻐,0,2023-11-05T15:59:26Z
@유튜브망령-x9i,시발 풍자 ㅋㅋㅋ,1,2023-11-05T15:56:55Z
@최문근-b1d,"진짜 감도안잡히네
얼마나 고됨을 참아냈을까
진짜 whssk 대단함... 리스펙",0,2023-11-05T15:54:19Z
@nickname8611,리스펙,0,2023-11-05T15:46:46Z
@Teammonk1p0x,그래 빼니까 얼마나 좋아 !,0,2023-11-05T15:43:35Z
@kimqzgy9689,진짜 멋지십니다,1,2023-11-05T15:36:56Z
@oooh_ing,대단하십니다! 이제 40감량 말고 40키로대 가즈아~!,0,2023-11-05T15:29:41Z
@김송련-q7z,뚱뚱하면 확실히 못생겨지는거같아 살빼면 성형한거같아😂😂😂,0,2023-11-05T15:26:27Z
@노을-h1y,대다나다,0,2023-11-05T15:15:08Z
@냥냥조니뎁,가슴은 시발 안빠졋내요..❤,1,2023-11-05T15:04:38Z
@모쥬-l4h,와....멋있다,0,2023-11-05T15:03:44Z
@stainway,80도 엄청 돼지입니다. 여기서 숏츠만들어 올리고 ㅈ1ㄹ거리면서 만족하지말고 더빼세요.,3,2023-11-05T15:01:04Z
@tam-oz7oo,와우 인생 역전 ~,0,2023-11-05T15:00:34Z
@stainway,아직 더 빼세요,0,2023-11-05T15:00:18Z
@lotto2024,청주다!,0,2023-11-05T14:58:40Z
@reminiscingabout,늘 멋져보이세요 대단하십니다!!!! 다이어트하시면서 피부는 괜찮으셨나요? 넘 좋아보여서요!!,0,2023-11-05T14:58:02Z
@AJ-rv2ch,대단쓰!!,0,2023-11-05T14:55:36Z
@jihaeng1120,110키로에서 80키로까지 뺌 6개월 걸렸네요,0,2023-11-05T14:55:25Z
@caonima4444,와...보소,0,2023-11-05T14:54:01Z
@tkgh1975,"와 
넘이뻐요",0,2023-11-05T14:45:23Z
@오슬희,최고의 성형은 다이어트가 확실히 맞네요ㄷㄷ,0,2023-11-05T14:44:54Z
@NIKOLA-m4l,"76인데도 엄청 예쁘시네요 
조금만 더 빼셔도 확 달라지실듯",1,2023-11-05T14:40:55Z
@IlIliliajse1l,화이팅,1,2023-11-05T14:38:39Z
@한얼-k1s,졸라  멋있네,0,2023-11-05T14:36:59Z
@gojo-n4i,뭘해도 성공하실분이네,0,2023-11-05T14:35:24Z
@김감찬-q6d,약간 엄지윤 닮음,0,2023-11-05T14:25:55Z
@minwoo1212,존나 멋있다,0,2023-11-05T14:18:12Z
@김시헌-k9h,정수리를 보이며 존경을 표합니다,0,2023-11-05T14:14:31Z
@괴녀루팡,"유지 꼭 하시기 바랄게요
빼본 사람만 아는 그대의 고됨❤❤
응원합니다",1,2023-11-05T14:01:37Z
@해들링,진짜 멋지시다 얼마나 다이어트 더 진행중이신 건지는 모르겠지만 건강 잘챙기세요~,0,2023-11-05T14:01:35Z
@scvorob2,원판불변 ㅋㅋㅋㅋ,1,2023-11-05T13:51:35Z
@kimsalge,"138에서 64까지 6년정도 걸려서 다이어트해봤는데...
주변에서 살찐애들은 잘빠진다
숨만 쉬어도 빠진다

그러는데...절대 쉽지 않습니다.

빠르게 급하게 빼면 요요 올수도 있으니
길게 보고 천천히 건강하게 빼십시오

고생 많았어요.",4,2023-11-05T13:51:12Z
@니코장인-t9y,76도 비만아닌가,0,2023-11-05T13:49:11Z
@노랭잉,❤,0,2023-11-05T13:39:48Z
@이정식-k3e,귀엽네요❤❤,0,2023-11-05T13:36:28Z
@user-xu2tu6dm8u,와..피지컬 개지린다..,0,2023-11-05T13:35:36Z
@andreyim,매력있으시네 멋지십니다!,0,2023-11-05T13:35:35Z
@예준-j8d,만족하지말고 더빼면 ㄹㅈㄷ될듯,0,2023-11-05T13:35:03Z
@user-up6zp5ec19,대단하십니다. 정말 고생많으셧습니다. 혹시 질문에 성적 또는 여성 비하 아닌데요. 살이빠질데 가슴살도 많이 빠지나요? 기분이 나쁘셧다면. 신고 하셔도 ㅠㅠ 진짜 궁금해서... 죄송해요.,0,2023-11-05T13:22:42Z
@20centuryboy,박수!!!,0,2023-11-05T13:17:35Z
@Jenya7671,건강하고 이뻐보이네요 화이팅 하세요,0,2023-11-05T13:15:53Z
@귀남핑,너무예뻐요😊,0,2023-11-05T13:15:19Z
@이희재-m7m,존경😊,0,2023-11-05T13:07:54Z
@조이코패스,난 다이어트 성공 못하는데..,1,2023-11-05T13:07:41Z
@CatE-od9tc,와 진짜 대단하십니다ㄷㄷ,0,2023-11-05T13:06:27Z
@써윗,진짜 대단하십니다… 좋은 일만 가득하시길 바랄게요😊,0,2023-11-05T12:59:32Z
@눈깔아_1,너무너무 귀엽게 생기셨어요… 다람쥐같아요… 진짜 의지가 대단하세요 전 5키로 빼기두 힘든데… 대단하세요!!!!!!😮😮😮😮😊,0,2023-11-05T12:54:37Z
@ChaParTyTa,예쁨이 서서히 드러나는중~❤,0,2023-11-05T12:51:40Z
@디딤도오올,긁지않은복권 느낌이네요 다이어트 화이팅,0,2023-11-05T12:48:39Z
@mew9824,몇키로까지 빼고 싶으세요? 저도 빼고 있는중이에요 파이팅!!,0,2023-11-05T12:47:36Z
@Taek_life,진짜 대단하다 😊😊😊,0,2023-11-05T12:40:10Z
@Lovewinsall0909,다이어트 영상 브금에 악뮤음악을 까셨네,0,2023-11-05T12:37:46Z
@kairos_01234,대단하시네요!! 어떻게 버티셨나요?,0,2023-11-05T12:25:03Z
@user-dd7lz2ng6k,👍 👍  의지가대단하시네요,0,2023-11-05T12:24:40Z
@알라봉-y3g,늘어진 뱃가죽은 어쩔 ..,0,2023-11-05T12:22:13Z
@닝겐-c4t,네 여친에서 점점 내 여친이 되어가는중...,0,2023-11-05T12:08:32Z
@jiinbro,예쁘노 ㅋㅋㅋㅋ,0,2023-11-05T12:05:32Z
@한진형-w6d,우와 멋져요 이쁘시네!!,0,2023-11-05T12:04:12Z
@니는좀맞쟈,지금만족하면안됨 이제 스타트임 화이팅해서 더 독해지십쇼!,0,2023-11-05T11:56:43Z
@makingadr2am,"배울 점이 많네요....
화이팅👍👍",0,2023-11-05T11:55:23Z
@sangchu282,중간에 루프탑 청주 수암골 오지..!,0,2023-11-05T11:53:51Z
@여름이시러,20키로 더빼시면 좋겠네요 아직도 뚱뚱해요,0,2023-11-05T11:52:48Z
@Star_Pocket-9,"와.
멋지네요
건강 유의 하시고 행복하세요",1,2023-11-05T11:52:14Z
@inbdo6088,대단하네. 넌 성공해라,0,2023-11-05T11:24:21Z
@이도현-l9r,너무 대단하시다.. 저도 기받고 운동하러 갑니다!,0,2023-11-05T11:21:40Z
@종합격투기z,꽤나 인기있던 리즈시절이 있었지만 4년전부터 급격히 찌기 시작해서 지금은 109키로인 남자입니다. 운동 해야지..하는데 그게 안되네요..어떻게 무슨 각오를하든 먹고있고 누워있고..어떻게 해야할까요?..너무 대단하시네요..,1,2023-11-05T11:20:28Z
@mento9813,의지긴 대단한 당신!~응원 합니다^^,0,2023-11-05T11:02:55Z
@tobeperfect187,와 가슴은 안빠지네요 ㄷㄷ,1,2023-11-05T10:59:16Z
@마린마린-i7x,가슴 짱크다..ㄷㄷ,0,2023-11-05T10:58:25Z
@알가이,아따맘마 - 엄지윤,0,2023-11-05T10:58:16Z
@성이름-x4v6q,와 대단하다 ㄷㄷ 40kg 빼기 엄청 힘드셨을텐데,0,2023-11-05T10:52:38Z
@김프로-d3d,살빼시니까 아름다움이 보여요.좀더 노력하시면  엄청나실듯,0,2023-11-05T10:50:40Z
@half_bottle,개멋있다,0,2023-11-05T10:13:00Z
@구름이-l7b,"진정한 인간 승리 이셔요!
매일 자신을 가꾸는 모습이 보기좋고
항상 무리하지말고 화이팅!❤❤❤",0,2023-11-05T10:12:04Z
@반갑다야,살쪘을 때 운동으로 안빼서 가슴 다빠졌어요.. 진짜 부럽습니다,0,2023-11-05T10:06:32Z
@Ucan_change_ID,고생 많으셨습니다.. 앞으로는 좋은 나날만 항상 지속되길,1,2023-11-05T09:34:23Z
@realjjigaegogopanda,너무 멋지고 아름다워요👍👍👍ㅎㅇㅌ,1,2023-11-05T09:34:22Z
@김원준-h1s,자극받고 갑니다,0,2023-11-05T09:08:03Z
@uling-u6r,이분은 다이어트 안해도 예쁘내,0,2023-11-05T08:42:10Z
@Dalhaesol,섹싀,0,2023-11-05T08:34:54Z
@GolfCrazy,족발 미쵸따,1,2023-11-05T08:33:29Z
@다인아트,땀은 배신 하지 않는다  라는 말이 영상으로 나타남 멋있네요,2,2023-11-05T08:26:58Z
@이십년째삼재,멋지시네,0,2023-11-05T08:16:03Z
@울트라수삼-y3c,밥맛떨어지네,1,2023-11-05T08:16:00Z
@장지수-d3j,고생하셧쇼,0,2023-11-05T07:15:09Z
@하오마루-u1j,대단하십니다❤❤❤  그런의욕이면 어디서도 성공하실듯😊,1,2023-11-05T06:26:56Z
@seok00009,아니 바스트는 살이 아니고 타고났네.. 이야 멋지다!,0,2023-11-05T06:26:29Z
@devil_995,대단하시네요~  더욱더 화이팅 하시길~,0,2023-11-05T06:12:04Z
@성원-d8o,혁준아 이분 본받아라,0,2023-11-05T05:42:23Z
@Mo_moogX,와 언니 근성 ㄹㅇ 쩔어요 살 빠지니까 숨겨져 있던 언니의 미모가 드러나네요 ❤ 사실 언니일지 나이대는 알 수 없지만 그냥 대단하니까 언니 ❤❤,0,2023-11-05T05:18:40Z
@제레미-v1b,더빼라,0,2023-11-05T05:17:48Z
@깍두기뽁음밥,리스펙...,0,2023-11-05T04:51:42Z
@o0lzzo-r9r,아직 영상찍어올리기엔ㅋㅋㅋ,1,2023-11-05T04:32:17Z
@Nada-vc3sx,골격이 서양인인데…? 살 뺐는데 허리 잘록에 상체 골반은 그대로인거보면 나중에 진짜 매력적인 서구형 몸매 되실듯,0,2023-11-05T04:21:27Z
@제트맨-s4r,굿,0,2023-11-05T04:11:45Z
@우주별-u2l,너무 멋있다.. 자극받아서 저도 열심히 살빼겠습니다 존경합니다,0,2023-11-05T03:43:25Z
@hide-rockguitar7777,Sexy  best   cute,0,2023-11-05T03:39:56Z
@tae99lee,저 밑단 둥근 반팔티 제품 어디건지 정보 알 수 있을까요?,0,2023-11-05T03:36:22Z
@김막심-n3t,진짜 열심히 하셨는지 저는 잘 가늠할 수 없지만             이영상을 보면서 저도 깨달음을 얻게 돼네요,0,2023-11-05T03:26:41Z
@user-me6gn8mz7n,솔직히 이건 살문제가 아닌듯 ㅋㅋㅋㅋ,2,2023-11-05T02:50:57Z
@챱챱-m6e,이목구비가 뚜렷한거보면 살 빼면 이쁘겠다 생각함,0,2023-11-05T02:44:34Z
@Won_Sik,20만 더빼면 완벽,0,2023-11-05T02:43:12Z
@존만이,댓글 잘 안남기는데 제가 본 유튜브 영상중에 제일 대단하세요 앞으로도 행복하세요,0,2023-11-05T02:42:03Z
@최무석-c7n,"이분 살쪘을때도 이쁘신데..
살빠지셔도 이쁘네요❤",0,2023-11-05T02:29:46Z
@cowboyhansolo,대단하세요! 나도 달리기하러 가야겠다.,0,2023-11-05T02:28:35Z
@ssskkkyyy123,와 대박!! 멋집니다,0,2023-11-05T02:28:27Z
@sienna0425,와 진짜진짜ㅜㅜ 40kg라니 정말 고생하셨네요 정말 대단해요 👏🏻👏🏻👏🏻,0,2023-11-05T02:09:39Z
@5rcing,20키로만더빼면 존예일듯,0,2023-11-05T02:07:45Z
@user-KJH,딱 10키로만 더빼면 되겠다,0,2023-11-05T01:37:06Z
@찰리브라운-h6c,나이가 몇살이세요?  저랑 사귀어보아요❤❤❤❤❤❤❤,0,2023-11-05T01:35:48Z
@tmdals6438,선생님은 인정합니다. 멋있어요 !!,0,2023-11-05T01:32:32Z
@wvwvwyv,앞으로 20킬로 정도만 더 빼면 되겠네요,0,2023-11-05T01:32:08Z
@pmwer-lu6ge,몸매가 개사기네.. 안빠져야 할때는 안빠지고 빠져야할때만 빠졌어 ㅋㅋㅋㅋㅋ,1,2023-11-05T01:31:08Z
@박재홍-l9i,빼시기 전도 너무 이쁘세요,0,2023-11-05T01:29:02Z
@kellywoong6395,인간승리다,0,2023-11-05T01:28:25Z
@시우정-e6t,크 크다..,0,2023-11-05T01:22:00Z
@Bnh788,당신의 노력에 박수를 짝짝!!,0,2023-11-05T01:18:33Z
@kmkmj,고생많으셨고 조금만더 고생하면 그고생의  덕을분명히 볼거에요 화이팅❤,0,2023-11-05T01:08:23Z
@kelele-lele,대단하네,0,2023-11-05T01:04:50Z
@아미-f2m,더힘내서 20키로만 더 날리뿌,0,2023-11-05T00:16:23Z
@금큰쌀,완전 이쁘게 빠짐 축하드려요,0,2023-11-05T00:08:32Z
@킁킁-u7p,형님 다이어트 방법 부탁드립니다.,1,2023-11-04T23:39:40Z
@jwerrrrturyp,와우,0,2023-11-04T23:23:40Z
@궁디빵디-s5d,와.... 초여신이시네요....,0,2023-11-04T22:33:26Z
@킴탱자-o3o,긁지않은 복권이셨넹,0,2023-11-04T21:49:31Z
@Vera-ed5op,116때가 젤 행복해보임ㅋㅋㅋㅋㅋ,0,2023-11-04T21:38:36Z
@dokimekisugar,"30키로만 더 빼면 되겠네요 
화이팅",0,2023-11-04T21:21:35Z
@user-it5bs5zj2r,뽀샵하지말고 20키로만더,0,2023-11-04T21:01:36Z
@Rateun,멋있으십니다 저는 체중이 그렇게 많이 나가진 않지만 건강 상의 이유로 체중 조절을 하고 있는데 빡세게 해도 10kg 감량도 힘들어하는데 40kg 감량이라니... 너무 고생하셨고 앞으로의 도전도 응원합니다,0,2023-11-04T20:57:34Z
@kjlee_,"저도 6개월간 112kg에서 68까지 감량 후 현재 61~62사이입니다ㅠㅠㅠ 진짜 죽을만큼 힘들고 성격도 예민해지고.. 자책하는 순간의 연속이였어요,, 특히 강박에 사로잡힌 3개월 정도의 시간은 정말 죽을만큼 힘들었답니다. 지금은 정말 정말 괜찮아지고 자존감도 찾아가고 건강한 다이어트를 위해 누구보다 잘 챙겨먹고 운동하고 있어요!!! 저랑 비슷한 감량이여서 괜히 너무 반갑네요 ㅎㅎ 😊",0,2023-11-04T20:54:51Z
@평론가,"116키로에서 몸무게가 빠진게 진짜 대단하다
원래 무거우면 가동범위도좁아지고 체력도 안좋아서 빼기 힘들텐데",0,2023-11-04T20:10:05Z
@storm1103,존경받으셔야할 분이네요 40kg...ㄷㄷㄷ,0,2023-11-04T19:54:42Z
@임동재-x2u,진짜 멋있다 축하드려요,0,2023-11-04T19:18:42Z
@돌고래-r9z,이쁘고 사랑스러우시네요,0,2023-11-04T18:28:26Z
@주형-f7m,더,0,2023-11-04T18:22:08Z
@jsg86,힘내요 화이팅! 💪,0,2023-11-04T18:17:52Z
@규동-h5y,30정도 더 빼야겠네,1,2023-11-04T17:43:49Z
@THEZOOYOU,쇼츠에도 다이어트 비법 올려주시나요?,0,2023-11-04T17:30:11Z
@난난-j9m,진짜 여러모로 1등 당첨이네... 여자들이 딱 원하는..,0,2023-11-04T17:25:53Z
@lim_no,"다이어트는 시작이 반이다
시작을 고민하는 사람들은 이 영상이 계기가 되었으면 좋겠네요",2,2023-11-04T17:21:32Z
@Lotusu314,우와 진짜 대단하다….,0,2023-11-04T17:09:36Z
@밍밍-r1g,머싯어요!!!! 살빼는운동중 젤효과좋았던운동 추천부탁드립니다!!!!!!!!!!!!!!🎉,0,2023-11-04T16:53:58Z
@kimchi_pancake35,이런게 진정한 아름다움입니다.!!,0,2023-11-04T16:28:19Z
@icecream48979,시발;; 이거 보니까 왠지 나도 다이어트 안 하면 큰일날거 같다 ㅠㅠ 흑 어카지 뭐 부터 시작하는게 좋을지 ㅠㅠ,0,2023-11-04T16:26:36Z
@mulmuknunhama,어떻게 빼셨나요??ㅜㅜㅜ,0,2023-11-04T16:18:05Z
@user-jg9ds4ob3c,"와 아니 근데 여자가봐도 타고난 몸매가 에쁘신데요?
부럽... 살을빼도 볼륨이 남아있다니....",0,2023-11-04T16:17:36Z
@개구리놀이터-u2b,ㅊㅋ,0,2023-11-04T16:12:29Z
@ralee5952,예쁘다,0,2023-11-04T16:09:51Z
@sjixjqo12,살빼니깐 수닝님 닮으셨네여,0,2023-11-04T16:05:24Z
@Hmmmmmmmmmmmmmmmmmmmmmmmmmmm..,누님 노력 대단합니다 앞으로도 정진!,0,2023-11-04T15:57:56Z
@망거젤리맛있어,와 진짜 안긁은 복권이다,0,2023-11-04T15:57:36Z
@Pppccccc-t7y,초고도비만에서 고도비만이 됐네요,0,2023-11-04T15:54:30Z
@kessone9360,같이 달려봐요!  전 새벽반 운동,0,2023-11-04T15:53:37Z
@Black-second,미드가ㄷㄷ,0,2023-11-04T15:48:12Z
@hobbymankind,리스펙,0,2023-11-04T15:45:13Z
@뭐있슈-p8t,이래서 뚱녀는 사회 악이라는거임 지 몸 하나 관리 못 해서 돼지 됐으면서 사회 핑계 타령하는 돼지들..쯧 남은 다이어트 파이팅 하세요!,1,2023-11-04T15:43:05Z
@바삭바삭-r5u,진짜 의지를 가지신 것도 대단하고 지속했다는 것도 대단하시네요,0,2023-11-04T15:41:39Z
@테디-y4c,"노력이 보이네요!!!!!
대단합니다.
저도 다이어트  고고",0,2023-11-04T15:35:35Z
@cboocae,리스펙트!!! 멋지다!,0,2023-11-04T15:24:47Z
@grdtfgd,턱이 생겼다 🤔,0,2023-11-04T15:22:55Z
@몽따-f3l,존경합니다,0,2023-11-04T15:11:37Z
@루키-f1d,20kg만 더 빼시면 되겠네여. 화이팅,0,2023-11-04T15:11:21Z
@정덕선-v7n,자 이제 내 여친이 되어라😊,0,2023-11-04T15:03:51Z
@마동석-r4s,사랑합니다 💜,0,2023-11-04T14:52:30Z
@smartguy1557,뭐든지 성공하실 분이네요. 요요 안오게 관리 잘하셨으면 좋겠습니다!,0,2023-11-04T14:51:36Z
@qwqwq-l8w,조금더 빼시면 이쁠곳 가타용 지금도 이쁘지만,0,2023-11-04T14:34:04Z
@TV-ig4wz,최고의 성형은 다이어트 입니다 힘내세요~!!!!,0,2023-11-04T14:28:59Z
@kzdsfv,언니~ 저도 살이 갑자기 쪄서 어떻게 운동해야 되는지 넘 고민되고 힘들고 스트레스 받는데 이 영상 보고 힘을 얻어 가네요 혹시 어떻게 운동 하고 살을 뺐는지 알려 주실수 있을까용?,0,2023-11-04T14:25:29Z
@ddolddolikim3218,자신감 대단하네 😂,0,2023-11-04T14:15:24Z
@xanxy333,빼는것도 대단하지만 유지하는게 훠얼씬 힘듭니다 ㅜㅜ 각오 단단히 먹으십시오 ㅠㅠ 요요 정말 조심하세요!!!,1,2023-11-04T13:59:06Z
@둥근별-g8u,"와.. 이상형입니다. 사귀여주세요.
너무 이쁘시네요ㅎㅎ",0,2023-11-04T13:57:51Z
@가지맨,노력하시는 모습이 너무너무 멋있어요!!><,0,2023-11-04T13:34:17Z
@RK-vk3pk,와....저도106키로에서 87인데 그냥 먹어가면서 운동안빠지고 먹으면서 할라구여 1년째 이라고있습니다ㅋㅋㅋ,0,2023-11-04T13:27:49Z
@앵두-h5n,글래머 그잡채…진짜 이뿌다..,0,2023-11-04T13:25:30Z
@다이슴,한참 더빼셔야합니다,0,2023-11-04T13:21:33Z
@셔니-b6c,다른곳에 30키로가 들어간듯?,1,2023-11-04T13:19:17Z
@도날드오바마,와3kg빼는것도 힘든데 대단쓰,0,2023-11-04T13:18:46Z
@맨쌍,20키로 더 빼자,0,2023-11-04T13:12:02Z
@박상욱-p5z,다른분 같아보여요 엄청 노력하셨을것 같습니다 🎉🎉🎉,0,2023-11-04T13:08:10Z
@맷데이지,축하해요!,0,2023-11-04T13:06:02Z
@hangma0120,와.. 빠질때만 빠졌어 대박,0,2023-11-04T13:04:31Z
@다해보자-g1w,쪄서 좋을건 없지만 빼서 좋을건 많지,0,2023-11-04T12:56:26Z
@DavidLee-no7kk,아이돌여가수 한명 빠져나갔네,0,2023-11-04T12:55:33Z
@kimdeayoung123,좀치네,0,2023-11-04T12:54:52Z
@lina_invers,췌장에 무리가 안가도록 꼭 영양제 필수로 드시면서 하세요. 무리한 다이어트는 췌장을 망가뜨립니다. 고기도 드시고 식사 하실거 다하셔요!,0,2023-11-04T12:46:12Z
@lina_invers,아니 이렇게 이쁜 얼굴이 되는데 116kg로 어찌 사신겁니까... 이제 딱 20kg만 더 빼시면 그리던 최고의 모습으로 사실 수 있으시니 화이팅하세요. 응원하겠습니다.^^,0,2023-11-04T12:45:25Z
@unuser44,키가 크신거 같은데 비율 좋아보이심,0,2023-11-04T12:41:15Z
@와우-h4z,혹시 얼마나 걸리셨는지 여쭈어 봐도 될까요??,0,2023-11-04T12:36:56Z
@TIKINI_,개쥬아,0,2023-11-04T12:34:09Z
@강양현-g7t,인간 승리다. 대단하다. 힘들었을텐데 축하해요,0,2023-11-04T12:31:50Z
@달래-b9z,"수고했어요 멋져요 
항상 응원 할게요",0,2023-11-04T12:30:55Z
@나는야자린이,와!대단하시네요!,0,2023-11-04T12:28:48Z
@robeliauri,몇 년 동안 살을 빼면서 다이어트를 하고 있는 사람으로서 죽어도 안 빠지는 이 살들을 어떻게 40 키로 찍이 나 뺐는지 정말 존경스럽습니다 정말 대단합니다 정말 멋있습니다 정말 예쁘네요,0,2023-11-04T12:25:47Z
@legohong,"와!!  인간승리네요. 
정말고생하셨어요👏👏👏",0,2023-11-04T12:25:23Z
@백민구-o1h,여신,0,2023-11-04T12:21:37Z
@김푸푸-r3q,수고하셨습니다,0,2023-11-04T12:20:42Z
@냥냥-s2s2g,진짜 로또다❤,0,2023-11-04T12:15:52Z
@user-kts00,더 빼시면 더 이쁘실거같네요,0,2023-11-04T12:15:46Z
@화령레이,❤,0,2023-11-04T12:14:20Z
@평범한삶-l8s,너무 고생많으셨어요 앞으로도 화이팅 하세용🎉🎉,0,2023-11-04T12:08:29Z
@seung7489,화이팅!!  하세요~~~~~,0,2023-11-04T12:06:48Z
@ggongbori1618,와진짜대단하시다.,0,2023-11-04T11:48:29Z
@Iiililll-user,여자분들은 근육이 많이 없어서 진짜 운동하시기 상대적으로 어려우신데... 대단하신듯..,0,2023-11-04T11:48:03Z
@XX-bj2cj,한 30키로는 더 빼야겠구만,0,2023-11-04T11:45:59Z
@이거야-r7j,정말 수고하셨습니다이제 딱 20kg만 더 빼시면 인기 엄첨 많을듯,0,2023-11-04T11:42:39Z
@무한귤레,고도비만 초고도비만은 진짜 운동이 하고 싶어도 운동복 하나도 내맘대로 못입고 몸도 수십배로 힘들고 부상위험도 높고 여러 제약이 너무너무 많은데.. 진짜 평범한 사람들 빼는거의 수백배 수천배의 의지가 있으셨겠죠 대단하십니다.,0,2023-11-04T11:40:33Z
@a밍밍밍,멋지십니다 👍,0,2023-11-04T11:37:10Z
@Hyugou-x4e,와 진짜 대박이네요. 18kg 빼는 것도 진짜 죽을 맛인데 40은 진짜 어떻게 빼나요 와~,0,2023-11-04T11:35:08Z
@kilulluck,와..진짜 40kg도 빠져야 될 부분만 쏙 빠지셔서 완전 핫걸..,0,2023-11-04T11:28:33Z
@Qqaaffggerdss,30킬로 더 빼고 오십쇼,0,2023-11-04T11:21:05Z
@Oscar-hk6lt,로또녀,0,2023-11-04T11:16:55Z
@Cong_.,"와 ... 너무 멋져요.. 40키로 뺄때까지 얼마나 많은 유혹이 있었을지..
저는 3키로 빼기도 힘든데...",0,2023-11-04T11:13:13Z
@칠무해-h7t,인간승리다,0,2023-11-04T11:12:41Z
@별빛-c7y,"저도 지금 딱 10키로만 빼자 싶어서 다이어트중인데...40키로 빼신거 진짜 멋있습니다...!!!
엄청난 인내와 노력으로 빼신거일텐데 존경스러워요 저도 덕분에 용기얻고갑니다",0,2023-11-04T11:12:00Z
@Backdouble8,저도 135kg에서 70kg까지 왔는데 지금 뭔가 엄청 정체기를 느끼거든요?ㅎㅎ 지금 원하는 만큼 다이어트 하신건지 더하실건지 궁금해요 저는 키가 165라 57까진 빼보려고여,0,2023-11-04T10:57:20Z
@헹궈,30더빼면 아이돌해도 될거같네요,0,2023-11-04T10:47:13Z
@뿌-e7j,"와..40kg 감량이라니.. 정말 대단하세요!!!
근데 하늘색 가디건 입은사진은 진짜 예쁜것 같아요><",0,2023-11-04T10:46:50Z
@최익현-k9b,예뻐진 몸매만큼 달콤한것도 없습니더  다이어트 해보신분들이 계속 다이어트 하는 이유입니당.,0,2023-11-04T10:43:24Z
@jiunnx,와 40kg뺀것도 대단한데 운동 열심히하셨나봐요 76인데 50kg같아여... 역시 완전 말라서 앙상한거보다 열심히 식단하고 운동하는게 더 멋진거같아요 너무 멋져요!,0,2023-11-04T10:36:20Z
@manners89,대단합니다 얼마나 힘드셨을지 감도 안오네요 너무 아름다우십니다 앞으로 좋은일만 가득하세요!,0,2023-11-04T10:33:09Z
@ooo-72537,아니 안경 무슨 일이야.. 안경 벗으니까 진짜 완전이쁘신데....,0,2023-11-04T10:31:38Z
@HUNA96,"진짜 대단한 노력을 하셨네요...
이미 멋있지만
앞으로 더 멋있는 모습이 기대되네요 😮😮",0,2023-11-04T10:20:25Z
@최은숙-f1e,최고성형은 역시 다이어트,0,2023-11-04T10:17:19Z
@merongcitymerong,우와!!너무 이쁘시고 엄청 노력 많이 하신 게 느껴져요❤️👍🏼,0,2023-11-04T10:11:14Z
@Yoon...,얼마나 힘드셨을지 상상이 안가네요👍👍👍,1,2023-11-04T09:54:56Z
@송종일-r1n,"글래머러스 하시군
나도 15kg감량 해보았음
186cm 78kg 되었음
사람들이 나보고 2kg 찌워서 
80kg 만들라고 함
그래야 몸이 딱 좋아보인다고",0,2023-11-04T09:51:29Z
@떡볶이장수,최고대단하세요 3kg빼는데도 오르락내리락 에효,0,2023-11-04T09:51:07Z
@평범한중2,역시 다이어트가 최고의 성형이구나,0,2023-11-04T09:29:32Z
@esw0328,진짜 얼마나 열심히 하셨을까.. 진짜 너무 멋지고 예쁘셔요..❤,0,2023-11-04T09:17:16Z
@SeilPark89,감량하시니까 가슴이 너무 예쁘심,0,2023-11-04T08:47:17Z
@thekiju1,우와 가슴은 하나도ㅠ안빠지셨네요ㅠㅠ 축복이에요 전 가슴부터 빠지던데ㅠㅠ,1,2023-11-04T08:45:58Z
@JaekeunKwon,❤❤❤❤❤❤❤❤❤❤❤,0,2023-11-04T08:30:59Z
@fixkdixh12345,"나는 남자고 115찍고 80까지 뺐었는데

115대 얼굴보기도 싫어서 셀카도안찍었는데

자존감 좋으신듯ㄷㄷㄷ",0,2023-11-04T08:26:40Z
@vmxh550478,진짜 대단하고 존경스러움... ❤❤,2,2023-11-04T08:18:33Z
@pzc666,👍🏻👍🏻👍🏻👍🏻,0,2023-11-04T08:06:23Z
@re_yang_ho_og,"리스팩합니다
정말 대단하세요👍🏻👍🏻👍🏻👍🏻👍🏻",0,2023-11-04T07:57:39Z
@nana0_0,👏🏻👏🏻👏🏻👏🏻👏🏻,0,2023-11-04T07:28:48Z
@Miso-j2w,너무 대단해요 꼭 유지 잘하세요~,0,2023-11-04T07:25:06Z
@ginamu,"저도 93키로까지 찌고 다이어트해서 56kg까지 빼봤어요! 거의 1년 남짓의 시간들이었는데 힘들면서도 나아지는 제 모습에 자존감도 참 많이 오르고, 운동이 재미있어 지더라고요. 나도 하면 해내는 사람이란걸 깨닫기도 했어요. 우리 함께 멋진 청춘을 기록해요!ㅎㅎ",0,2023-11-04T06:59:54Z
@하잉-h6g,복권 성공인거 같은데?,0,2023-11-04T06:53:48Z
@뿌뿌쭈-y4m,오 겁나 이뻐지내 60까지 갑시다,0,2023-11-04T06:34:13Z
@tndbs87,흠 아무리 먹어도 93kg이 한계던데...,0,2023-11-04T06:08:37Z
@양세찬-i2b,가슴은 고대로 남아있길,1,2023-11-04T06:07:51Z
@AI동화작가,"멋지십니다 !!! 수고하셨습니다 ㅠㅠ 넘 멋지신거 같아요 
저도 70kg까지 쪘다가 식단도절로 5개월만에 11키로 감량했습니다 ~아직 목표까지 9kg 남았지만 최선을 다해보려합니다 ^^ 
총 29kg감량 아자아자",0,2023-11-04T06:00:54Z
@반가리가리가리가맄,우와 대단하십니다!!!!,1,2023-11-04T05:59:24Z
@cook3368,"건강하세요,,🎉",0,2023-11-04T05:58:55Z
@nothinghave1094,;,0,2023-11-04T05:39:44Z
@크림1빵,"저도 114kg 에서 86까지 감량했습니다 올해는 84kg까지 감량해보려합니다!!
내년은 미용체중으로 가려고용!",0,2023-11-04T05:30:41Z
@Yuyudd-f8o,대박이다..,0,2023-11-04T05:27:50Z
@homefeelslikeetihad,살빼기 전에도 이목구비 뚜렷한 거 보면..,0,2023-11-04T05:15:54Z
@제헌-l3o,와 살빼도 흉부는 그대로네.. 저것도 타고 난건가..?,1,2023-11-04T05:01:10Z
@화려한-s5j,노력으로 1등당첨,0,2023-11-04T04:51:39Z
@user-pk6eu3u5nd,맨 마지막 영상 진짜 이쁘시다..,0,2023-11-04T04:29:25Z
@손동해-q6o,와 ㅈㄴ 동기부여 빡세게 된다….,0,2023-11-04T04:20:46Z
@love-ip5si,"비율도 좋고 미인이시네요.
늘 행복하세요♡",0,2023-11-04T04:19:37Z
@TheHiallstar7,진짜 긁지않는 복권이였어... 다 나와있을때는 몰랐는데 40키로감량하니 들어갈때 들어가고 나올때 나온 축복받은 몸매였다니...! 멋있어요🎉,1,2023-11-04T04:05:00Z
@GSSSSSG,너무 멋집니다!,0,2023-11-04T03:46:13Z
@지푸라기-gle,인간승리다 진짜 끈기 미쳤다,0,2023-11-04T03:35:25Z
@KoreanStudyMate-mf9sm,대단하셔요!!,0,2023-11-04T03:22:51Z
@루비-c1l,졸라예쁘네,0,2023-11-04T03:22:51Z
@ahn4288,보기 좋아요 멋집니다,0,2023-11-04T03:21:02Z
@jinijakka,대다네요!! 멋진요자👍고생 많았어요!!,0,2023-11-04T03:15:59Z
@단비강-l7k,와... 보통 의지로는 불가능할 것 같아요 정말 강하고 멋있는 분이시네요!! 존경합니다🥰,0,2023-11-04T03:03:52Z
@아리는귀여운고양이,살빼기전부터 눈이 크신게 딱보니 성공한 복권 ㄷㄷ... 넘 예쁘게 건강하게 다이어트 성공하셔서 멋져요!,0,2023-11-04T03:02:58Z
@Overwatch2_,역쉬 최고의 성형은 다이욧!대단해요~~,0,2023-11-04T03:02:15Z
@user-mb9qr6ne6,아니 살을 그만큼 뺐는데 어떻게 바스트가.... 아 존나 부럽다 진짜.....으아아아아아아아아악!!!!!!!!!!!!!!!!!!!!!!!!!!!!!!!!!!!!!!!,1,2023-11-04T02:51:20Z
@bne12,이상형이세요,0,2023-11-04T02:37:37Z
@JYSing,저는 1kg도 빼기 힘든데 40kg이나 빼셨다니 완전 대단하세요!,0,2023-11-04T02:22:33Z
@stellakim2347,와우 미모돋네요,0,2023-11-04T02:05:12Z
@tlqdbrtpscl,부럽다 앞에는 유전이신가보다...주륵ㅠ,0,2023-11-04T02:00:16Z
@jeasangkim7557,외모는 변한게 없네요,0,2023-11-04T01:19:10Z
@licun_coder,76kg에도 이쁜데요 *..*,0,2023-11-04T01:12:43Z
@petite16448,대애애박 대단쓰… 🙏🏻❤,0,2023-11-04T01:02:35Z
@user-rg2li9kq3l,아니근데... 어떻게라인이 저렇게 잘잡혀잇지 언니부러워요ㅠ,0,2023-11-04T00:55:16Z
@FunnyJjang,어떤 모습이라도 이쁘다는 말이 와닿네요... 건강하고 아름답게 모두들 화이팅!!,0,2023-11-04T00:29:05Z
@앙군딱,수현이도 데리고가서 빼줘요,0,2023-11-04T00:14:12Z
@Antifreeeeeeez,다이어트 전도 후도 표정이 항상 행복해보이셔요! 앞으로도 쭉 행복하게 사실 듯,43,2023-11-04T00:02:42Z
@도쿄지부장,와 육덕글래머로 변신이다..,0,2023-11-03T23:33:52Z
@최지연-h5u,다 필요없고  그냥  멋지십니다,0,2023-11-03T23:00:37Z
@beaut_if_ul,"원래 몸매도 피부도 예쁜 분이시구나
휴 자극 받고 가요",1,2023-11-03T22:17:18Z
@남혜영-v7s,"진짜 대단하네요^^삶이 바뀌셨을꺼 같아요❤
저도 지금 10키로!!애기낳기전으로 돌아가기로 피나는 노력중인데 용기 얻어갑니다^^비법도 궁금합니다 전 지금 밥은 반으로 확줄이고 등산을 위주로 해볼까 하는데 괜찮은 방법일까요?😊",0,2023-11-03T20:45:52Z
@김노답-u8h,"진짜 멋있다...
좋은 자극 받고 가용🥺",0,2023-11-03T18:55:19Z
@ooOoo-m7z,아니.. 너무 귀여우시다……..,0,2023-11-03T18:33:53Z
@chulgenpark7928,미드 빼고 다 빠지네 개꿀,1,2023-11-03T18:28:14Z
@cristo5675,"형님 배고프면 어떻게 참으셨습니까 
전 쫌만 배고프면 편의점 직행인데 ㅠ",0,2023-11-03T17:45:29Z
@yyyyyy_____22,이미 수많은 응원과 격려의 댓글들이 달렸지만 저도 작은 힘이 되어드리고 싶네요 ㅎㅎ 이 때까지 정말 수고 많으셨어요 ㅠㅠ 이렇게나 힘든 다이어트를 성공하신 분이라면 뭘 하든 성공하실 거예요 :) 어떤 모습이든 빛나는 자신을 마구마구 아껴주세요 ㅎㅎ 늘 응원합니다 :)🩷,1,2023-11-03T17:24:41Z
@Yangj-i7w,아직도 돼지다,1,2023-11-03T17:07:20Z
@syy17289,저두 20kg 빼고 잠시 쉬어가자 했다가 6개월째 쉬고 있네요 ..ㅋㅋ다시 정신 다잡고 열심히 달려보겠습니다 덕분에 동기부여 받고 가요!!,0,2023-11-03T17:07:08Z
@고영인-g6m,멋져요 ^^,0,2023-11-03T17:02:01Z
@leesangminn,대단하네,0,2023-11-03T16:48:31Z
@kjj7989,인간승리다 ㄷㄷ,0,2023-11-03T16:38:15Z
@세레노,대단하네요. 이것이 진정한 정신승리.,0,2023-11-03T16:30:35Z
@zintol,진심 다이어트 성공한 사람들은 뭘해도 성공함 ㅋㅋ,0,2023-11-03T16:28:48Z
@김태성-r4t,당신의 큰 노력에 박수를,0,2023-11-03T16:19:36Z
@10월4일,빠질곳만 빠진게 레전드네,33,2023-11-03T16:19:21Z
@행복한구름-m1h,"183/108이었습니다. 식단이랑 운동한지 7일차입니다.
동기부여 되네요. 열심히 해서 꼭 다이어트 성공하겠습니다",0,2023-11-03T16:19:14Z
@chick486,멋져요😊😊,0,2023-11-03T16:18:02Z
@Ei0829,할수있잖아 😮,0,2023-11-03T16:17:55Z
@mingling1130,오~ 이분 제대로 뺐네. 전문적으로 운동하는 사람 아니고서야 몸매 제대로 살리면서 살 빼기 어려운데,2,2023-11-03T16:14:06Z
@꾸얌뀨얌,76도..사실상 ㄹㅇ 돼지임..어플이라 그렇지,2,2023-11-03T16:13:43Z
@사아람-k2v,개쩐다,0,2023-11-03T16:12:58Z
@제왑삐-q2t,100kg 넘는 시절에도 사진에 이쁘게 잘 나왔네요,0,2023-11-03T16:10:14Z
@actorces,수색대로 보내라~단기간에 빼줄께~,0,2023-11-03T16:09:31Z
@jhans0113,몸매라인개이쁘네,0,2023-11-03T16:06:46Z
@산양누렁이,ㅇㅈ 10키로만 더,0,2023-11-03T15:52:34Z
@Bojibuilderchul,살빼도 돼지네,0,2023-11-03T15:52:13Z
@가고는있는데,이쁘다^^,0,2023-11-03T15:51:36Z
@킹스Dog,최고의 성형은 다이어트다!!!,0,2023-11-03T15:42:39Z
@basketballrunner,멋져유 항상 파이팅,1,2023-11-03T15:29:23Z
@yskim7319,아고 이뻐❤,0,2023-11-03T15:26:17Z
@박천시,30킳 더 감량하세요,0,2023-11-03T15:21:52Z
@user_bro77,리스펙,0,2023-11-03T15:08:20Z
@_M_eo_w_,❤❤,0,2023-11-03T15:06:25Z
@supercan,사랑해 힘내,0,2023-11-03T15:05:02Z
@오영민-g5c,더 함더,0,2023-11-03T15:03:03Z
@Yuans010,사람 한명 빠져나간 몸무게... 대박이네요 의지박약인데 넘넘 존경스러워요 ㅠㅠ,1,2023-11-03T14:51:42Z
@항프핳핳,인간승리 조졌다...개쩜 쥰나 멋지다 진심.,88,2023-11-03T14:43:39Z
@lyebye,머시따,2,2023-11-03T14:41:43Z
@xxzari,멋있으세요!,1,2023-11-03T14:36:07Z
@ddjjh,너무 예쁘시고 의지가 너무 멋있으세요! 그 노력이면 앞으로 뭐든 잘 해내실 것 같아용ㅎㅎ 화이팅하시고 응원합니다🫶🏻🫶🏻🫶🏻,0,2023-11-03T14:34:06Z
@vy7d2wxbzj0p,진짜 대단하네요 멋지세요,0,2023-11-03T14:33:33Z
@요호호-v7k,진짜 잘하셨어여 화이팅,0,2023-11-03T14:33:10Z
@PosteKim,복권 제대로 긁으셨네요!! 축하드려요,1,2023-11-03T14:26:02Z
@둥이-c8w6u,귀여워라❤,0,2023-11-03T14:22:37Z
@noalla523,근데 어주 쪼듬만 더❤🎉 응유ㅓㄴ❤❤❤❤,0,2023-11-03T14:21:33Z
@user-it5bs5zj2r,조금만더 힘내세요,0,2023-11-03T14:17:24Z
@이성심-l7y,"40k면 님은  님의 인생을 살아가며 무슨?
일이 파도 치듯 밀려와도 윈드서핑 하듯
ㅋㅋㅋ 휼룡하게 헤쳐 나아가실거라 믿습니다.
멋찐분~",1,2023-11-03T14:16:07Z
@Almond_Fro9,이게 진짜 멋있는 거지 ㅋㅋ 수고하셨어요!! 엄청난 노력이 여기까지 느껴집니다,2,2023-11-03T14:15:21Z
@김소연-f9f,너무 이쁘세용❤,0,2023-11-03T14:13:15Z
@뚀니-j8v,"와.. 지금 고딩때부터 생긴 병으로 약을 6년째 먹으면서 부작용으로 18키로나 증량했는데... 스트레스로 모든게 다 싫어져서 끝내려다 정신과까지 다녀와서 조금 나아졌어요...
식단은 소용없고 조금씩 운동해보려고 노력중인데 이거보고 더 마음 다져봅니다 다시 돌아갈 수 있겠죠?
거울볼때마다 너무 속상해요...",0,2023-11-03T14:04:24Z
@yyk8641,와우,0,2023-11-03T14:00:25Z
@TV-qe7zp,76키로 부터 바로빠지네 ㄷㄷ,0,2023-11-03T13:54:54Z
@man19127,궁금한건 못참는 성격이라..실례지만 튼살 쳐진건 다 수술 하신건가요??,0,2023-11-03T13:51:55Z
@Happy-i5c-x5u,최고의 성형 다이어트ㄷㄷ,0,2023-11-03T13:51:16Z
@illlililllillli,리스팩!,0,2023-11-03T13:43:22Z
@seungwoohong7641,진짜 개이쁘다,0,2023-11-03T13:42:39Z
@gqhiic7_51g,누구는 내맘대로 사는게 어때서라고 하지만...그건 그거대로 욕할필요는 없고 하지만 이렇게 변하는건 다른걸 떠나 엄청난 자제의 의지력에 찬사를 보내지 않을수가 없다,0,2023-11-03T13:42:15Z
@쿠우우웅-w7o,와 복권 제대로 긁으셨네요 축하드립니다~,0,2023-11-03T13:38:17Z
@바르도-s2r,길에서 로또 한장 주웠는데 그게 1등인 기분,0,2023-11-03T13:34:48Z
@varpukivs,존경스럽습니다 😊,0,2023-11-03T13:34:48Z
@crazYsalt08,"진짜 다이어트가 최고의 성형이다...
조1지게 이쁘네...",0,2023-11-03T13:28:14Z
@마복치-r3z,와 대단하다 진짜,0,2023-11-03T13:27:11Z
@hithere911haha,리스펙,0,2023-11-03T13:25:57Z
@고종명-s5u,약은 안먹었을까? 궁굼,0,2023-11-03T13:19:17Z
@예쀼링-k9u,근뎅..살빼기전이고 빼고나신후에도 러블리하시네요,0,2023-11-03T13:17:11Z
@sidkddmsi6346,진짜 왠만한 정신으로 못할텐데 인간승리의 표본이다,0,2023-11-03T13:16:15Z
@SWCY99,많이빼셨내요,0,2023-11-03T13:14:49Z
@jsy509,인간승리 ㄷㄷ,0,2023-11-03T13:09:41Z
@주노-j8r,이제 30키로만 더빼면될듯!,0,2023-11-03T13:03:56Z
@goodgood3206,울딸이랑 비슷하네 수능때 93키로 지금 2학년인데 67키로 아직도 세상의 기준으로는 날씬하지는 않지만 내가보기엔 장원영보다 이쁨ㅋㅋㅋ,0,2023-11-03T12:58:28Z
@kimyongtea,3자리는 가지말자 여자아이가,0,2023-11-03T12:57:08Z
@에르넬즈사랑해여김새,대단하세요. 엄청난 의지와 고생을 하셨을꺼예요. 너무 이뻐지셨네요,0,2023-11-03T12:56:59Z
@찍먹-t1k,살쪘을때 페미인줄 ㅋㅋㅋㅋ,0,2023-11-03T12:56:13Z
@1마왕,훌륭하오 계속정진!,0,2023-11-03T12:54:16Z
@hyen113,멋져요❤❤❤❤❤,0,2023-11-03T12:52:22Z
@보름달-q7i,멋지네요! 👍🏻,0,2023-11-03T12:51:44Z
@서브웨이-r7e,그냥 살만 빠진게아니라 몸매관리도 엄청 잘하셨네 다 좋은 댓글만 달려서 영상올리고 자존감도 엄청 오르셨을듯,0,2023-11-03T12:46:43Z
@다른뉴스,대단하십니다!!!!,0,2023-11-03T12:46:40Z
@humane6666,"살이 문제였나. 이제 문제해결,시작",1,2023-11-03T12:44:48Z
@mirror9219,76이어도 이쁘게 빠진건지 타고난 체형이 이쁘신건지 가늠이 안감...ㄷㄷ 그저대단한,1,2023-11-03T12:42:34Z
@v7273,응원합니다,0,2023-11-03T12:38:08Z
@가나다라637,처음엔 진짜 못생겼는데 70대되니 그래도 사람같다 아직 더빼야할듯 최소한 50후 60초로는 가야 몸 정상으로 돌아옴,0,2023-11-03T12:36:47Z
@강차니짱,진짜 수고많으셨어요!!!ㅠ,0,2023-11-03T12:33:12Z
@유리-h4g5p,뭐임... 인형이다 .. 존예,0,2023-11-03T12:30:15Z
@민수-88,화이팅합세욤,0,2023-11-03T12:27:44Z
@ming-ys4le,싸이클?앞에서 운동복입고 찍은거 존예,0,2023-11-03T12:26:43Z
@zorogoro6406,"116이어도 숨길수 없는 미모
다이어트 70까지만 하시고 더 하지 말아주세요
너무 예쁨닙다",0,2023-11-03T12:17:29Z
@a_magpie,모태볼륨감 부러워요 살뺄재미 있으시겠당....ㅜㅜ얼굴도이쁘셔서...ㅜㅜ,0,2023-11-03T11:57:05Z
@J.H.C.,진짜 최고의 성형은 다이어트라는게 팩트,0,2023-11-03T11:55:45Z
@이정민-m1p4d,리스펙트 😂😂,0,2023-11-03T11:49:42Z
@김현우-n3q,고수다,0,2023-11-03T11:43:17Z
@허거-y6k,와 살빼니까 존예다,0,2023-11-03T11:39:49Z
@ink_fish,헐 전후 둘다 이뻐요! 정말 대단해요,0,2023-11-03T11:36:30Z
@파랑새-u6n,이뻐요,0,2023-11-03T11:31:26Z
@의리-q7t,더 빼,0,2023-11-03T11:29:54Z
@cong-m1q,살빼기전도 이쁘시면 어떡해요..❤,0,2023-11-03T11:29:44Z
@YHO54,헉 .. 부러워요.. 대박 존경합니다.. 혹시 식단은 어케 하셨나여 ㅠㅠ 너무 궁금해여 ㅜㅜ 운동은 하루에 몇시간 하셨나여 ㅜㅜ,0,2023-11-03T11:26:25Z
@mengoosekoko,너무너무 멋있다!!!!! 고생한만큼 더더욱 행복하고 웃음 넘치게 지내세요!,0,2023-11-03T11:15:31Z
@김주원-f8j,40키로는 진짜 ㄷㄷ 인간승리네요,0,2023-11-03T10:55:12Z
@이영준-s2n,굿!!,0,2023-11-03T10:39:21Z
@aideell1234,예쁘다 내 여친해라,0,2023-11-03T10:22:38Z
@김아름-t1w,대단합니다 ㅠㅠ 볼륨은 그대로 가지고 계셔서 부러워요. 전 20키로 감량하니까 가슴이 없어져버림...😂😂,0,2023-11-03T09:27:19Z
@랑군이,홧팅 뭇지다,0,2023-11-03T09:07:16Z
@초이브라이언-h8e,너무 멋지시네요~ 굿굿👍👍,0,2023-11-03T09:05:09Z
@김혁-k8t,진짜 리스펙합니다 저도 25키로 빠졌는데 제일중요한겅 이걸 유지하는거죠 ㅠㅠㅠ 같이힘내요 !!!,0,2023-11-03T08:11:14Z
@WB-zg7wi,"와우 엄청 아름다워지셨네요. 
본인이 원하는 목표치가 어디까지인지는 모르겠지만 포기하지말고 끝까지 하세요^^",0,2023-11-03T08:00:33Z
@코코몽4형제어무이,이뻐지셨어❤,0,2023-11-03T07:58:58Z
@왕다리-zzzz,오 노력!근성! 존경합니다,0,2023-11-03T07:54:01Z
@아린-m3k,이게 인생승리...,0,2023-11-03T07:43:05Z
@하루1영상,혹시 빼는 방법 좀 가르쳐 주세요 ㅠㅡㅠ,0,2023-11-03T07:19:04Z
@user-KR._.llIIlllIllIIl,남여 막론하고 아픈거 제외 자기관리 안된 비만체형 과장해서 사람으로도 안보는데 진짜 리스펙입니다 40kg 감량 대단하네요,1,2023-11-03T07:08:58Z
@kkyu987,76부터 귀요미 되가네ㅋㅋ,0,2023-11-03T07:05:00Z
@kalll5096,마니 하셨네요 20키로만 더 빼면 되겠어요,0,2023-11-03T06:55:58Z
@에맨,꾸준히 노력해서 건강 찾으시길 바랄께요 화이팅이에요 ㅎㅎ,0,2023-11-03T06:45:42Z
@qwert-u6g,노랫속 쥔공 여자애도 곧 저리 될듯,0,2023-11-03T06:19:17Z
@머임마-b5h,이제 -25kg 남으셨네,0,2023-11-03T06:11:45Z
@빵-h2f,30kg만 더빼죠,0,2023-11-03T06:01:54Z
@키티덮밥-y2n,젊고건강할때 빼세요 40넘으니 앞자리바뀌는게 너무 힘드네유😅,0,2023-11-03T05:58:11Z
@윤용수-e8g,와...존경스럽다..,0,2023-11-03T05:55:06Z
@kopjin3303,당첨 복권이네 ㄷㄷ,0,2023-11-03T05:50:58Z
@allen061,인간승리👍,0,2023-11-03T05:34:56Z
@이리로이,더빼라 25키로더,0,2023-11-03T05:22:50Z
@useking-t6q,"축하합니다.🎉🎉🎉🎉🎉🎉🎉🎉🎉🎉되게힘드셨겠어요.다이어트비결좀 알려주실수있어요??저도같이 하게요....^^
그러면감사하겠습니다.",0,2023-11-03T05:14:51Z
@청주복어,초 긁지않은 복권 20키로만 더 빼면 개존예일듯,0,2023-11-03T04:44:24Z
@Dolmongge,우오아 힙라인 바스트라인 모하나 안예쁜구석이없네요 감탄이 절로 나오게 예뻐요 ❤ 고생많으셨어요 덕분에 눈호강했네요😊🎉,0,2023-11-03T04:31:44Z
@BogyeomKim,거유가 이렇게 탄생이 되는거구나,0,2023-11-03T04:08:58Z
@소영박-q5m,음~~~~~더빼~~~~,0,2023-11-03T03:33:20Z
@덩덩이-s4r,기본이 이뻐야 한다는걸 확실이 보여주는 영상이구만…복권 대박 나셨네..,0,2023-11-03T03:32:21Z
@브아엇-q7n,와진짜존나이쁘다 ㅠㅠ,0,2023-11-03T02:56:35Z
@Kim__nana,이쁘다,0,2023-11-03T02:52:27Z
@2saint-bell,와 아니 비포랑 애프터 천지차이네 진짜 인간승리다,0,2023-11-03T02:29:08Z
@user-ugogogoggg,전 2년동안 식단으로만 30키로 뺐는데 둘째 낳고 다시 20키로 쪘네요 ㅠ.ㅠㅋㅋㅋ너무 멋져요 저도 힘을 받고 다시 다이어트 해야겠어요,0,2023-11-03T02:01:46Z
@지민-r6b,"진짜 멋지세요 ,,, 혹시 어떤식으로 운동을 하셨는지 ,, 여쭤봐도 될까욤?!",0,2023-11-03T01:54:52Z
@불꽃메타,"지금까지도 고생하셨겠지만,
좀 더 고생하시면 아름답고 자신감 넘치는 삶이 되실겁니다😊",0,2023-11-03T01:39:16Z
@ChevroletRocher,멋있다,0,2023-11-03T01:36:15Z
@최유기-c8y,"오~이뿌시네요
전번주세요~~",0,2023-11-03T01:07:11Z
@오늘도-l1b,오~~ 이쁘세요,0,2023-11-03T00:48:38Z
@윤혜경-s7i,"저는 90에서 50으로 뺐는데 진짜 힘들었는데 얼마나 힘드셨을까요..
멋져요!!!❤",10,2023-11-03T00:37:27Z
@rkpa9921,56만 되면 존예겠네,0,2023-11-03T00:36:04Z
@무시카고,멋있다,0,2023-11-02T23:44:57Z
@engineer4691,와 진짜 대단하다!!!!!! 입술이 엄청 매력적이에요!!!! 화이팅!!,0,2023-11-02T22:03:36Z
@Uuong,와 40.. 말이 40이지 그 시간이랑 노력생각하면 아찔해지네요! 너무 대단하고 멋지세요❤,1,2023-11-02T21:48:24Z
@보리-e2k,"최고의 성형은 다이어트.
이렇게 이쁘신 얼굴 ^^",0,2023-11-02T19:37:43Z
@쌉멸치-j9p,빼셨다는게 대단하신겁니다 파이팅,0,2023-11-02T18:50:39Z
@조보-o2n,진짜대단하고 멋있어요.....,1,2023-11-02T18:42:32Z
@사랑이-d9t,얼마나 고생하셨을지 공감합니다….다이어트 만큼은 주변의 변화로 보상충분히 받을거에요,44,2023-11-02T18:38:53Z
@붕브,살쳐짐 있으셨나요..? ㅠㅠ,1,2023-11-02T18:16:47Z
@이상원-g6v3p,존경스럽기까지 하네요 👍 앞으로도 건강하게 운동 꾸준히 하세요,0,2023-11-02T17:19:43Z
@데빌구-d8f,이 영상을 보면서 최고의 성형은 다이어트라고 말이 맞네여 ㅋㅋㅋㅋ 하지만 아닌 사람도 있는데 축하 드립니다 ~ 요요현상 안오길... 남자 만나러 클렂 가즈아~~,0,2023-11-02T16:42:14Z
@킹왕짱-y8e,뺀거보다 116키로까지 나갔다는게 더놀랍다,0,2023-11-02T16:35:29Z
@swwwooooo204,어캐했누..,0,2023-11-02T16:21:35Z
@DaenSin,가시나 뭐가 그래 맛있드노..,0,2023-11-02T16:11:37Z
@ro_meda,리스펙..!! 너무 멋져요!!!,0,2023-11-02T16:10:13Z
@j.hamster2386,와.. 밖에 안나오네요,0,2023-11-02T16:02:16Z
@user-mw9fr6bd6x,아니 살을 뺐는데 왜 거긴 지켜졌죠 비결좀,0,2023-11-02T16:00:26Z
@호잉짱-n7u,아니 바스트 유지 비법좀 알려주세요 세상에나 보존하면서 빼신분 첨봤어... 부러워...,0,2023-11-02T15:07:38Z
@Janne27,언니 번호 뭐예요 😢❤,0,2023-11-02T14:55:43Z
@별이빛나는밤-g9v,와아 저 96키로인데 빼기도 힘든데 얼마나 고생과 정성이 들여서 노력해서 다이어트에 성공했을까 하는 감동의 눈물이 흐르네요❤,0,2023-11-02T14:21:57Z
@pem6081,체중보다 눈바디가 더 대단하네요,0,2023-11-02T14:15:05Z
@overjyj,정말 대단하시네요 전 도중에 포기 했는데,0,2023-11-02T13:46:15Z
@Lowell-J,"너무 힘들고 고된 일들의 반복 이었겠지만
이겨내고 성공중인 당신의 노력과 의지에 
박수를 보냅니다 👏 👏 👏 
더 행복해질 당신의 하루 하루를 미리 축하합니다😊",3,2023-11-02T13:33:50Z
@히요-b1v,혹시 기간은 얼마나 걸리셨나요…!?? 너무 멋있으세요 ㅠ 방법을 알고 싶어요😢,0,2023-11-02T13:31:11Z
@oceannnnnn_2,대단하십니다,0,2023-11-02T11:48:23Z
@영주-y2h,오우  그후에도 감량 계속 되는건가요? 건강이 최고에요 화이팅 키가 크시면 76키로도 건강하기만 하면되요.~😊,0,2023-11-02T11:06:36Z
@alano999,오로지 폭식과 운동부족만이 원인이다,0,2023-11-02T10:55:28Z
@리브-z6y,입술도너무 매력적이고 이쁘고 😊더 안빼도 충분히 예쁘니건강하게 유지만 해주세요 다이어트성공은 많이들 하지만 2~3년안에 80%돌아가는 불치병이 비만이기도 합니다 ㅜ 우리 같이 힘내보아요 화이팅 ❤️❤️,1,2023-11-02T10:40:34Z
@peaceofmind9686,예뻐요,0,2023-11-02T10:12:58Z
@플라맹고-b6o,대단하다 멋지다,0,2023-11-02T10:02:42Z
@핸이-g7z,"ㅠㅠ 살찌니까운동할때도 아프고힘들고하던데.대단합니다!!!
전15키로가.그렇게.어렵네여 ㅠ운동할라치면 3살이 바지가랑이잡고 늘어져여 힝.",0,2023-11-02T09:59:52Z
@까칠한대표-t9q,대단하시네요~~~너무 이쁘세요~^^,0,2023-11-02T09:57:18Z
@심하늘-s5z,멋있습니다.,0,2023-11-02T09:56:55Z
@건강히장수할홍고롱씨,ㅜㅜ 반성하고 갑니다. 저도 언능 정신차려야할텐데. 건강하시고 더 이뻐지시길!팟팅!,0,2023-11-02T09:52:05Z
@ygimji4540,20kg 더 빼자잉~ ㅋㅋ,0,2023-11-02T09:50:12Z
@wapsap-ot7xd,멋집니다 항상응원할게요,0,2023-11-02T09:50:02Z
@이익-p1x,와… 눈을 어디둬야됨?,0,2023-11-02T09:40:54Z
@H.Y_11.26,당신의 노력과 후광이 느껴져요😇✨️✨️,0,2023-11-02T09:19:16Z
@킁크르크킁,당신의 노력과 열정이 멋집니다 응원해요!,1,2023-11-02T08:00:08Z
@오골킴,대단하네,0,2023-11-02T07:54:15Z
@사건사고영상,대단 하십니다 !!^^ 진짜 멋져용ㅎㅎ,1,2023-11-02T07:52:54Z
@신푸름-k20,우와 멋있다 👏👏👏👏,0,2023-11-02T07:44:30Z
@고수지-c8l,우와 저렇게 빠지고도 가슴볼륨 완전 부러워요! 고생하셨어요!,0,2023-11-02T07:26:58Z
@나는서해원,"대단하시네
사람이 되신걸 축 😂😂",0,2023-11-02T07:08:41Z
@현듀-u5m,"120kg 초고도 비만입니다..
그조차도 얼마전엔 128kg이었고요..

원래도 고도비만이었지만
중증천식으로 인해 스테로이드 장기복용을 하며 약 4~50kg정도 체중증가가 됬고..

살이찌니 천식은 더 악화 ..
또 악화된 천식으로 인해 또 스테로이드 복용량증가..악순환이네요..

 약 부작용이니 뭐니 핑계를 대긴 하지만 모두들 스테로이드를 먹는다고 저처럼 찌진 않겠죠 ..

저는 일반인만큼 또는 일반인 보다 적게 먹는다고 생각하는데 이것조차 이젠 제 착각인가 싶을정도로 체중이 점점 불어나니 

내가 혹시 많이먹어서 찐건가 스테로이드랑은 연관이 없나 생각도 들어요..

고도비만이면 살빼기 너무 힘든거 오히려 고도비만인 사람이 더 알죠..정말 대단해보이네요..

어떻게 감량하셨는지 너무 궁금한데 채널주님 채널에 가면 정보가 있을까 싶어

이댓글만 남기고 채널 주행하러 가봅니다..

다이어트 하고 있는 세상 모든 분들 아프지말고 건강히 감량하길바래요😢",0,2023-11-02T07:01:43Z
@박미리,다이어트는 최고의 성형이다,0,2023-11-02T05:11:28Z
@로렌-b1b,요요가 더힘든거 아시죠. 힘들게 빼신거 유지하세요.   화이팅,0,2023-11-02T04:39:04Z
@이명진-q8y,하 나도 살빼야하는데,0,2023-11-02T04:06:42Z
@IIIIIllIlllIIlllll,대단하고 멋져요❤❤,0,2023-11-02T04:05:40Z
@정진용-e6o,"멋져요
최종 목표는 몇키로인가요?",0,2023-11-02T02:47:46Z
@hetgin,최고의 성형은 다이어트.. 너무 고생하셨어요 넘 이뻐요!,0,2023-11-02T02:07:33Z
@자야-j2j,대단하네요~모두들 알고는 있지만 실천하기 힘든 일인데...,0,2023-11-02T01:25:00Z
@user-love9799,..밥한공기반묵고현타,0,2023-11-02T00:33:10Z
@BethPark-e4f,20kg빼고 유지도 넘 힘드네요 힘네세요 절대 돌아가면 안돼요,0,2023-11-01T23:30:05Z
@시발점-x1p,초고도비만에서 비만이 되셨네요! 노력이 보여 감동했습니다ㅠㅠ,0,2023-11-01T22:46:27Z
@whanjin0h125,몸매가 너무 예뻐요 심지어 목도길어,0,2023-11-01T16:49:28Z
@달려라한량,사귀자ㅋㅋ 응원합니다,0,2023-11-01T16:08:52Z
@규탱이-r1x,먹을걸 어떻게 참지... 대단하다,0,2023-11-01T15:36:31Z
@yspark4286,인간승리다,0,2023-11-01T15:30:34Z
@이은화-m4l,이뻐라 ~  다시는 돌아가지 말아요^^,0,2023-11-01T14:54:40Z
@으잉-t9g,졸라 멋있네,0,2023-11-01T14:41:10Z
@핫한정선,당신을 응원합니다~~!!!!,0,2023-11-01T14:40:01Z
@jjune5921,얼마나 식단할 때 고생했을까.. 숏츠안에 모든걸 담진 못하겠지만 너무 자랑스러워요 🎉,0,2023-11-01T14:29:08Z
@이세상모든동물들을위,와 진짜 대단하십니다.저는 하루다이어트도 못합니다😢😢😢,0,2023-11-01T14:17:53Z
@완두-t2i,화이팅!,0,2023-11-01T14:12:17Z
@신노스케-l3w,수고 많으셨어요 ㅠㅠ 더 수고해주세요!!,0,2023-11-01T14:11:14Z
@mnseyong1120,의지가 대단하세요,0,2023-11-01T14:01:22Z
@sujinlee-z3q,와 정말 너무 멋있어요.. 😢,0,2023-11-01T13:28:47Z
@weufeiei5486,더 빼,0,2023-11-01T13:14:30Z
@도파민중독자-e4o,이상형..,0,2023-11-01T12:49:25Z
@응-b3d,"와 진짜 대단해요!!
그리고 너무 이뻐요 진짜 ❤❤❤",0,2023-11-01T12:48:36Z
@linyi5297,우와 🫢,0,2023-11-01T12:24:49Z
@jelly-pudding,"와.. 정말 이런 모습이 참된 아름다움이라고 할 수 있지 않을까요?
근데 감량하시고 정말정말 존예신데 감량 전에도 이쁘세요!
초면이지만 정말 대단하시다고 생각해요",0,2023-11-01T12:23:55Z
@232cyj,최고의 성형은 다이어트구나~!!,0,2023-11-01T12:13:27Z
@kyokyoring,조금더빼믄대것어~~,0,2023-11-01T12:07:23Z
@johnthebaptist6563,더 퐈이팅!!,0,2023-11-01T12:06:35Z
@후히하-f5l,"100키로때도 그렇게 안보이고 볼륨감넘침
개부럽다",0,2023-11-01T12:01:49Z
@YeJisoo,복권 당첨 축하드립니다. 🎉🎉,1,2023-11-01T11:59:55Z
@김진하-q5c,언니... 타고낫네 이언니...... 진심 복권임..... 얼굴과 바스트......개부럽..,0,2023-11-01T11:22:51Z
@비가와-e4e,와아 복권이셨네 와우 로또세요❤❤❤❤,1,2023-11-01T11:14:38Z
@turtleman1324,이미 76부터 존예❤,0,2023-11-01T11:04:40Z
@송사리-n7o,4초 폰케이스 이름 아시나요😢❤,0,2023-11-01T11:02:01Z
@돼지국밥-v3l,예쁘네 인간 승리다 그렇도다 빼고자 한다면!!!! 그것이 무엇이든 의지가 중요한것이지!!! 예쁘도다!!!,0,2023-11-01T10:39:09Z
@minionverse,예뻐요❤,0,2023-11-01T10:27:06Z
@경원-r6i,댓글열어둔게 대단하네 10키로만더빼면될듯,0,2023-11-01T10:10:18Z
@gime1013,와 더빼면 얼굴 몸매 그냥 완벽할듯..,0,2023-11-01T10:04:24Z
@suholee3596,와...  진짜 대단하십니다 혹시 인스타도 하시나요?,0,2023-11-01T09:57:51Z
@ssongkunzchannel8326,정말 방법이 궁금하지만 역시 정석으로 하신거겠죠?,0,2023-11-01T08:58:29Z
@노노호갱,몸매 너무 이뻐요,0,2023-11-01T08:51:25Z
@SSSSSSSSNI8,전 20키로 넘게 뺏는데 ㄱㅅ 은 다 빠졌는데...😢,0,2023-11-01T08:47:52Z
@곰탱이-u1,"너무 이뻐요
홧팅",0,2023-11-01T08:45:55Z
@loco.a5446,어찌빼셨어요?ㅜ,0,2023-11-01T08:28:47Z
@seven-year7332,"와~~~정말 대단하고, 멋지다🎉🎉🎉👍",0,2023-11-01T08:12:00Z
@AKLKB-g8e,대단하시네 화이팅,0,2023-11-01T07:57:41Z
@김X수,40kg은 진짜 인간승리네여!! 훨씬 더 귀여워지셨어요😀,0,2023-11-01T07:55:28Z
@JazminMSzabo-dr3nx,You are so pretty!❤,0,2023-11-01T07:53:10Z
@이슈와꿀템조,살빼기전도 존예❤❤,0,2023-11-01T07:16:15Z
@영블링-o3h,비결이ㅜ,0,2023-11-01T07:05:01Z
@혜LlLL,노력이 아름답네요😢❤❤,0,2023-11-01T06:57:24Z
@righte1196,와 귀여우심 ㅎㅎ 유지만합시디,0,2023-11-01T06:07:09Z
@Cat_Punch_,인간승리 폼 미쳤다,0,2023-11-01T05:53:15Z
@늙고병든드리블,30키로만더빼자,0,2023-11-01T05:25:43Z
@hatsora,와우,0,2023-11-01T05:23:49Z
@쾌변의요정,와 살빼니까 진짜 예쁘다 👏,0,2023-11-01T03:58:32Z
@6om6ome,진심 멋지다.,0,2023-11-01T03:38:27Z
@서재민-r7y,쭉쭉 빠질때지,0,2023-11-01T03:23:12Z
@이혜라-q9g,"제 몸무게보다 더 빼셨네요
그래도 요요조심하세요
지금도 날씬한건 아니지만 화이팅요!!
전 살찔려고 밤마디 야식 먹고 자는데...",1,2023-11-01T02:46:58Z
@이진우-i4r9f,비결좀 알려주이소 운동1년차 +2kg,0,2023-11-01T01:44:38Z
@우야-l5n,ㅈㄴ 이쁘다 ... 긁지 않은 복권이네요..근데 살 빼기 전에도 충분히 매력있으신거 같음....😍😍,0,2023-11-01T01:13:35Z
@jjujju6566,너무 멋지네요❤ 운동과 식단이 라이프스타일이 되셨길😊,0,2023-10-31T23:32:41Z
@JJJJ0810,와... 진짜 대단하십니다!🎉,0,2023-10-31T23:17:51Z
@바비디부-t2e,진짜 멋있다 대단하시네요,0,2023-10-31T22:23:33Z
@비테-n5y,넘 이뻐요❤,0,2023-10-31T20:42:26Z
@han-xn7bb,"안 긁은 복권인지 확인하는법

살쪄있어도 눈매랑 콧대가 잘 보이면 무조건 복권임 주인장처럼",0,2023-10-31T18:08:11Z
@빵빵-x2l,대견하네여 너무 잘했어요,0,2023-10-31T18:00:42Z
@hallo-im-otter,몸무게가 바뀌는 것을 보니 그저 숫자에 불과하다고 생각이 듭니다 정말 대단하세요👏🏻👏🏻,0,2023-10-31T17:15:42Z
@kkkkkkkkkk8662,화이띵,0,2023-10-31T16:49:35Z
@user-zf8db5zn4m,언니 너무 예쁘고 귀여우시다..❤,0,2023-10-31T16:47:50Z
@이성준-w7e,너무 아름답고 멋지시다!!!!! 꾸준함에 박수를 보내고 ㅠㅠ 본받을게요⭐️⭐️,0,2023-10-31T16:29:53Z
@lampjiny,헐 대박...식단공유해주시면안되나요 ㅠㅠ q&a도 좋구요!!,0,2023-10-31T16:27:05Z
@무명실,겁나 멋지네요!!수고하셨습니다,0,2023-10-31T16:04:20Z
@nanakang3898,살처짐은어떻게하나요? 최대한 운동으로 느리게빼면  괜잖나여?,0,2023-10-31T15:52:01Z
@acne1017,짱,0,2023-10-31T15:45:31Z
@sojung1234,어니 너무 이쁘다 이즈면 다언니,0,2023-10-31T15:38:14Z
@하요잇-k8r,대단하다...... 와우,0,2023-10-31T15:34:29Z
@bbubbu2456,"아무관계없는 그냥 영상속 타인인데
울컥하네요.. 얼마나 이꽉물고 운동했는지
가늠이 되서 감정이입이 살짝들어가서 그런가..
멀리서 박수를 보냅니다",0,2023-10-31T15:24:45Z
@지현-d6l,의지가 대단합니다…👍🏻👍🏻👍🏻,0,2023-10-31T15:21:31Z
@일곱아이,멋있어요 40kg 빼신다고 엄청 힘드셧을꺼 생각하니ㅠ 예전도 지금도 아름다워요~,0,2023-10-31T15:13:17Z
@연이-f1c1n,존경합니다 정말 대단하세요,0,2023-10-31T15:08:16Z
@KMean078,76kg인데 목 길고 팔 얇고 글래머 한거보니 타고 몸매가 정말 이쁘심 ㅜㅠ,0,2023-10-31T14:58:26Z
@동박-u7t,아 더러워 x발,0,2023-10-31T14:54:08Z
@목소리자료,인간승리 폼 미쳤다,0,2023-10-31T14:52:28Z
@제미라스,리스펙,0,2023-10-31T14:40:24Z
@kiak7,대박!,0,2023-10-31T14:37:02Z
@부계정-q6u,"진짜 진짜 존경합니다.
정말 엄청난 노력하느라 수고하셨어요
나도 언젠가 저렇게 살이 빠지길🙏😢",0,2023-10-31T14:22:32Z
@dododo8126-j6v,진짜 애썼다.. 화이팅이에요,0,2023-10-31T14:14:15Z
@아이이-b4o,미친 개멋있어,0,2023-10-31T14:02:49Z
@alphamalenam,살쪘을때가 젤 귀염상인데 앞갔게 왜 뺏대요ㅠㅠ,1,2023-10-31T13:19:05Z
@oooohongggg,언니야 멋지다 👍🏻  앞으로도 빠팅!!,0,2023-10-31T13:15:31Z
@doodobird,수고하셨어요 !! 머싯네여...,0,2023-10-31T13:06:41Z
@단다라-v2h,인간승리의 정석입니다..혹시 식단 어떻게 하셨나요?,0,2023-10-31T13:02:47Z
@미니-m6u,화이팅 정말 예쁘고 멋지세요~!!!❤,0,2023-10-31T12:52:12Z
@크랲레다,오 진짜 막짤은 키스하라면 할수있을거같음,0,2023-10-31T12:47:48Z
@user-gg6eo9mh4k,40kg..진짜 멋지셔요..전 진짜 다이어트 하려고 해도 얼마 못 빼고 포기하고 그러는데 이렇게 열심히 하시는 분 보니까 저도 동기부여가 되는것 같네요...!진짜 너무 대단하셔요!,1,2023-10-31T12:22:38Z
@user삐요,와 육덕,0,2023-10-31T12:18:23Z
@lilypark7798,우와ㅜㅠㅜㅠ 들어갈 데 들어가시고 나올 데는 나오신 볼륨감 있으신 몸을 타고나셨네요ㅠㅠㅠㅠ 한국인에게서 나올 수 없는 체형이신데요 부럽습니당.....,224,2023-10-31T12:17:31Z
@송이방울집사,대단하세요👍👍👍  저도 40키로정도 빼야하는데 진짜 인내심과 정신력이 정말 중요할것같네요 ㅠ,1,2023-10-31T11:27:32Z
@sackuss0314,미드는 그대로네 대박이다 딱 저정도가 육덕지고 보기좋음,1,2023-10-31T11:25:45Z
@cz9856,진짜 살이 일정 이상 쪄버리면 만사가 귀찮아져서 오히려 살빼기가 엄청 힘든데... 진짜 대단하십니다ㅠㅠ 정말 보통사람들 못하는거니까 자신감 더 가지시고 계속 도전하셧음 좋겟어요!,2205,2023-10-31T11:08:17Z
@ses03v,머리숱은 괜찮으신가요? 다이어트하면서 우수수 빠지는 머리카락 양이란... ㅠㅠㅠ,0,2023-10-31T10:39:38Z
@BByong_Ah,진짜 대단하십니다.. 구독 누르고 응원할게요!💪🏻 건강하게 잘 챙겨먹고 운동해주세요😊,0,2023-10-31T10:20:54Z
@짱이-h7v,가슴은 어떻게안되는구낭  살은찐짜성공하긴했는데,0,2023-10-31T09:56:15Z
@arihouse123,대다나다!!!!!,0,2023-10-31T09:50:41Z
@user-ec3zu1wi4x,살 빼기 전 모습도 귀여워용,0,2023-10-31T09:43:18Z
@slowtortoise-H,건강에 점점 다가가는 모습이 멋지시네요,0,2023-10-31T09:15:43Z
@행복한사람-d8i,"정말 대단해요
뭐든 다 잘하실꺼에여
저도 빼야 하는데
부럽습니다 ㅎㅎ",0,2023-10-31T08:55:39Z
@user-tyicovhuo,대단해요 혹시 키가 어떻게 되시나요?,0,2023-10-31T08:48:03Z
@Yellow_Ovo,와...대박 진짜 존경스럽네요,0,2023-10-31T08:35:05Z
@kimhyunsoo7941,존나이쁘다..,0,2023-10-31T08:12:28Z
@마상엔마크카솔,고등학교와서 20kg 쪘는데....저도 뺄 수 있겠죠..ㅠㅠ,0,2023-10-31T06:51:37Z
@소행-q5p,대단해요!진정 아름답습니다 정상체중보다 다이어트하는것보다 수백배 힘든일이였을텐데 !!,0,2023-10-31T06:45:36Z
@선미박-x3m,방법좀알려주세요 전50중반엄마임니다  20 대딸 2명이 있는데  둘다  다이어트가 절실해요,0,2023-10-31T06:15:08Z
@jin8889380,예쁘다😊😊❤❤,0,2023-10-31T06:04:34Z
@heeyounglee3559,이뻐졌어요..😊,0,2023-10-31T05:11:46Z
@cherryhana3515,"40kg 감량 ..부럽고..위대하단 생각이 드네요..운동과 식이요법으로 하셨나요?
저도 다이어트해야 되는데...궁금해서요..",0,2023-10-31T04:33:12Z
@설렘가든,운동법 식단 알려주세요,0,2023-10-31T04:27:06Z
@FGcounter_loveyou,얼굴 자체가 이쁘셔서 어떤 몸무게든 너무 예뻐요!! 대단하십니다 전 2kg 빼는것도 쩔쩔매고 있는..,0,2023-10-31T03:33:00Z
@기린맘-o2f,"와 대단대단 ~~!!
너무 이뻐지셨어요
부럽습니다~~!!",0,2023-10-31T02:12:22Z
@kabun9802,어차피 100%프로 요요올건데 뭔 쓸데없는 고생을ㅋㅋ,0,2023-10-31T01:20:25Z
@오딩딩딩,와. 정말 이쁘게 빼고있는거같아요❤,0,2023-10-31T00:49:14Z
@taehui98,쌀빼니까 더 예쁘네 요 ㅎㅎ 나도 살빼야지 ㅠㅠㅠ,0,2023-10-30T23:32:11Z
@김순보기,이뻐여!!❤,0,2023-10-30T19:59:24Z
@Hamgangster_esfp,와 진짜 너무 멋있어요.. 어떻게 빼신건지 좀 알려주세요ㅠㅠㅠㅠㅜㅜㅜㅠ,2,2023-10-30T19:04:25Z
@리라어,나도진짜해야지,0,2023-10-30T17:40:12Z
@이해바라기-j1b,식단좀알려주세용 영상보고    극도록살빼고싶어졌어요 실패도해봤지만 또도전하고싶네요,1,2023-10-30T16:35:59Z
@DOVV.,40을 뺏는데도 미드가 ㄷㄷ.. 20키로 더빼심 천조국 몸매시겟네여,1,2023-10-30T16:28:27Z
@nonogom123,좀 만 더 힘내세염…50키로대로 들어서면 남자들 줄서것다,0,2023-10-30T15:44:41Z
@MapleIand,빼도 무겁다 😂,0,2023-10-30T15:23:27Z
@mznxbcvalskdjfhg,혹시 다이어트를 하실때 어떤 방식으로 하셨을까요.. ㅠ 전 20정도 빼야하는데 도저히 모르겠네요..,0,2023-10-30T15:22:04Z
@텔라-s9b,살쪄도 개 이쁜데 빼면 초미인되자나 짜증나,0,2023-10-30T14:55:52Z
@성이름-w7l9z,와.. 들어갈데 들어가고 나올데 나오고 몸선이 너무 예뻐요! 무슨 운동 주로 하셨나요?,0,2023-10-30T14:31:00Z
@asdfg_hjk3638,최고에 성형은 다이어트라는데ㄷㄷ,0,2023-10-30T14:13:54Z
@베짱이5101,와~~ 대단하세요 👍,1,2023-10-30T14:01:28Z
@그냥모르겠다-t1q,우와! 예쁜외모가 살속에 숨겨두셨군요.  고생했어요..앞으로 더 화이팅입니다,0,2023-10-30T13:50:05Z
@리하-e4v,감정은 사라지고 결과는 남는다!!! 그동안의 노력이 너무 이뻐요 앞으로도 화이팅하세요! 응원합니다 완전 멋있어요ㅎㅎㅎㅎㅎ❤❤,0,2023-10-30T13:41:52Z
@aoaaaoams,와 정말 건강해보여요! 정말 멋지십니다.,1,2023-10-30T13:23:25Z
@Myprincessluv,이렇게 열심히 사시는 분을 보면 저도 살아갈 힘을 얻어요.. 감사합니다 우리 같이 힘내요!!☺️💗,2,2023-10-30T13:11:47Z
@gjjy-n8k,살쪄도 이쁘고 빼도 이쁘시네요 근육도 만들어보세요 밥 먹어도 살이 쉽게 안찌는 체질로 바뀐답니다😊,0,2023-10-30T13:04:51Z
@제드-c4b,대단하당 멋있어요!,0,2023-10-30T12:29:42Z
@Luna_Luv_S2,와.. 어떻게 다이어트를 하셨는지 놀라울정도로! 엄청 노력하셨네요! 저두 해야하는데 매번 이것저것 핑계된다고 매일매일 최고몸무게 갱신중인데..ㅠㅠ 저도 맘먹으면.... 뺄수 있겠져? ㅠㅠ,0,2023-10-30T12:12:49Z
@land5678,대박 존경스럽네요 증말..ㅠㅠ 근데 본판이 이쁘심❤,1,2023-10-30T12:06:42Z
@rkl6726,저도 비슷하게 감량해야하는데...혹시 어떻게 빼셨는지 여쭈어봐도 될까요,0,2023-10-30T12:02:31Z
@madhongyang,대단합니다!! 응원합니다..멋있어요👍👍👍,0,2023-10-30T11:45:37Z
@dudu4786,살빼면 좋은점이 남들은 어 그래도 뚱뚱한데? 이럴수 있는데 스스로에 대한 자신감이나 만족감이 올라가니까 그냥 너무 행복하고 좋음! 그래서 더 열심히 하게됨.. 저도 52키로 빼고 영상보니까 동질감 드네요 ㅎ,0,2023-10-30T11:20:11Z
@Ch0718_,댓글에 이상한 분들 많은데 상처받지 마세요!! 진짜 멋있고 존경스럽습니다 많이 노력하셨을 것 같아용!,0,2023-10-30T11:09:25Z
@jjongjjo,"와..와..  살엄청빼셨다....   
저는 지금 에프컵인데
살빠질때 가슴부터빠졌음 소원이없겠어요ㅜ
가슴 몇컵줄었어요?",0,2023-10-30T11:02:48Z
@핸젤과그랬데-g6h,와...의지박약 나란년....😢  진짜대단하시다!!!,0,2023-10-30T10:35:12Z
@hyeokhong7813,진짜 멋지고 예쁘네요😊,0,2023-10-30T10:12:16Z
@ttinttinker,"목이 기시네요~
더빼면 여신소리들으실듯~~~",0,2023-10-30T09:57:56Z
@帝栗大仙,와아 끈기와 노력에 찬사를 보냅니다,0,2023-10-30T09:46:01Z
@아응이-l8r,와 진짜 에프터 너무이뿜,0,2023-10-30T09:34:02Z
@쪼꼬-g8g,멋있으세요 혹시 스포츠 브라 추천 가능하신가유???,0,2023-10-30T09:24:58Z
@노래하는설이-l8j,존나이쁘네,0,2023-10-30T09:05:51Z
@수빈정-i8n,"우앙
대단해요 이뻐요~~❤❤",0,2023-10-30T09:00:09Z
@귤-p4z,우와 저도 뱃살빼기도 너무 힘든데 ㅠㅠ 대단하세요,0,2023-10-30T08:59:07Z
@RINA_pretty,헐 엄청 대단하시네용!! 기간은 잘 모르지만 저는 1kg도 빼기 힘든데..,0,2023-10-30T06:46:36Z
@hwangcheese7,축복받은미드..,0,2023-10-30T06:36:19Z
@배고프다밥먹으러가자,"오ㅏ..저랑 똑같이 116이였는데
저도 다이어트로 운동 하루 3~4시간씩 헬스하고 식단해서 똑같이 40을 뺐는데
자라면서 계속 살집있으면 뼈도 같이 자라서 골반이 넓어지나봐요..
빼고 유지하는게 진짜 눈물 여러번 흘려야되긴하는데
옷태를 보면 다시 힘낼수 있는거같아욬ㅣㄱㅋㅋ
안좋은점은..골반이 발달하다보니
엉덩이에 옷을 맞춰서 사야되요..🥲
허리에 맞추면 옷이..😅😅😅",0,2023-10-30T06:26:27Z
@euj-ft5zu,더 ~~~빼요~~~ㅋ  고고~~~ 홧팅ㆍ아자ㆍ빠샤~~~😂😂😂,0,2023-10-30T05:12:18Z
@구구-r3u,저도 다이어트 중인데 보자마자 너무 멋지다고 생각했어요.. 구독해요❤,0,2023-10-30T05:10:06Z
@첼1234,저도 50키로정도뺏는데 처음 한 2~30로는 빠져도 티가 잘 안나더니 30키로 넘어가니까 티가 나더라구여ㅎㅎ 님아 사진보니까 그동안 버틴 생각들이 쭉 지나가네여...ㅎㅎ저도 아직 70키로대라 더 빼야되지만 이젠 방법아니까ㅎㅎ 같이 힘내요^^,0,2023-10-30T04:40:43Z
@wuuuuuuuuuuuuu,개멋있다,0,2023-10-30T04:33:08Z
@koorukooru41,더빼자 아직돼지다,0,2023-10-30T04:16:53Z
@young_and_rich_1,대단하세요!!,0,2023-10-30T03:46:32Z
@대한-l1n,저는 남자이지만 한 달 정도 121kg에서 112kg 뺐는데 40kg 감량 하신 거 진짜 축하드립니다. 어떻게 40kg 빼셨는 지 저한테도 그 비결 좀 알려주세요ㅎㅎ,2,2023-10-30T03:44:46Z
@richcat672,"의지가 대단해요~~^^
건강을 위해 화이팅~😊",0,2023-10-30T02:08:11Z
@ho-eb5rj,의지가 대단한 girl,0,2023-10-30T01:57:56Z
@엄지발가락-t6t,와씨 복권이다!!!!,0,2023-10-30T01:16:40Z
@뭉치루이사랑,역시 최고성형은 다이어트군요  진짜 이뻐요 저도 빼야하는데 왜 운동하려면  다리가아픈건지,0,2023-10-30T01:00:49Z
@니키타-t5u,너무 대단하신거 같아요 10kg 빼는것도 어마어마하게 힘든데 40kg ㄷㄷㄷㄷ,1,2023-10-30T00:26:46Z
@melancholy9796,우오ㅏ,1,2023-10-29T23:07:21Z
@cutiechino6384,살때매 흉부가 큰게아니라 그냥 큰거였다 ㄷㄷ,0,2023-10-29T23:03:04Z
@가위손-w7s,어떻게 빼셨어요??? 초반에 운동 식단 어떻게하셨는지 너무궁금해요 운동은하루 몇시간씩해요?,0,2023-10-29T21:42:05Z
@김뚠뚠이-ISFP,와우!!진짜 대단하시네요ㅠ저도 운동하러가야겠어요 ...ㅠ,0,2023-10-29T19:41:03Z
@HeStory1234,"노력한김에 천상계까지 가자.
최소-25kg, 늘어났던피부 정돈까지하면 다른삶의 시작이다.",0,2023-10-29T17:05:08Z
@GoElonMusk,아지ㅣ멀음 50초까지 가야 길가다 번호따임,0,2023-10-29T16:29:43Z
@이하은-l1r,....아니...살이 빠졌는데도 큐티함과 글래머가 같이 있을 수 있네요...대박..!!,16,2023-10-29T16:09:19Z
@KWLEE-s5i,그러면 40키로 가자!!!!,0,2023-10-29T15:18:19Z
@오리도리3,건강과 행복 둘 다 가지세요!,0,2023-10-29T15:04:05Z
@only4save,대단하십니다 앞으로도 정진!,0,2023-10-29T14:54:53Z
@gusdk9062,사람이 살을 빼면 일단 ×3이 빠졌다고 보면 된다 했어요 지방이 빠지면서 근육이 늘어나기 때문이래요 엄청 노력 하셨을텐데 멋지세요❤,0,2023-10-29T14:31:59Z
@바바-f1r,멋지다.. 난 어케빼지..ㅠㅠㅠㅠ 정말 멋지시네여,0,2023-10-29T14:25:51Z
@user-tu3ls7yi8w,"와 2년전에 인스타에서 보고 그 때도 이쁘셔서 유튜브 첫 영상 보고 구독까지 했었는데 더 이뻐지셨네요!
행복하세요!!",0,2023-10-29T13:36:43Z
@골든크로스-m1k,40키로빼도 남아있네요 축복유전자입니다,0,2023-10-29T10:55:26Z
@user-fs2zx4vk1v,저도 10키로 감량하고 다이어트중입니당 10키로 빼는것도 힘들엇는데40키로는 …대단하시네요 ㅠㅠ👍👍,0,2023-10-29T05:26:15Z
@prgs1948,진짜 멋있어요! 어떤일이든 잘 해나가실 분이시네요,4,2023-10-29T05:12:25Z
@hi7353,"우와... 대단 주욱 유지 하세요.
여자는 날씬게 이뻐요",0,2023-10-29T04:24:59Z
@okidoki1718,"드디어 보석을 세공중.
미모가 살아나는중.",0,2023-10-29T03:45:51Z
@거누거,미드가 ㄹㅇ미쳤네진짜 아름다우세요 진짜로너무너무멋있습니다,1,2023-10-28T23:45:50Z
@ethanhunt2451,뚱뚱하다 보면 다른 쪽으로 미의 집착이 있는듯.. 탈색이나 네일 등. 대체로 다른 뚱뚱한 분들도 비슷한 미용 니즈가 느껴짐,0,2023-10-28T16:56:31Z
@엘런-d9l,키가 어떻게 되세용,0,2023-10-28T15:58:28Z
@fkfkfk123432,배리나가 90키로라니 구라도 정도껏처야지,0,2023-10-28T15:20:28Z
@띠요옹-oo,멋지십니다. 어떤마음가짐이셨는지 궁금해요 쉽지않으셨을텐데..ㅠㅠ,0,2023-10-28T13:21:10Z
@you-um1wl,사랑스럽당~~,0,2023-10-28T11:42:10Z
@qiqi4225,"와근데  원래 좀 나가던 사람들이
운동으로 살 빼면
ㄹㅇ 글래머가 되는 듯...
가슴 없는 사람으로써 너무 부러움
다이어트란 고통의 선물인가...",0,2023-10-28T09:33:20Z
@aabbabbaa,지금도 이쁘지만 20키로 더 빼면 진짜 여신 그 자체일듯,8,2023-10-28T08:50:04Z
@U.end.0,정말 멋지셔요 힘드셨을텐데 끝까지 포기하지 않고 좋은 결과를 받으셨다는게 대단하셔요 앞으로도 화이팅하세요!🫰🏻,1,2023-10-28T06:29:31Z
@tv-du3xy,다이어트는 최고의 성형 이다,0,2023-10-28T03:45:35Z
@팩트폭격기-t3s,고생은 했지만 숨은 보석은 아니였습니다 ~ 꽝 ~,0,2023-10-27T21:48:41Z
@pppppprkkyeon,와 눈빛도 반짝반짝해져요,0,2023-10-27T17:34:24Z
@jinjin01,악플잘다는데 이런사람은 정말 대단하다고 생각한다 이제 사람되셨으니까 좀만 더빼서 남자 후리고 다니셈,0,2023-10-27T17:22:24Z
@boming_48,헉 40kg 감량 너무 대단하세요 !! 혹시 다이어트 후에 튼살 관리는 어떻게 하셨을까요?ㅠㅜ,1,2023-10-27T16:38:05Z
@새봄-v2e,정말대단하다…….😮😮,0,2023-10-27T13:21:36Z
@홍홍-l3z,대단하세요👍  멋지십니당❤,0,2023-10-27T12:46:28Z
@모하메드-v3g,목소리가 너무 매력적이에요. ㅎㅎ,0,2023-10-27T12:22:17Z
@르도-p2o,20만 더 빼봅시다 끝까지 ㅎㅇㅌ,0,2023-10-27T09:32:59Z
@caseson1363,역시 최고의 성형은 다이어트,0,2023-10-27T08:16:38Z
@user-positive_na01,와 대단해요 진짜 존경해요,0,2023-10-27T07:31:51Z
@DYKim-fr4pk,당첨이 보이는 복권…,0,2023-10-27T07:18:56Z
@eventuallyso,대단하다진짜,0,2023-10-27T05:47:59Z
@융심-x1q,고생 하셨어요 ㅠㅠㅠㅠㅠ 4ㅔ키로 감량이 엄청 힘든데 ㅠ,0,2023-10-27T04:00:59Z
@두부딱두부,"저도 105키로에서 현제 72키로에요 
저도 힘들게 30키로 3개월동안 뺐어요",0,2023-10-26T22:36:19Z
@아인-h6g,멋있어요❤,0,2023-10-26T15:33:56Z
@UMJUNSlK,좋아하는거 포기하는게 쉬운일은 아닌데 대단하시네요,0,2023-10-26T15:20:31Z
@르피-o1h,응원추,0,2023-10-26T15:02:49Z
@ifeelthat5879,절대 절대 포기하지 않기로,0,2023-10-26T13:56:14Z
@lsh7311,멋지네요 원래이쁜얼굴이구나,0,2023-10-26T12:54:24Z
@야좀-h9k,어케 빼셧어여ㅠ,0,2023-10-26T11:54:37Z
@햇감자-i7x,몸이 되게 이쁘시다,0,2023-10-26T11:11:38Z
@YiYeon-c6f,와...너무너무 고생하셨어요! ❤몸매가 너무 이뻐용 혹시 키는 몇cm 이실까요??,0,2023-10-26T10:30:19Z
@Bang480220,무슨말이더 필요할까요 멋져요 정말!! ❤3❤,14,2023-10-26T09:57:04Z
@nit508,살을 빼는거 엄청 힘든데 40kg이나..이 영상으로 보지만 엄청 고생했을거 같아요...넘  고생하셨고 어떤 모습이든 이뻐요,5,2023-10-26T09:53:08Z
@coloroutsidethelines818,진짜 멋지셔요 ❤❤,5,2023-10-26T09:50:38Z
@김쪼꼬쪼꼬,와 축하해요🎉,0,2023-10-26T08:08:18Z
@tjddl0912,"다이어트 하기 전에도
예쁘세용 응원합니다❤",1,2023-10-26T07:39:03Z
@baeroy5472,별 차이 엄청있네ㅋㅋㅋ,0,2023-10-26T06:17:08Z
@another_ssol,비포 애프터 몸무게가 똑같아서 너무 반가워요 ㅎㅎ고생많으셨어요!!!,1,2023-10-26T04:35:35Z
@림림쑤,대단해요❤❤❤,0,2023-10-26T03:26:54Z
@Gaon-t7x,"와 40kg.... 정신력으로 버티려고 해도 저라면 포기했을 것 같은데 진짜 대단하세요...!
초반에 나오는 사진들도 예쁘시지만 건강이 조금 염려되었는데 다이어트 성공하신 뒤에는 건강해보이셔서 더 좋은 것 같아요!!",627,2023-10-26T02:41:38Z
@kdskds5682,현재모습에 안주하지 않고 한층더 성장하려는 모습 너무 보기좋습니다 화이팅에요!😊,4,2023-10-26T02:39:20Z
@선우이-o8y,몸매 미쳤어요 아름다워용 ❤❤,0,2023-10-26T01:51:27Z
@good06231,"와...진짜 대단하세요,,,저도 10키로 감량햇는데, 이제는 뭔가 살 쳐짐이 걱정되기 시작했어요ㅠㅠ 따로 부작용은 없으셨나요?",3,2023-10-26T01:19:19Z
@대구의신천지전도사,복권수준이네,0,2023-10-26T00:30:28Z
@yulmuuuuu,와  존경 스럽습니다,0,2023-10-26T00:06:09Z
@justnow5778,🔥🔥🔥🔥,0,2023-10-25T23:31:47Z
@JHan-me7rq,감량전부터 감량하면 이쁠것같은 느낌이 있네,0,2023-10-25T22:40:29Z
@오얼사랑열매혜성,"대단하시네요
이목구비는 그리고 원래도 예쁘셨네요",2,2023-10-25T19:31:47Z
@러블리-h7u,대박,0,2023-10-25T15:54:35Z
@GoGo0486,화이팅!!!!❤,0,2023-10-25T12:54:29Z
@현존하는김치찌개,존경합니다 형님,2,2023-10-25T12:36:19Z
@xodus1235,노력 대단하셔요!!!  다욧 끝나도 유지어터해서 유종의미 거두시길 바랄께요!! 다같이 홧팅,2,2023-10-25T10:31:22Z
@ggisugayfact,한국인이 좋아하는 결말이 아닌디,0,2023-10-25T10:23:32Z
@별이-z7m,"와 이런사람들보면 넘대단한듯
빼는법좀 알려주세오ㅠ",0,2023-10-25T06:53:01Z
@buddababy,저랑 사겨요,0,2023-10-25T02:46:33Z
@tvintp3524,본판이 이쁘시다,0,2023-10-25T01:51:54Z
@이루진-e5v,"혹시  평상시에도  안경쓰시나요?
키161에 60인데  살빼도  안경땜에  이뻐보이지않을까봐 고민합니다

마지막모습  이뻐보여요❤",0,2023-10-25T00:35:44Z
@Tom-zu1st,저도 40키로 빼야하는데....진짜 멋지십니다...저도 힘내보겠습니다,42,2023-10-24T15:05:56Z
@내승윤-v8l,정말 멋져요🎉,5,2023-10-24T15:03:56Z
@이나_n,언니 빼고 나니 넘 이뻐요.. 저 지금 중1인데 키 166에 몸무게가 75정도 되는데 언니 살 빼면서 튼살이나 주름은 안 생겼나요..? 배 틴력이 없어졌다거나..곧 중2 되는데 그 전에 빼야해서요.. 그리고 빼는데 얼마나 걸렸어요??,0,2023-10-24T13:34:16Z
@서은-d6e,왕젖이네,0,2023-10-24T09:48:13Z
@Hoduhouse,멋있어요..! 알고리즘으로 떳는데 더 건강하고 활기차보여요!! 의지와 노력 진짜 최고시네여!!🎉🎉,424,2023-10-24T09:37:05Z
@영란-q7g,칭찬해주고 싶은...❤❤❤,0,2023-10-24T07:32:04Z
@김원빈1,30초도 안되는 영상이지만 그 동안 얼마나 고생하셨을까 가늠이 안되네요 어느 방면으로도 아름답습니다,13339,2023-10-24T07:20:07Z
@가나다-c4f7u,중간에 염색하시고 하늘색 가디건 입고 계신 모습 너무 예쁘세요! 다이어트 쉽지 않은데 정말 대단하십니다!,218,2023-10-23T17:07:50Z
@wjstjf,노력하는 당신은 아름다워요,1,2023-10-23T15:35:48Z
@언지-k7i,멋있네요. 많이 힘들고 지치는 순간들에 연속이셨을 것 같은데 노력에 박수를 보냅니다.,40,2023-10-23T15:22:22Z
@손영우-g6o,"여성스러우면서도 화사하시네요,",1,2023-10-23T12:34:22Z
@MyHypeLife,츄 닮았어요!,0,2023-10-23T04:50:56Z
@ninaninanigorillaya,너무 멋지세요!!!!!!! 몸매 너무 예뻐용,0,2023-10-23T04:36:05Z
@Cloud_J0213,홧팅이에요!! 응원합니다❤,0,2023-10-22T09:13:56Z
@선우민-x3z,초고도 비만은 본인의지로 빼기힘든데 40kg ㄷ ㄷ .. 대단하십니다,5708,2023-10-21T14:04:21Z
@윤대호-o4x,진짜 엄청이쁘시네,2,2023-10-21T13:33:27Z
@주식잘하고싶다-u1y,얼굴 자체가 너무 이쁘시네요.,2,2023-10-21T10:46:49Z
@susan022888,대단하시네요😮 같이 운동해서 노하우 좀 배우고 싶네요,0,2023-10-20T03:23:24Z
@mmoon50,복권이시네,0,2023-10-20T00:40:32Z
@박응웅,뭘해도 될 지지배 응원할게,25,2023-10-20T00:32:04Z
@interute,대단하세요!! 너무 이뻐욥!! 그리고 운동하실때 정말 멋있어요,0,2023-10-20T00:17:08Z
@전주댁-i5d,다이어트비법좀알려주실수있으세요,0,2023-10-20T00:00:17Z
